PMID,DOI,PubMed URL,Title,Abstract,Authors,Publication Year,Journal,Publication Types,Language,MeSH Terms,Keywords,Screening Decision,Exclusion Reason,Screening Notes
42547994,10.1111/1556-4029.70424,https://pubmed.ncbi.nlm.nih.gov/42547994/,Forensic psychiatric evaluation of legal capacity in older adults: Clinical and cognitive correlates.,"Forensic psychiatric evaluation of capacity is commonly requested in clinical practice, particularly in relation to financial decision-making and power of attorney. However, empirical data describing real-world assessment processes and associated clinical factors remain limited. This study examined patients referred for forensic psychiatric evaluation of capacity in a specialized outpatient setting and explored the relationship between routinely administered cognitive screening measures and clinical determinations. A retrospective analysis was conducted on 1247 individuals aged 60-98 years who underwent evaluation between 2020 and 2026. Sociodemographic characteristics, clinical assessments, and results of cognitive screening tools-including the Standardized Mini-Mental State Examination (MMSE), Verbal Fluency Test, and Clock Drawing Test-were analyzed in relation to clinical capacity determinations. Most individuals (90.9%) were assessed as possessing capacity, while 9.1% were considered to lack capacity and were recommended for guardianship. Individuals lacking capacity were older, had fewer years of education, and demonstrated lower performance across all cognitive measures. In multivariable analyses, MMSE and verbal fluency scores were associated with clinical determinations of capacity, whereas demographic variables were not independently associated. ROC analyses showed that MMSE had the highest discriminatory performance among individual measures. Cognitive screening results were interpreted as supportive information within a comprehensive forensic evaluation rather than as standalone determinants of legal capacity. These findings reflect routine clinical practice and highlight the importance of integrating cognitive, clinical, and contextual factors in forensic capacity assessments.",Mehmet Murat Kırpınar; Zeynep Özge Dağoğlu; Sarp Yoldaş; Merve Rana Altunel Ülkü; İrem Yıldırım; Ömer Faruk Demirel,2026,Journal of forensic sciences,Journal Article,eng,,MMSE; cognitive assessment; decision‐making capacity; forensic psychiatry; older adults; power of attorney,,,
42576161,10.1002/alz.71733,https://pubmed.ncbi.nlm.nih.gov/42576161/,Multidimensional workplace stressors differentially impact cognitive trajectories.,"INTRODUCTION: Little research has assessed detailed occupational exposures in relation to the dementia exposome. We characterized patterns of multidimensional workplace stressors in relation to cognitive trajectories and racial disparities.
METHODS: We included 704 participants from the Michigan Cognitive Aging Project (MageT1 = 63.32 ± 2.99). Main lifetime occupations were linked to 26 Occupational Information Network-measured workplace stressors. Latent profile analysis identified stressor profiles. Global cognition was measured with a comprehensive neuropsychological battery. Latent growth curve models assessed how stressor profiles related to cognitive trajectories. We examined racial differences in profile membership and profile-cognition associations.
RESULTS: Five profiles emerged. Black participants were more likely to show higher-stress profiles; this difference was explained by education. The profile with low job control/limited other stressors had the lowest initial cognition, especially among Black participants. The profile with high emotional labor/job demands had the fastest cognitive decline.
DISCUSSION: Workplace stress is a relevant, under-recognized aspect of the dementia exposome.",Monica E Walters; Kiana A Scambray; Jordan D Palms; Robrielle M Pierce; Ketlyne Sol; Laura B Zahodne,2026,Alzheimer's & dementia : the journal of the Alzheimer's Association,Journal Article,eng,"Aged; Female; Humans; Male; Middle Aged; Black or African American / psychology; Cognition; Cognitive Aging / psychology; Cognitive Dysfunction / psychology; Michigan; Neuropsychological Tests; Occupational Stress / psychology; Socioeconomic Disparities in Health; Stress, Psychological; Working Conditions; Workplace / psychology",O*NET; attention; cognitive aging; episodic memory; exposome; heterogeneity; occupational exposures; racial disparities; socioeconomic status; stressors; verbal fluency; working memory,,,
42463231,10.1093/aje/kwag168,https://pubmed.ncbi.nlm.nih.gov/42463231/,Time Trends in Susceptibility to Scams in Community-Dwelling Older Adults.,"This study examined the time trends of susceptibility to scams across 4 birth cohorts in the US that span between 1925 and 1944. Data came from community-dwelling older adults without dementia participating in an epidemiologic cohort study of aging and dementia. A 5-item instrument for scam susceptibility assessed participants' scam related behaviors and perceptions, such as how they manage phone calls from telemarketers, and whether they agree with claims that are unrealistically good. To capture time trends, age- and education-standardized mean scam susceptibility score was computed for each birth cohort and compared across the cohorts. Of the 1037 participants included, 280 were born between 1925-1929, 248 between 1930-1934, 279 between 1935-1939, and 230 between 1940-1944. The mean scam susceptibility scores trended downward monotonically from the earliest to the most recent cohorts. The results are robust to age distributions, analytic approaches, or cognitive impairment status. In conclusion, older adults of more recent birth cohorts report fewer behaviors linked to scam susceptibility. This study suggests that scam susceptibility appears to be a function not only of individual-level factors but also reflective of shared life experiences. More broadly, scam susceptibility is amenable to interventions effective at the population level.",Lei Yu; Lianlian Du; Tianhao Wang; Gary Mottola; Christopher C Stewart; Peter A Lichtenberg; Francine Grodstein; David A Bennett; Patricia A Boyle,2026,American journal of epidemiology,Journal Article,eng,,Aging; Birth cohorts; Susceptibility to scams; Time trends,,,
42541028,10.26828/cannabis/2026/000372,https://pubmed.ncbi.nlm.nih.gov/42541028/,Sleep Motives and Expectancies for Cannabis Use in Pregnancy.,"OBJECTIVE: Sleep difficulties are a common motive for cannabis use during pregnancy. However, evidence supporting cannabis use as an effective sleep aid is limited, while substantial research demonstrates the efficacy of cognitive behavioral treatments. This study characterized the sleep complaints of adults using cannabis during pregnancy to inform prevention and intervention efforts.
METHOD: Pregnant adults reporting cannabis use (a) in the month prior to or (b) after becoming pregnant were recruited from across the United States between May and August of 2025. Participants completed a cross-sectional research survey, and those who passed all fraudulent responding criteria were included in data analysis. Descriptive statistics, chi-square, and t-tests compared the demographic and clinical characteristics of pregnant adults who did and did not report using cannabis to help their sleep.
RESULTS: Of the 210 valid respondents (100% assigned female at birth, 93% cisgender; age M = 29.3 years; 53% White, 38% Black; 58% in second trimester), 185 persisted in cannabis use during pregnancy and 119 reported using ""mostly"" or ""almost always"" to help their sleep. Those using cannabis for sleep reported greater insomnia severity, earlier bedtimes, and more wake after sleep onset than those using cannabis for other reasons, but they were less likely to report taking >30 minutes to fall asleep, consistent with expectancies that cannabis would help their sleep. Three out of four using cannabis for sleep (78%) expressed interest in alternative sleep treatments.
CONCLUSIONS: Sleep is a common reason for cannabis use during pregnancy that appears to be a promising target for prevention and intervention efforts.",Mary Beth Miller; Margaret Lloyd Sieger; Katie R Moskal; Emily Marut; Shikha Gupta; Andrea M Wycoff,2026,"Cannabis (Albuquerque, N.M.)",Journal Article,eng,,child; insomnia; marijuana; sleep health; women,,,
42166734,10.1093/geronb/gbag090,https://pubmed.ncbi.nlm.nih.gov/42166734/,Decomposing trust-related decision making: dimensionality and predictability of phishing susceptibility in an adult lifespan sample.,"OBJECTIVES: Email phishing is a major source of fraud, costing individuals and organizations billions of dollars each year. Older adults are disproportionately vulnerable to phishing and are frequently targeted by scammers. As phishing increases in sophistication, there is a growing need to understand the decision-making processes behind phishing susceptibility: What makes someone susceptible to phishing? Can their susceptibility be predicted, and does phishing susceptibility increase with age?
METHODS: To address these important research questions, we take a data-driven approach, fitting a series of neural network models to data from an adult lifespan sample of human decision-making behavior in a phishing email detection task with demonstrated ecological validity. By varying the size of hidden layers in the neural networks, we systematically investigated the dimensionality of phishing susceptibility, asking how many characterizing features of a participant and an email are needed to predict successful detection of phishing emails. We further examined how these dimensions correlated with signal detection metrics and age to elucidate their psychological significance.
RESULTS: As few as 6 dimensions captured almost half the variability in the data. 2 dimensions were differentially associated with sensitivity and criterion. 3 dimensions showed significant but distinct correlations with age.
DISCUSSION: Phishing susceptibility is low-dimensional and moderately predictable. Multiple dissociable components contribute to phishing detection, with age exerting distinct, component-specific influences. This work illustrates the utility of neural network modeling for uncovering latent structure in phishing susceptibility and advances understanding of trust-related decision making in adulthood and aging.",Shensheng Wang; Ziad Hakim; Didem Pehlivanoglu; Natalie C Ebner; Matthew D Grilli; Robert C Wilson,2026,"The journals of gerontology. Series B, Psychological sciences and social sciences",Journal Article,eng,"Humans; Decision Making / physiology; Aged; Trust / psychology; Female; Neural Networks, Computer; Adult; Male; Electronic Mail; Middle Aged; Aging / psychology, physiology; Deception; Aged, 80 and over; Young Adult; Signal Detection, Psychological",Aging; Cyber security; Deception detection; Fraud; Neural network modeling,,,
41621076,10.1080/13607863.2026.2620032,https://pubmed.ncbi.nlm.nih.gov/41621076/,Anxiety and depressive symptoms differentially moderate the relationship between cognitive reappraisal and financial exploitation vulnerability in older adults.,"OBJECTIVES: Financial exploitation (FE) vulnerability in older adults is a growing public health concern and may signal future cognitive decline. This study investigated the associations between FE vulnerability and cognitive reappraisal and whether this varies by anxiety and depressive symptoms.
METHOD: One hundred and fifty-two older adults without dementia completed the Perceived Financial Vulnerability Scale (PFVS), Emotion Regulation Questionnaire-Cognitive Reappraisal subscale, Generalized Anxiety Disorder-7 (GAD-7), and Patient Health Questionnaire-9 (PHQ-9). Hierarchical regressions tested associations between FE vulnerability, reappraisal, and anxiety and depression levels. Moderation analyses evaluated whether mood symptomatology influenced the PFVS-reappraisal link, followed by simple slopes and Johnson-Neyman analyses. Models were adjusted for age, sex, race, education, and income.
RESULTS: FE vulnerability was associated with cognitive reappraisal (β=-0.33, p = 0.047) and anxiety (β=0.34, p < 0.001). The PFVS-reappraisal association was moderated by anxiety (β=0.21, p = 0.005) and depressive symptoms (β=-0.12, p = 0.033). Greater reappraisal was linked to reduced PFVS at lower anxiety (β=-0.52, p = 0.012) and higher depression (β=-0.53, p = 0.020). Johnson-Neyman analyses identified significance for anxiety scores (GAD-7) between 1 and 6 and depression scores (PHQ-9) above 4.
CONCLUSION: FE vulnerability was associated with cognitive reappraisal and moderated by anxiety and depression. Emotion regulation interventions may reduce FE vulnerability, particularly among older adults with lower anxiety or higher depressive symptoms.",Melanie Leguizamon; Jenna Axelrod; Belinda Y Zhang; Daisy T Noriega-Makarskyy; Cassidy P Molinare; Emma Oyen; Jordan T Williams; Laura Mosqueda; Mark Lai; S Duke Han,2026,Aging & mental health,Journal Article,eng,"Humans; Female; Aged; Depression / psychology; Male; Anxiety / psychology; Emotional Regulation / physiology; Aged, 80 and over; Aging / psychology; Cognition",Financial exploitation; aging; anxiety; cognitive reappraisal; depression,,,
41400847,10.1177/00914150251401492,https://pubmed.ncbi.nlm.nih.gov/41400847/,"Early-Life Famine Exposure, Financial Literacy, and Retirement Planning: Evidence from China.","This paper documents the early-source determinants of retirement planning and financial literacy in China. Taking the 1959-1961 China Famine as a natural experiment, it compares the probability of retirement planning and the level of finance literacy in 2014 for the famine-affected cohorts (1953-1961) with those non-affected cohorts (1962-1963) born in provinces with varying famine severity. Taking advantage of a newly added module in 2014 China Family Panel Studies to construct a measure of financial literacy, this paper finds that nutritional deprivation in utero and during early childhood negatively affects financial literacy in older age. As a result of lower financial literacy, these individuals also report lower likelihoods of retirement planning. Further investigations suggest that impairments of cognitive ability are a likely channel through which famine impacts financial literacy and retirement planning, consistent with the notion that the cost of developing a retirement savings plan is higher for cognitively disadvantaged individuals.",Haopeng Sun; Yuanhua Xu,2026,International journal of aging & human development,Journal Article,eng,"Humans; Retirement / statistics & numerical data, economics; China; Famine / statistics & numerical data; Female; Male; Aged; Literacy / statistics & numerical data; Starvation",Early-life experience; cognitive ability; financial literacy; retirement planning; the China famine,,,
42277578,10.1176/appi.neuropsych.20250087,https://pubmed.ncbi.nlm.nih.gov/42277578/,Diffusion Tensor Imaging Correlates of Financial Capacity Instrument-Short Form Completion Time in Mild Cognitive Impairment.,"OBJECTIVE: The capacity to complete financial tasks accurately and efficiently is fundamental to financial independence; however, early declines in the progression of Alzheimer's disease may contribute to personal financial loss, risk for elder abuse, and increased caregiver burden. Slower performance on measures of financial capacity may reflect early disease-related changes, foreshadowing subsequent cognitive decline. The authors investigated the relationship between the time needed to complete financial tasks and white matter tract diffusion characteristics among older individuals with or without mild cognitive impairment (MCI).
METHODS: Fifteen participants with MCI and 15 healthy control participants completed diffusion MRI scans, a neuropsychological assessment, and the Financial Capacity Instrument-Short Form (FCI-SF). In analyses of data adjusted for demographic characteristics, Geriatric Depression Scale scores, and FCI-SF total score, the authors used diffusion tensor imaging to investigate correlations between the time needed to complete financial tasks and diffusion characteristics of white matter tracts terminating in the angular and fusiform gyri.
RESULTS: FCI-SF completion times were significantly prolonged among participants with MCI compared with healthy control participants. The two groups did not significantly differ in diffusion metrics across the selected white matter tracts. FCI-SF total completion time was significantly correlated with multiple diffusion metrics in the arcuate, vertical occipital, and inferior longitudinal fasciculi of individuals with MCI.
CONCLUSIONS: Completion time measures of the FCI-SF may reflect early disease-related changes in white matter tracts implicated in reading and arithmetic performance.",Daniel A Stevens; Kylie Alm; Arnold Bakker; Vidyulata Kamath; Kevin J Manning; George W Rebok; Paul B Rosenberg; Milap A Nowrangi,2026,The Journal of neuropsychiatry and clinical neurosciences,Journal Article,eng,,Alzheimer’s Disease; Cognitive Disorders; Financial Capacity; Mild Cognitive Impairment,,,
42312061,10.3389/fpsyg.2026.1823279,https://pubmed.ncbi.nlm.nih.gov/42312061/,"Participant versus informant reports of changes in social, emotional, and financial functioning after an exercise intervention with older adults: an actor-partner interdependence model analysis.","Informant reports are potentially valuable, yet underutilized, measures for non-cognitive outcomes in older adults. Specifically, informant reports from close others may offer insights into changes in observable functional status and behavior beyond what participants report. In the context of an experimental exercise protocol in older adults, informant reports could potentially demonstrate changes in functional status and behavior that are unnoticed by participants but observable by others, based on the reliability of some informant report measures in this population. Given the interdependence of self-report and informant-report measures of a participant's behavior, this study aimed to investigate the association between self-report and informant-report measures across an experimental exercise protocol by utilizing an Actor-Partner Interdependence Model (APIM) approach to concurrently analyze the report styles. A total of 273 participants (61.17% Female, 91.57% White, M age = 67.92) and 117 informants (primarily spouses and/or family members) participated in the study. Participants completed a 16-week exercise program. Participants were asked to report on their life satisfaction, financial capacity, and problems with daily functioning at baseline and the end of the program, while informants were asked to report on their interpretation of the participant's life satisfaction, financial capacity, and problems with daily functioning at the same timepoints. APIMs showed that higher informant-reported baseline life satisfaction was associated with higher participant self-reported life satisfaction following the 16-week experimental protocol. In contrast, there was divergence in self-reported and informant-reported financial capacity. Higher baseline informant reports were associated with lower informant follow-up reports but higher participant follow-up reports. Finally, daily functioning was more aligned. Participants saw an overall decrease in problems with daily functioning from baseline to follow-up, and higher participant baseline reports of problems with daily functioning were associated with lower follow-up reports in both participants and informants. The analysis shows that the APIM effectively captures concordance and discrepancy between report styles and suggests APIM may be an effective tool to most accurately interpret outcomes in older adults when both self-report and informant-report measures are collected.",Kyle A Chrystal; Margy Y Chen; Angela D Bryan; Carillon J Skrzynski,2026,Frontiers in psychology,Journal Article,eng,,daily functioning; dyad; financial capacity; life satisfaction; older adults,,,
42282091,10.1177/18911803261450613,https://pubmed.ncbi.nlm.nih.gov/42282091/,PROTOCOL: Financial Literacy Programmes for the Ageing Population: An Evidence and Gap Map.,"This is the protocol for a Campbell evidence and gap map. The objectives are as follows: to identify and describe the available evidence on interventions designed to improve financial literacy, digital financial skills, financial decision-making, and resilience to fraud and abuse among older adults; map the scope and focus of existing research, including the type of interventions implemented, target populations, delivery modalities, and contextual factors; assess the quality of the types of evidence available, including randomised and non-randomised controlled trials, as well as qualitative studies exploring the effectiveness and acceptability of financial literacy interventions; identify evidence clusters where sufficient studies exist to support further synthesis (e.g., systematic reviews or meta-analyses) and highlight evidence gaps where additional primary research is most needed, and; provide a structured and accessible resource for policymakers, practitioners, researchers, and advocacy groups to inform the design, adaptation, and implementation of financial literacy programmes for older adults.",Carina Fernandes; Isabel Silva; Inês Gomes,2026,Campbell systematic reviews,Journal Article,eng,,"older adults, financial literacy, digital financial literacy, financial abuse, financial vulnerability",,,
42222908,10.1080/13607863.2026.2674971,https://pubmed.ncbi.nlm.nih.gov/42222908/,Online safety challenges in dementia and mild cognitive impairment: a scoping review.,"OBJECTIVES: People with dementia or mild cognitive impairment (MCI) are increasingly using the internet, but cognitive and functional changes may amplify online safety risks. This scoping review mapped academic evidence and publicly available guidance on online safety for people affected by dementia/MCI.
METHOD: In April 2025, seven databases and Google Scholar were searched for academic studies. Publicly available guidance was identified via Google and targeted searches of relevant organisations. Academic studies were synthesized narratively, and public resources underwent content analysis.
RESULTS: Of 2,014 academic articles screened, 13 were included. Studies were organised into three themes: 1) 'Vulnerability to scams and misinformation', including cybercrime victimisation, malicious links, inadvertent sharing of personal details, and misleading content; 2) 'Online harms', including psychological distress from negative interactions and upsetting content; and 3) 'Safeguarding approaches', characterised by labour-intensive, carer-led monitoring and reactive strategies. The 14 publicly available resources focused primarily on email, social media, and scams, but offered limited guidance on managing distressing content, misinformation, online abuse, or decisions around sharing login information.
CONCLUSION: Evidence on online safety for people with dementia/MCI remains limited. Our review highlights the importance of co-designed online safety initiatives, effective moderation, improved technology design, and policy supporting safe digital engagement.",Catherine V Talbot; Gemma Lovett; Michelle Heward; John McAlaney; Melissa Brunner; Esther V Loseto-Gerritzen,2026,Aging & mental health,Journal Article; Review,eng,,Cognitive impairment; cybersecurity; digital literacy; internet; online harm,,,
42171614,10.1080/08959420.2026.2673826,https://pubmed.ncbi.nlm.nih.gov/42171614/,The Limits of Signposting: Financial Capacity and Responsibility in Later Life Social Care.,"The ability to manage money is crucial for independent living in later life, yet financial capacity often declines with age and cognitive impairment. This study explored how social care practitioners in England understand and enact responsibilities when older people experience difficulties managing money. Data from 28 semi-structured interviews with practitioners across local authorities, housing, homecare and voluntary organizations were analyzed via thematic analysis and triangulated with 19 professional guidance documents. Practitioners commonly recognized financial difficulties but felt untrained and uncertain about their role. Most reported ""signposting,"" i.e. directing older people elsewhere rather than offering support, despite often not knowing which services could help. Professional guidance emphasized empowerment and safeguarding but provided little practical direction for routine financial support. The paper argues that signposting functions as an institutional mechanism that deflects responsibility for financial wellbeing, leaving many older people in a ""missing middle"" between financial inclusion policy and safeguarding. Strength-based approaches risk reinforcing this neglect. Policies should clarify practitioner roles, expand workforce training on financial capacity, and integrate social care with financial inclusion and consumer protection agendas. Supporting financial capability in the presence of cognitive decline must become a core element of aging and social care policy.",Alex Hall; Debora Price; Christina Straub; Nicola Glover-Thomas,2026,Journal of aging & social policy,Journal Article,eng,,Cognitive decline; dementia; finance; financial capacity; financial inclusion; instrumental activities of daily living; mental capacity; money management; signposting; social care,,,
42143672,10.1080/08959420.2026.2673828,https://pubmed.ncbi.nlm.nih.gov/42143672/,Supporting and Representing Older Adults in Healthcare and Financial Matters: Experiences of Informal Caregivers in the Netherlands with Decision-Making and Legal Measures.,"As populations age, more older adults require support with decision-making, often relying on informal caregivers. This multi-methods study explores how informal caregivers in the Netherlands participate in healthcare and financial decision-making for older adults, what factors are associated with their involvement in the decision-making process, and how different legal measures facilitate their participation in decision-making. Drawing on survey data from 815 caregivers and 13 in-depth interviews, the study identifies various types of involvement - from supported to substituted decision-making - with mutual decision-making as a distinct category. Participation is affected by the type, complexity and impact of decisions, the older adult's decision-making abilities, wishes and preferences, and the involvement of others. The need for legal authority varies by relationship and caregiving role. While ex lege measures generally suffice for medical decisions, financial matters often require voluntary measures, which appear inconsistently recognized in practice. When voluntary arrangements are not feasible, adult guardianship measures may offer legal clarity. Although some international rights bodies call for the abolition of substituted decision-making regimes like adult guardianship, this study highlights their practicality in certain contexts. The findings call for legal and policy frameworks that both empower informal caregivers and safeguard the well-being of older adults.",R Nieuwboer; T C Peetoom; C C J H Bijleveld; S Teunisse; E M Sizoo,2026,Journal of aging & social policy,Journal Article,eng,,Adult guardianship measures; cognitive decline; ex lege measures; informal caregivers; legal representatives; substituted decision-making; supported decision-making; voluntary measures,,,
41863328,10.1093/geronb/gbag046,https://pubmed.ncbi.nlm.nih.gov/41863328/,The Social Iowa Gambling Task: a promising tool for assessing deception detection in real-world contexts in adulthood.,"OBJECTIVES: Deception detection represents a complex form of social decision making under uncertainty with real-world consequences. Yet reliable tools to identify vulnerability to fraud and exploitation, marked by large individual variability, particularly among older adults, remain limited. Using a short, scalable laboratory task, the Social Iowa Gambling Task (sIGT), we tested whether adaptive social decision making predicts interpersonal and technologically mediated deception detection.
METHODS: Younger and older adults from a single cohort (Lie Task: N = 153; Deepfake Task: N = 149) completed the sIGT, assessing decision-making in the presence of congruent or incongruent facial trustworthiness cues. Participants judged the veracity of emotional pleas (Lie Task) and face images (Deepfake Task). Deception detection accuracy was analyzed using generalized linear mixed-effects models.
RESULTS: Higher sIGT performance predicted greater lie detection accuracy for deceptive, but not truthful, videos, indicating selective sensitivity to misleading cues. Performance under incongruent facial-cue conditions, requiring resistance to trustworthiness bias, showed a stronger relationship with Lie Task accuracy. For the Deepfake Task, higher sIGT scores were associated with greater discernment of deepfakes from real faces, without moderation by facial-cue condition. For both tasks, predictive effects of sIGT performance were age-invariant.
DISCUSSION: Study findings indicate that adaptive social decision-making can predict abilities to detect deception perpetrated through lying and AI-based deepfakes. Results suggest that the ability to adapt under conflicting social cues appears central to resisting lies. As a brief, standardized, and scalable laboratory measure, the sIGT shows promise for identifying individual vulnerability to deception and guiding tailored intervention strategies.",Vanessa Frei; Nichole R Lighthall; Ryan Faulkner; Dalia El-Shafie; Tian Lin; Leanne Ten Brinke; Robert C Wilson; Natalie C Ebner,2026,"The journals of gerontology. Series B, Psychological sciences and social sciences",Journal Article,eng,Humans; Female; Male; Aged; Decision Making; Adult; Deception; Young Adult; Gambling / psychology; Cues; Lie Detection / psychology; Middle Aged; Trust / psychology; Facial Recognition; Facial Expression,Adaptive social decision making; Cognitive flexibility; Ecological validity; Susceptibility to deception; Truth bias,,,
42083879,10.1177/13872877251394324,https://pubmed.ncbi.nlm.nih.gov/42083879/,The association of adverse childhood experiences and life course relationship quality with late-life cognitive health: Moderation by race/ethnicity and gender.,"BackgroundAdverse childhood experiences (ACEs) may increase Alzheimer's disease risk. How particular ACEs differentially relate to cognition and what role life course relationship quality (LCRQ) plays are unclear.ObjectiveAssess how ACEs subgroups relate to cognition and whether associations are impacted by LCRQ.MethodsAdults (ages 50-64 at baseline) from the Health and Retirement Study participated (n = 3225; 2006/2008 = baseline; 2018/2020 = follow-up). Latent class and profile analyses identified ACEs and LCRQ subgroups, respectively. Linear and multinomial logistic regressions related ACEs and LCRQ subgroups to global cognition, cognitive impairment, not dementia (CIND), and dementia at follow-up.ResultsWe identified 4 ACEs (High Adversity, Family Disruptions, Elevated Household Trauma, Low Adversity) and 3 LCRQ (""Strong"", ""Mixed"", ""Weak"" Ties) classes. Racially/ethnically minoritized adults were more likely to belong to Family Disruptions and Weak Ties classes than White adults. Participants with Family Disruptions (versus Low Adversity) had worse cognition (global: b = -0.78, 95% CI [-1.19;-0.37]; CIND: RRR = 1.50, 95% CI [1.13;1.99]); controlling for LCRQ and sociodemographics attenuated associations. Participants with Weak Ties (versus Strong) had worse cognition (global: b = -2.90, 95% CI [-3.53;-2.26]; CIND: RRR = 3.16, 95% CI [2.12;4.70]; dementia: RRR = 3.64, 95% CI [1.92;6.90]); associations were not explained by covariates.ConclusionsFamily Disruptions negatively impacted cognition, but associations were attenuated by sociodemographics. Assessing life course resources as contributors to resilience may help explain the untenable ACEs-cognition association. However, negative LCRQ was consistently harmful to cognition. Targeting life course social relationships may benefit cognition.",Monica E Walters; Roger Wong; Kiana A Scambray; Toni C Antonucci; Wassim Tarraf,2026,Journal of Alzheimer's disease : JAD,Journal Article,eng,,Alzheimer's disease; adverse childhood experiences; cognition; dementia; family; health inequities; interpersonal relations; life course perspective,,,
42204867,10.1002/alz.71461,https://pubmed.ncbi.nlm.nih.gov/42204867/,Do white matter hyperintensities account for the relationship between discrimination and memory?,"INTRODUCTION: Racial discrimination (RD) relates to poorer memory, but underlying mechanisms are unclear.
METHODS: Participants included 321 Black adults age 55+ from the Michigan Cognitive Aging Project. RD was operationalized with the Major Experiences of Lifetime Discrimination scale. Subjective memory was measured with the Memory Functioning Questionnaire. Episodic memory was a composite of list learning, story memory, and visual memory tests. White matter hyperintensities (WMHs) were quantified from T2 fluid-attenuated inversion recovery (FLAIR) images. Mediation models examined whether WMHs mediate the associations of racial discrimination on subjective and objective memory.
RESULTS: More RD was associated with higher WMH volume. In turn, higher WMH volume was associated with worse objective, but not subjective, memory. Independent of WMH, more RD was associated with worse subjective, but not objective, memory.
DISCUSSION: RD is an important intervention target to improve cognitive health equity and reduce WMH burden. RD may influence objective memory through vascular and/or inflammatory mechanisms.",Robrielle M Pierce; Kiana A Scambray; Jordan D Palms; Monica Walters; Ketlyne Sol; Noah Green; Sanaa Stough Lacking; Mohamad Alshiko; Adam Brickman; Laura B Zahodne,2026,Alzheimer's & dementia : the journal of the Alzheimer's Association,Journal Article,eng,"Humans; White Matter / pathology, diagnostic imaging; Female; Magnetic Resonance Imaging; Memory / physiology; Male; Aged; Racism / psychology; Middle Aged; Black or African American; Neuropsychological Tests; Memory, Episodic",cognition; episodic memory; health disparities; older adults; subjective memory; white matter hyperintensities,,,
41175412,10.1080/07317115.2025.2581762,https://pubmed.ncbi.nlm.nih.gov/41175412/,Objective and Subjective Visual Difficulties and Financial Exploitation in Older Adults.,"OBJECTIVES: Financial exploitation (FE) is associated with negative social and health consequences. This study examined the relationship between objective/subjective vision abilities and FE vulnerability among older adults.
METHODS: 97 community-dwelling older adults aged 60 and over completed self-report questionnaires assessing subjective vision difficulties, FE vulnerability, and history of FE experiences. Additionally, participants underwent objective vision assessments (distance, near and contrast sensitivity) conducted by a certified gerontological optometrist.
RESULTS: Multiple linear regression and logistic regression models showed that self-reported vision difficulties were associated with FE vulnerability (β = .355, p < .001) and self-reported FE experiences (OR = 7.866, p = .005), while objective vision measures were not.
CONCLUSIONS: Self-perceived vision difficulties are more strongly linked to FE than objective measures. Subjective vision may reflect a cognitive averaging of vision ability not fully captured in well-controlled environments characteristic of objective assessments.
CLINICAL IMPLICATIONS: These findings advance our understanding of FE risk factors by highlighting the importance of subjective vision abilities, and suggest practical approaches for identifying and supporting at-risk older adults through patient-reported visual assessments.",Nava Mironi; Gali H Weissberger; Yoav S Bergman,2026,Clinical gerontologist,Journal Article,eng,"Humans; Aged; Male; Female; Vision Disorders / psychology, diagnosis, epidemiology; Self Report; Surveys and Questionnaires; Aged, 80 and over; Independent Living; Middle Aged; Risk Factors; Visual Acuity; Vision Tests; Elder Abuse",Financial exploitation; objective vision; subjective vision; visual abilities,,,
40251122,10.1080/07317115.2025.2493254,https://pubmed.ncbi.nlm.nih.gov/40251122/,The Impact of Behavioral and Psychological Symptoms on Financial Decision-Making Capacity in Mild to Moderate Dementia.,"OBJECTIVES: The study aims to assess the impact of behavioral and psychological symptoms on financial decision-making in individuals with mild to moderate dementia.
METHODS: A cross-sectional quantitative study assessed cognitive status, behavioral and psychological symptoms as well as financial capacities. A multiple regression hierarchical model determined the relative contributions of demographic, cognitive, and behavioral and psychological symptoms to financial capacity.
RESULTS: A total of 87 participants, with a median age of 84 years, were included in the study. Nearly all participants (94.5%) exhibited one or more behavioral and psychological symptoms. Greater dementia severity, increased behavioral and psychological symptoms, and lower educational levels were associated with poorer financial capacity.
CONCLUSIONS: This study underlines the impact of behavioral and psychological symptoms on financial decision-making in individuals with mild to moderate dementia, even when accounting education and dementia severity. Further research is necessary to elucidate the connection between these symptoms and financial capacity.
CLINICAL IMPLICATIONS: The critical need for early diagnosis of dementia and its associated behavioral and psychological symptoms is highlighted. Additionally, implementing timely behavioral and psychological management strategies and encouraging patients to engage in lifetime intellectual enrichment may be helpful for preserving financial capacity and promoting independence in individuals with dementia.",Valeska Delineau; Ana Rita Ferreira; Ivone Duarte; Luísa Castro; Lia Fernandes,2026,Clinical gerontologist,Journal Article,eng,"Humans; Dementia / psychology, economics, diagnosis; Male; Female; Decision Making; Cross-Sectional Studies; Aged, 80 and over; Aged; Severity of Illness Index; Neuropsychological Tests; Behavioral Symptoms / psychology",BPSD; dementia; financial decision-making capacity,,,
42136946,10.3389/frdem.2026.1730124,https://pubmed.ncbi.nlm.nih.gov/42136946/,Cognitive and brain volume correlates of financial literacy assessment in Greek persons with amnestic Mild Cognitive Impairment: a preliminary study.,"BACKGROUND: Financial literacy is a crucial skill for the aging population. However, so far we have no data coming from Greece regarding financial literacy and cognitive and brain correlates in healthy older adults and amnestic Mild Cognitive Impairment (aMCI) patients.
METHODS: In this preliminary study, financial literacy was examined with the Big Three Questions in 15 individuals with aMCI and 15 matched healthy controls. Simultaneous measurements of different regional brain volumes were derived from structural MRI and the cognitive performance was assessed with a number of standardized neuropsychological tests (Rey auditory verbal learning test, clock drawing test trail-making test parts A and B, Boston Naming Test, digit span memory test forward and backward, and verbal fluency task).
RESULTS: For the first time, findings suggest lower financial literacy in aMCI compared to matched controls. Spearman correlations revealed that financial literacy correlates with a number of brain volumes (white matter, gray matter, left amygdala, and right frontal medial cortex). Among the cognitive tests, correlations were found only with trail making parts A and B time to completion.
CONCLUSION: The above findings are of importance for clinicians as indicators of need for comprehensive financial capacity assessment of older patients susceptible to financial exploitation.",Vaitsa Giannouli,2026,Frontiers in dementia,Journal Article,eng,,aMCI; brain volumes; financial literacy; healthy; older adults,,,
42008619,10.2196/82488,https://pubmed.ncbi.nlm.nih.gov/42008619/,Objective Assessment of Financial Decision-Making With a Simulated Online Money Management Task in Older Adults: Protocol for a Prospective Observational Study.,"BACKGROUND: Technology-enabled tasks to conduct financial transactions are ubiquitous around the world. In a recent survey, about 75% of the respondents endorsed the use of technology to perform financial activities such as reviewing bank statements and keeping track of money spent. However, assessment of financial decision-making (FDM) is limited by tasks that use traditional paper-and-pencil methods or by relying on self or informant reports. Furthermore, such tools have weak psychometric properties, are prone to biases, and are at times limited in scope. Thus, there is an urgent need to develop modern, technology-based tools that have strong psychometric properties and that can assess FDM comprehensively and accurately.
OBJECTIVE: This study aimed to develop and establish the psychometric properties of a novel, simulated Online Money Management (OMM) credit card task. Based on existing gaps identified in the literature, this task relied on objective measurement, assessed multiple dimensions within a single task, and mimicked a real-world task to bridge the gap between a controlled, clinical setting and real-world functioning.
METHODS: This was a prospective cohort study that enrolled cognitively healthy older adults. This study was funded by the National Institutes of Health. Various recruitment sites were involved, which allowed for the recruitment of older adults across the United States. The OMM task was developed in collaboration with an interdisciplinary team of computer scientists, economists, psychologists, and geriatricians. The tasks consist of both online and offline components, with subcomponents examining the ability to navigate, basic and complex credit card literacy, and statement monitoring. Data about participants' perception of their financial abilities and a self-report survey on financial exploitation were collected. The test battery consisted of an array of cognitive, financial, and psychosocial tasks. Participants provided written informed consent, and all procedures received institutional review board approval.
RESULTS: Data collection began in September 2019, and enrollment stopped in July 2025. A total of 272 participants completed the baseline visit, while 147 completed the longitudinal follow-up visit. Data analysis is underway as of August 2025, and results are expected to be published in 2026.
CONCLUSIONS: Rigorous standards have been deployed for developing this novel OMM credit card task. If the measurement properties of the task are found adequate, the OMM task can be used to assess FDM in clinical evaluations for early detection and prevention or mitigation of financial mismanagement.",Preeti Sunderaraman; Madison Bouchard-Liporto; Zachary Kunicki; Edward D Huey; Stephanie Cosentino,2026,JMIR research protocols,Journal Article; Observational Study,eng,"Humans; Decision Making; Prospective Studies; Psychometrics / methods, instrumentation; Aged; Financial Management / methods; Male; Female",cognition; decision-making; financial management; functional status; neuropsychology; older adults; technology,,,
41987655,10.1080/07317115.2026.2656384,https://pubmed.ncbi.nlm.nih.gov/41987655/,Subjective Cognitive Decline and Financial Exploitation Vulnerability.,"OBJECTIVES: The contextual elements of financial decision-making contributed to the creation of a financial exploitation vulnerability scale. This study was a cross-validation study of earlier findings that financial exploitation vulnerability is significantly related to subjective cognitive decline (SCD), a self-rating of cognitive decline.
METHODS: This study used a website designed for older adults to fill out the financial exploitation vulnerability survey anonymously. In this cross-validation sample, 1,436 adults aged 60 and older completed the survey. Correlational and multiple regression analyses were used to test the study's hypotheses. Chi-square, correlation and regression analyses were used to investigate correlates of financial vulnerability.
RESULTS: Higher financial vulnerability scores were related to SCD, less education, older age, and for persons of color. We collapsed the self-reported racial groups that were Black (6%), Asian (3%), Latino (2.5%), and other self-reported races into one group due to the low representation of these groups in the sample. Regression analyses accounted for 20% of the overall variance for financial exploitation vulnerability scores, and SCD was the strongest predictor.
CONCLUSIONS: The findings support the validity of the Financial Exploitation Vulnerability measure and its use as a clinical risk assessment tool.
CLINICAL IMPLICATIONS: Assessment of SCD is increasingly important. Utilizing measures of financial exploitation risk in clinical settings allows for earlier detection of exploitation vulnerability in persons with SCD, and earlier intervention to help prevent financial exploitation.",LaToya Hall; Peter A Lichtenberg,2026,Clinical gerontologist,Journal Article,eng,,Financial exploitation vulnerability; subjective cognitive decline,,,
41981607,10.1186/s13195-026-02010-x,https://pubmed.ncbi.nlm.nih.gov/41981607/,"Amyloid-β PET scans, economic strain and financial decision-making among persons with cognitive impairment and care partners: a mixed-methods analysis of the CARE-IDEAS study.","BACKGROUND: To explore the relationship between receipt of amyloid-β PET scan results and subsequent experiences of economic strain and financial decision-making for persons with cognitive impairment and their care partners. METHODS: A parallel convergent mixed-methods design where quantitative and qualitative data were simultaneously collected and analyzed. Participants included a subset of community-residing Medicare beneficiaries with cognitive impairment who had an amyloid-β PET scan at a participating specialty center and their care partners, from the IDEAS study. Regression models tested associations between an elevated scan result and objective and subjective economic strain outcomes. Qualitative semi-structured interviews were conducted with patients and care partners ~24-36 months post-scan occurrence. RESULTS: Participants' mean age was 75, were majority White, non-Hispanic, highly educated, in good health, and well-resourced. Care partners were mainly spouses. Patients and care partners with elevated amyloid did not have higher economic strain at any post-disclosure time point compared to those with a negative scan. However, difficulty paying bills increased substantially for all participants over 18-24 months. Themes related to patient and care partner experiences of financial decision-making considering the scan were: 1) the need to make or update financial plans, 2) perceived care needs and financial resources for meeting care needs, and 3) involvement of family members in financial plans. CONCLUSIONS: Despite engaging in financial decision-making post-scan, participants reported experiencing economic strain, as measured by difficulty paying bills. More research is needed across the wealth distribution to develop methods for identifying and addressing economic strain experiences following a diagnosis of dementia.",Courtney H Van Houtven; Cassie B Ford; Elyse Couch; Megan Shepherd-Banigan; Wenhan Zhang; Emmanuelle Bélanger; Brenda L Plassman; James R Burke; Corinna Sorenson; Nicole DePasquale; Emily O'Brien; Eric Jutkowitz; Terrie Wetle; Valerie A Smith,2026,Alzheimer's research & therapy,"Journal Article; Research Support, N.I.H., Extramural; Research Support, Non-U.S. Gov't",eng,"Humans; Female; Male; Aged; Caregivers / psychology, economics; Decision Making / physiology; Positron-Emission Tomography / economics; Cognitive Dysfunction / diagnostic imaging, economics, psychology; Aged, 80 and over; Amyloid beta-Peptides / metabolism; Financial Stress / psychology; United States; Medicare",Alzheimer disease; Amyloid-β; Caregivers; Dementia; Disclosure; Economic strain; Financial decision-making; Mild cognitive impairment; Sspouses,,,
41965867,10.1186/s40359-026-04516-3,https://pubmed.ncbi.nlm.nih.gov/41965867/,"Financial literacy and psychological vulnerability to financial exploitation: the roles of financial anxiety, self-confidence, and behavior.","BACKGROUND: Financial exploitation constitutes a significant psychological vulnerability shaped by cognitive resources, emotional regulation, and financial decision-making behaviors. While financial literacy is widely recognized as a protective factor, limited empirical evidence disentangles the distinct psychological roles of financial knowledge, attitudes, and behaviors in reducing vulnerability to financial exploitation. METHODS: This cross-sectional study analyzed survey data from 565 adults in Türkiye. Financial literacy was conceptualized as a multidimensional construct comprising financial knowledge, financial attitude, and financial behavior. Vulnerability to financial exploitation was assessed through three psychosocial indicators: self-confidence, financial anxiety, and financial satisfaction. Structural Equation Modeling (SEM) was employed to examine the relationships among cognitive, behavioral, and emotional components. RESULTS: Financial knowledge was significantly associated with lower financial anxiety and higher financial satisfaction but showed no direct effect on self-confidence. Financial behavior emerged as the most robust protective factor, significantly enhancing self-confidence and financial satisfaction while substantially reducing financial anxiety. Financial attitude was positively related to financial satisfaction but did not significantly influence anxiety or self-confidence. Financial anxiety demonstrated a strong negative association with both self-confidence and financial satisfaction. CONCLUSIONS: Financial exploitation vulnerability is driven by interconnected psychological mechanisms rather than cognitive factors alone. The findings highlight the central role of behavior-based financial competencies and emotional regulation in strengthening financial resilience. Interventions aimed at preventing financial exploitation should prioritize behavioral skill development and psychological risk screening alongside traditional financial education approaches.",Alper Veli Çam; Şafak Sönmez Soydaş; Adem Özbek; Handan Çam,2026,BMC psychology,Journal Article,eng,Humans; Anxiety / psychology; Female; Self Concept; Male; Cross-Sectional Studies; Adult; Young Adult; Middle Aged; Personal Satisfaction; Decision Making; Literacy / psychology; Adolescent,Financial anxiety; Financial behavior; Financial literacy; Psychological vulnerability; Self-confidence; Structural equation modeling,,,
41472502,10.1111/jgs.70291,https://pubmed.ncbi.nlm.nih.gov/41472502/,APOE ε4 and Decline in Health and Financial Literacy in Advanced Age.,"BACKGROUND: Health and financial literacy decline in aging, but it is unclear why. In this study, we hypothesized that older people who are carriers of the APOE ε4 allele exhibit a steeper decline in literacy over time.
METHODS: Participants were 851 community-dwelling older adults without dementia at analytic baseline (188 ε4 carriers and 663 noncarriers). Literacy was assessed at baseline and each year thereafter for up to 14 years.
RESULTS: In a linear mixed-effects model adjusted for age, gender, and education, ε4 was associated with a lower starting level of literacy (b = -3.60, SE b = 1.00, p < 0.001) and, critically, a roughly 40% steeper decline in literacy over time (b = -0.41, SE b = 0.14, p = 0.004). The association between ε4 and literacy decline persisted after adjusting for global cognition at baseline (b = -0.35, SE b = 0.14, p = 0.012) and among a subgroup of participants with no cognitive impairment at baseline (b = -0.34, SE b = 0.14, p = 0.016).
CONCLUSIONS: ε4 contributes to literacy decline among older adults, presumably due in part to the accumulation of neuropathologies associated with ε4. We discuss the potential clinical implications of ε4-related literacy decline.",Christopher C Stewart; Lei Yu; Alifiya Kapasi; David A Bennett; Patricia A Boyle,2026,Journal of the American Geriatrics Society,"Journal Article; Research Support, Non-U.S. Gov't; Research Support, N.I.H., Extramural",eng,"Humans; Male; Female; Aged; Apolipoprotein E4 / genetics; Aged, 80 and over; Aging / genetics; Health Literacy; Literacy",APOE; Alzheimer's disease; aging; literacy,,,
41381319,10.1016/j.jagp.2025.11.002,https://pubmed.ncbi.nlm.nih.gov/41381319/,The Independent Effect of Depression on Financial Decision-Making in Older Adults.,"OBJECTIVES: To determine the association between clinically significant depressive symptoms in late life or late-life depression (LLD) and financial and healthcare-related decision-making in older adults.
METHODS: 821 older adults from the Rush Memory and Aging Program underwent a cross-sectional evaluation of depressive symptoms, cognitive functioning, and a performance-based measured of financial and healthcare decision-making. Participant data on financial and health literacy were also obtained. Rush clinicians assigned a diagnosis of mild cognitive impairment (MCI) or normal cognition (NC) based upon review of the clinical data, and participants were assigned to one of three groups based on the presence of clinically significant depression and antidepressant medication use: active depressive symptoms, remitted depressive symptoms, or no-depression. Patients with dementia were excluded from the current analyses.
RESULTS: Depression status was not associated with the total decision-making score. However, active depression, MCI status, financial literacy, and demographics were statistically significant independent predictors of financial decision-making. MCI status, but not depression status, was a significant predictor of healthcare decision-making.
CONCLUSIONS: Older depressed adults may be at risk for impaired financial decision-making. Evaluation of financial decision-making should be considered in research and clinical management of depression in older adults and could lead to the early identification of seniors at risk for financial exploitation.",Kevin J Manning; R Scott Mackin; Rong Wu; Milap Nowrangi; David C Steffens; Patricia A Boyle,2026,The American journal of geriatric psychiatry : official journal of the American Association for Geriatric Psychiatry,"Journal Article; Research Support, N.I.H., Intramural",eng,"Humans; Aged; Female; Male; Decision Making; Cognitive Dysfunction / psychology; Cross-Sectional Studies; Depression / psychology; Aged, 80 and over; Health Literacy; Aging / psychology",Depression; IADL; aging; cognition; decision-making; financial capacity,,,
40498995,10.1177/07334648251347998,https://pubmed.ncbi.nlm.nih.gov/40498995/,"Do Older Black Women Who Were Financially Exploited Share Specific Psychological, Cognitive, Social and Physical Health Characteristics? The Role of Financial Exploitation Vulnerability.","Population-based self-report studies find older Blacks are at increased risk of financial exploitation victimization. We compared several psychological, cognitive, social, and physical health measures between Black women who were confirmed victims of financial exploitation (Successful Aging through Financial Empowerment (SAFE) participants) and a group of older Black women in the same community with no reported history of exploitation. SAFE participants were significantly older, less educated, and in poorer health than the community comparison participants. They also reported less social support, more depressive and anxiety symptoms, and a higher financial exploitation vulnerability than did the community comparison participants. In a logistic regression analysis, results indicated that only age, education, and financial exploitation vulnerability were associated with the participation of individuals in the SAFE financial exploitation group. The results underscore the multiple ways in which older Black women victims of financial exploitation are vulnerable compared to their community peers who were not exploited.",Vaitsa Giannouli; Latoya Hall; Peter A Lichtenberg,2026,Journal of applied gerontology : the official journal of the Southern Gerontological Society,Journal Article,eng,"Humans; Female; Aged; Black or African American / psychology; Social Support; Middle Aged; Health Status; Depression; Cognition; Anxiety; Elder Abuse / psychology; Logistic Models; Aged, 80 and over; White",education; financial exploitation; financial vulnerability; older Black adults; women,,,
41872803,10.1186/s12913-026-14416-2,https://pubmed.ncbi.nlm.nih.gov/41872803/,Screening practices for financial abuse of older people at a large metropolitan hospital: a qualitative study of health professionals.,"BACKGROUND: Financial abuse of older people (FAOP) refers to material exploitation resulting in harm to older individuals that incorporates a breach of trust. Current practice does not involve routine screening, varies among healthcare professionals (HPs) and relies on individual experience. Given rising FAOP prevalence in Australia, practices need to be reviewed to improve safety of vulnerable older individuals. This study aimed (i) to explore the state of current HPs’ practices regarding the identification of FAOP and ideas regarding improvement, (ii) to identify risk factors and signs of abuse that could be used for FAOP monitoring and prevention. METHODS: Qualitative study with five focus group interviews including 37 HPs from a range of professions at Nepean Hospital, Sydney, Australia. Interviews were audiotaped, transcribed and thematically analysed using the Framework approach. RESULTS: Nearly 1/3 of participants were social workers, about a quarter each were occupational therapists or nurses, 41% worked in hospital-based aged care. Two higher-order themes were identified, with three main themes mapped on each: Identification and monitoring: (i) Risk factors for older adults (e.g., decline in cognitive capacity, low financial literacy, isolation, lower physical capacity, cultural norms) (ii) Risk factors for abusers (e.g., self-appointed financial decision-making, financial strain, addiction); (iii) Observed signs (e.g., urgency to change financial decision-making, coercive control, opportunistic management of finances, inconsistencies in care, reluctance to engage with HP); and Implementation strategies: (iv) Barriers (e.g., insufficient funding, lack of time, older person’s reluctance to provide consent to reporting, lack of evidence); (v) Facilitators (e.g., education, routine monitoring, use of an evidence-based tool, improved referral and follow up processes); (vi) Motivation (e.g., attitude to routine screening, perceived seriousness of the problem). CONCLUSIONS: This study identified FAOP vulnerabilities that can be used for identification and monitoring at-risk patients in healthcare settings, which can be used in development of new screening practices. Findings also revealed a number of implementation strategies that can guide practice change.",Sviatlana Kamarova; Meghan Broad; Holly Jennens; Steven J Kamper; Vittorio Cintio,2026,BMC health services research,Journal Article,eng,"Humans; Elder Abuse / diagnosis, prevention & control; Focus Groups; Qualitative Research; Aged; Hospitals, Urban; Female; Male; Mass Screening / methods; Risk Factors; New South Wales; Australia; Interviews as Topic; Health Personnel",Elder abuse; Financial abuse; Focus group; Older people abuse; Patient safety; Qualitative,,,
41853832,10.3389/fpsyg.2026.1709372,https://pubmed.ncbi.nlm.nih.gov/41853832/,Practical judgment in aging: examining behavioral vulnerabilities and neurobiological correlates.,"BACKGROUND: Real-world decision-making often relies on practical judgment-the ability to evaluate information, anticipate consequences, and respond in an adaptive manner. Despite its importance for preserving independence in aging, this construct is understudied in older adults without dementia. Moreover, there is a gap in knowledge about the association of objective and informant-rated measures of judgment and other variables that impact everyday functioning such as scam vulnerability and white matter integrity, given that structural white matter changes may precede objective cognitive decline.
METHODS: Community-dwelling older adults classified as cognitively unimpaired (CU; n = 30, Mage = 73.57 ± 1.22 years), or as having subjective cognitive decline (SCD; n = 33, Mage = 72.49 ± 1.13 years) or mild cognitive impairment (MCI; n = 30, Mage = 78.43 ± 1.53 years) completed the Test of Practical Judgment (TOP-J), an ecologically useful measure of everyday judgment, along with a self-report measure of scam susceptibility (Susceptibility to Scams). Informants provided ratings of participants' practical judgment abilities (TOP-J Informant) and vulnerability to exploitation with the Social Vulnerability Scale and a binary item measuring scam engagement. Kruskal-Wallis and Spearman correlation tests were used to examine group differences and associations between practical judgment and measures of vulnerability. Participants underwent structural MRI; diffusion imaging data were used to extract fractional anisotropy (FA) values and exploratory region-to-region connectivity metrics for the uncinate fasciculus (UF). Associations between UF integrity and structural connectivity with judgment were examined in the overall sample using regression analyses controlling for age, and group differences in white matter integrity were examined using ANCOVA.
RESULTS: Greater structural connectivity of the UF in right temporal-frontal and frontal-frontal regions was significantly associated with better informant-reported judgment in the overall sample. Better objective and informant-based practical judgment scores were significantly associated with lower informant-reported scam engagement. Objective and informant-rated judgment abilities were significantly worse among participants with MCI compared to CU.
CONCLUSION: Findings highlight the value of using objective and informant sources to capture real-world judgment ability, with implications for the prevention of harmful outcomes. Our results also suggest that structural connectivity within the UF may be a promising biomarker of impaired judgment in older adults without dementia.",Nicole Sergeyev; Abi Heller-Wight; Caroline Nester Rooney; Nadia Paré; Anjali Krishnan; David G Ellis; Chloe Moffitt; Robert M Roth; David E Warren; Laura Rabin,2026,Frontiers in psychology,Journal Article,eng,,decision-making; practical judgment; scam susceptibility; structural connectivity; white matter changes,,,
41863421,10.1002/gps.70200,https://pubmed.ncbi.nlm.nih.gov/41863421/,"Elder Abuse in South Africa: A Community-Based Study of Its Prevalence, Perpetrators, and Predictors.","BACKGROUND: Elder abuse is under-researched in low-and middle-income countries (LMICs) where culture and context shape detection and reporting. This study estimated the prevalence, perpetrators and predictors of self-reported elder abuse in South Africa.
METHODS: Data were collected in 2021 from 490 households in the STRIDE community-based survey across the Western Cape and Limpopo provinces. Each household included an older adult (≥ 65 years) and an informant (≥ 18 years). The adapted EAST assessed physical, emotional, sexual and financial abuse and neglect. Other measures included functional impairment (WHODAS 2.0), dementia caseness (10/66 algorithm), dementia severity (DSRS), neuropsychiatric symptoms (NPI-Q), social engagement (LSNS-6), and a novel insight into memory impairment variable comparing informant and self-ratings of memory. Logistic regression models examined demographic and health-related predictors of self-reported elder abuse.
RESULTS: One in ten (10.4%) older adults screened positive for abuse, with most perpetrators being either a non-family member where there is a personal relationship, or family member. Financial (78%) and emotional (50%) abuse were dominant, while neglect, physical and sexual abuse were less frequent (< 6%). Functional impairment was associated with elder abuse (OR = 1.05, p < 0.01). Recall ability was not associated with reporting abuse, highlighting that cognitive limitations within the present sample did not influence disclosure.
CONCLUSION: Elder abuse in South Africa is prevalent and closely linked to functional dependence and financial exploitation. This is one of the first studies to examine the relationship between dementia, functional impairment and elder abuse at community level, providing critical evidence to inform prevention and support strategies in LMICs.",Roxanne Jacobs; Nicolas Farina; Marguerite Schneider,2026,International journal of geriatric psychiatry,Journal Article,eng,"Humans; Elder Abuse / statistics & numerical data; South Africa / epidemiology; Prevalence; Female; Aged; Male; Aged, 80 and over; Dementia / epidemiology; Self Report; Logistic Models",abuse; cognitive impairment; community; dementia; dependence; elder abuse screening tool (EAST); functional impairment; household survey; older persons,,,
41616925,10.1016/j.nbd.2026.107291,https://pubmed.ncbi.nlm.nih.gov/41616925/,"GDF-11, GDF-15, Jag-1, and leptin in neuronal-derived extracellular vesicles as aging-related biomarkers to identify individuals at risk of Alzheimer's dementia: A pilot study.","Aging is the strongest risk factor for Alzheimer's disease (AD). Identifying reliable biomarkers of brain aging helps to predict functional decline and dementia onset. Evaluations of aging-related biomarkers in plasma and neuronal-derived extracellular vesicles (nEVs) from cognitively healthy and AD subjects, alongside post-mortem IPL brain samples from control (Ctr), pre-clinical AD (PCAD), mild cognitive impairment (MCI) and AD cases were performed. Cognitive tests, functional assessments, and MRI data were also included. Biomarkers in nEVs more accurately reflected brain pathology than those measured in plasma and showed stronger associations with cognitive and functional decline. Sex-specific patterns also emerged: GDF-15 was higher in nEVs from females with AD, whereas IL-6, IL-18 and Jag-1 were higher in nEVs from males with AD. A minimal nEV-derived panel including lower GDF-11 and higher GDF-15, Jag-1 and Leptin (after correction for age and sex) discriminated AD from Ctr and was associated with MRI-determined cortical atrophy in regions vulnerable to AD. These markers captured aging-related molecular trajectories that were disrupted in AD, and key associations observed in nEVs were confirmed in post-mortem brain tissue. Our results suggests that nEV-derived biomarkers capture early, brain-specific and sex-modulated aging signatures, providing superior sensitivity compared to plasma. Their convergence with post-mortem findings underscores their biological validity and translational potential. These results highlight the value of nEVs for stratifying individuals at higher risk of AD and support their integration into precision medicine approaches for dementia prevention.",Simona Lanzillotta; Virginia Boccardi; Barbara Zulli; Alessandro Napoli; Gabriele Paolozzi; Roberta Angelini; Barbara Ruzicka; Federica Fratini; Anna Giulia Guazzarini; Michela Scamosci; Patrizia Bastiani; Martina Alunno; Eric Westman; Fabio Di Domenico; Marzia Perluigi; Antonella Tramutola; Roberta Cecchetti; Tommaso Mazza; D Allan Butterfield; Patrizia Mecocci; Eugenio Barone,2026,Neurobiology of disease,Journal Article,eng,"Humans; Male; Female; Pilot Projects; Aging / metabolism, pathology; Alzheimer Disease / metabolism, blood, diagnosis, pathology; Biomarkers / metabolism, blood; Growth Differentiation Factor 15 / metabolism, blood; Jagged-1 Protein / metabolism, blood; Aged; Aged, 80 and over; Leptin / metabolism, blood; Extracellular Vesicles / metabolism; Neurons / metabolism; Cognitive Dysfunction / metabolism; Brain / metabolism, pathology",Aging; Alzheimer's disease; Biomarkers; Early diagnosis; Neuronal-derived extracellular vesicles; Sex differences,,,
41271069,10.1016/j.psychsport.2025.103036,https://pubmed.ncbi.nlm.nih.gov/41271069/,The explore-exploit trade-off in sports and exercise: a primer on empirical and computational approaches.,"Sports and exercise require constant on-the-fly decision-making from professional athletes and recreational exercisers alike. In the final minutes of a game, a team may for instance face the choice of sticking with their current strategy, or surprising the opponents with a new approach. Such decisions can be framed in terms of an exploration-exploitation trade-off: the need to balance exploiting a certain outcome with the potentials and risks that come with trying out something new. The explore-exploit framework has been instrumental in advancing our understanding of decision-making across fields such as cognitive science, behavioral economics, and clinical psychology. However, its potential remains largely untapped in sports and exercise psychology, where it could provide valuable insights into decision-making processes, because in sports and exercise, decisions naturally occur in dynamic, uncertain environments with fluctuating rewards and inherent costs. We propose that integrating standardized computational decision-making paradigms to formally investigate the mechanisms underlying exploration-exploitation decisions in sport contexts is a promising approach for our field. Applying these paradigms can provide novel insights into how athletes and exercisers navigate high-stakes, dynamic environments, identifying the factors that shape exploration-exploitation strategies in athletic performance. These insights might enhance training methodologies, optimize decision-making under pressure, and deepen our understanding of human adaptability in complex environments. Furthermore, studying this trade-off in elite sports presents unique opportunities for basic research, offering a setting for examining the limits of human decision-making and the generalizability of cognitive models to peak performance settings.",Katja Rewitz; Nicolas W Schuck; Wanja Wolff,2026,Psychology of sport and exercise,Journal Article; Review,eng,Humans; Exercise / psychology; Decision Making; Sports / psychology; Athletic Performance / psychology; Exploratory Behavior; Athletes / psychology,Computational models; Decision-making; Dynamics; Explore-Exploit; Sport,,,
41693735,10.1021/acs.jchemed.5c00652,https://pubmed.ncbi.nlm.nih.gov/41693735/,Automated Chemical Profiling of Wine by Solution NMR Spectroscopy: A Demonstration for Outreach and Education.,"Profiling complex chemical mixtures provides a unique opportunity for outreach and education. Here, we develop a teaching module using one-dimensional 1H nuclear magnetic resonance (NMR) spectroscopy to study wine. The demonstration is delivered at the Georgia Tech NMR Center during the Atlanta Science Festival to 127 visitors from diverse backgrounds, including families with K-12 children. Participants interact with wine samples through cognitive and sensory experiences. Visitors engage with a live demonstration of a high-field NMR spectrometer, including real-time measurement and automated analysis of 1H NMR spectra for 14 wines. The module enables instructors to showcase how an NMR spectrometer works, quantify 70 wine metabolites, and discuss how chemical composition relates to wine characteristics. Practical examples highlight how 1H NMR can detect wine fraud. An exit survey suggests that the module increases public interest and excitement for research. Adults report learning factors affecting wine characteristics and the basics for how NMR is applied to research. K-12 students retain information about wine composition and enjoy sensory aspects of the activity. A description of the demonstration's design and implementation is provided to facilitate its adoption in outreach efforts and introductory chemistry courses.",Lily Capeci; Ruoqing Jia; Mary E Peek; Miriam K Simma; Elizabeth A Corbin; F N U Vidya; Hongwei Wu; Johannes E Leisen; Andrew C McShan,2026,Journal of chemical education,Journal Article,eng,,NMR spectroscopy; agricultural chemistry; biochemistry; biophysical chemistry; first-year undergraduate/general; general public; inquiry-based/discovery learning; public understanding/outreach,,,
41416891,10.1093/geronb/gbaf270,https://pubmed.ncbi.nlm.nih.gov/41416891/,"Perceived control, brain health, and cognitive reserve: longitudinal resilience mechanisms in Black, White, and Hispanic older adults.","OBJECTIVES: Perceived control is a psychosocial factor consisting of internal (mastery) and external (constraints) control. We assessed whether mastery and constraints related to two longitudinal resilience mechanisms, brain maintenance and cognitive reserve.
METHODS: Participants included White (n = 199), Black (n = 262), and Hispanic (n = 319) older adults (Mage=74.48, SD = 6.04; 63% women) from the Washington Heights-Inwood Columbia Aging Project. Brain health measures included cortical thickness in Alzheimer's disease signature regions, total hippocampal volume, total gray matter volume, white matter hyperintensities, and their composite. Global cognition was a composite of four cognitive domains. Mastery and constraints were assessed separately in relation to longitudinal brain health and cognitive reserve (residual and moderation approaches). Univariate and bivariate latent growth curve models assessed patterns overall, and multiple-group models assessed differences by race and ethnicity. Covariates included age, sex/gender, years of education, intracranial volume, and race and ethnicity.
RESULTS: Greater mastery related to greater baseline cortical thickness for Hispanic participants. Greater constraints related to greater baseline hippocampal volume for Black participants, but faster hippocampal volume decline for White participants. Controlling for brain health, greater constraints related to worse cognition initially and over time for the entire group. Greater brain health decline more strongly related to greater cognitive decline at higher levels of constraints among Hispanic and Black individuals.
DISCUSSION: We found more evidence for cognitive reserve, rather than brain maintenance, as a resilience mechanism linking perceived control to cognitive health. Minoritized older adults may be particularly vulnerable to the negative impact of environmental constraints on cognitive reserve.",Monica E Walters; Kiana A Scambray; Emily P Morris; Jordan D Palms; Robrielle M Pierce; Ketlyne Sol; Nicole Schupf; Adam M Brickman; Laura B Zahodne,2026,"The journals of gerontology. Series B, Psychological sciences and social sciences","Journal Article; Research Support, N.I.H., Extramural",eng,"Humans; Cognitive Reserve / physiology; Female; Male; Aged; Hispanic or Latino / psychology, statistics & numerical data; White People / psychology, statistics & numerical data; Resilience, Psychological; Black or African American / psychology, statistics & numerical data; Longitudinal Studies; Brain / diagnostic imaging; Magnetic Resonance Imaging; Internal-External Control; Aged, 80 and over; Aging / psychology, ethnology; Brain Cortical Thickness; White Matter / diagnostic imaging; White",Cognition; Health disparities; Latent growth curve models; Locus of control; Multiple-group models,,,
41359331,10.1001/jamaneurol.2025.4825,https://pubmed.ncbi.nlm.nih.gov/41359331/,"Effects of Oveporexton, an Orexin Receptor 2-Selective Agonist, on Cognition in Narcolepsy Type 1: A Secondary Analysis of a Randomized Clinical Trial.","IMPORTANCE: Cognitive symptoms negatively impact people with narcolepsy type 1 (NT1). While the effects of orexin receptor 2 (OX2R) agonists have been explored on diagnostic features of the disorder (excessive daytime sleepiness and cataplexy), effects on cognitive symptoms are not characterized.
OBJECTIVE: To explore the effects of oveporexton, an oral OX2R-selective agonist, on cognition in people with NT1.
DESIGN, SETTING, AND PARTICIPANTS: This is a secondary analysis of the TAK-861-2001 phase 2, 8-week, parallel-group, double-blind, placebo-controlled randomized clinical trial, conducted from January 2023 to December 2023, with a 4-week follow-up period. TAK-861-2001 was a multicenter study conducted in clinical settings. Eligible participants were 18 to 70 years of age, with an International Classification of Sleep Disorders, Third Edition diagnosis of NT1. Data analysis was performed from July 2024 to July 2025.
INTERVENTIONS: Participants were randomized 1:1:1:1:1 to twice-daily oral oveporexton or matching placebo, dosed 3 hours apart, in dose groups of 0.5/0.5 mg, 2/2 mg, 2/5 mg, 7 mg/placebo, or placebo/placebo, for 8 weeks.
MAIN OUTCOMES AND MEASURES: Cognitive symptoms were assessed using the Psychomotor Vigilance Task (PVT) for attention, the Continuous Paired Associate Learning (CPAL) test for memory, and the One Back (ONB) test and International Digit Symbol Substitution Test-symbols (IDSST-s) for executive function.
RESULTS: Of 161 eligible individuals screened, 48 did not meet study inclusion criteria, 1 withdrew, and 112 were included in the study. Of 112 participants, mean (SD) age was 34.0 (11.5) years, and 58 participants (51.8%) were female. A total of 112 participants were randomized and received 1 or more doses of oveporexton (0.5/0.5 mg, n = 23; 2/2 mg, n = 21; 2/5 mg, n = 23; 7 mg, n = 23) or placebo (n = 22). Oveporexton improved attention, memory, and executive function over 8 weeks. Least-squares (LS) mean placebo-adjusted changes from baseline were -10.77 (95% CI, -16.74 to -4.79), -9.45 (95% CI, -15.66 to -3.24), -8.60 (95% CI, -14.84 to -2.36), and -8.69 (95% CI, -14.90 to -2.47) PVT lapses with 0.5/0.5 mg, 2/2 mg, 2/5 mg, and 7 mg/placebo doses, respectively. LS mean placebo-adjusted changes were -22.52 (95% CI, -34.95 to -10.10), -16.92 (95% CI, -30.12 to -3.71), -15.51 (95% CI, -28.82 to -2.21), and -17.59 (95% CI, -30.50 to -4.68) for CPAL errors; -0.05 (95% CI, -0.10 to -0.01), -0.07 (95% CI, -0.12 to -0.02), -0.07 (95% CI, -0.12 to -0.02), and -0.05 (95% CI, -0.10 to 0.00) units for ONB log10-transformed performance speed; and 4.72 (95% CI, -1.38 to 10.83), 7.33 (95% CI, 1.06-13.61), 7.85 (95% CI, 1.75-13.95), and 11.82 (95% CI, 5.75-17.89) for IDSST-s correct responses.
CONCLUSIONS AND RELEVANCE: In this secondary analysis of the TAK-861-2001 randomized clinial trial, the OX2R agonist oveporexton improved NT1-associated cognitive symptoms in adults.
TRIAL REGISTRATION: ClinicalTrials.gov Identifier: NCT05687903.",Gert Jan Lammers; Giuseppe Plazzi; Emmanuel Mignot; Fabio Pizza; Yves Dauvilliers; Lucie Barateau; Paul Maruff; Thomas E Scammell; Robert D Latzman; Melissa Naylor; Tina Olsson; Ellie Stukalin; Shinichiro Tanaka; Dmitri Volfson; Vahe Khachadourian; Brian T Harel,2026,JAMA neurology,"Journal Article; Randomized Controlled Trial; Clinical Trial, Phase II; Multicenter Study",eng,"Humans; Male; Female; Narcolepsy / drug therapy, psychology; Adult; Middle Aged; Double-Blind Method; Young Adult; Cognition / drug effects; Aged; Orexin Receptors / agonists; Adolescent",,,,
41928766,10.1093/geroni/igag004,https://pubmed.ncbi.nlm.nih.gov/41928766/,Multilevel risk factors for financial fraud in later life: evidence from China.,"BACKGROUND AND OBJECTIVES: Older adults are particularly vulnerable to financial fraud. However, research on risk factors for later-life fraud has focused more on individual attributes than contextual factors and has not examined diverse types and amounts of financial loss when measuring financial fraud. We address these gaps using a comprehensive framework to explore the multilevel risk factors for fraud in later life.
RESEARCH DESIGN AND METHODS: Using data from the 2015-2018 China Health and Retirement Longitudinal Study (n = 10,010), we employed mixed-effects models to examine three outcomes: fraud exposure, type of victimization, and the amount of financial loss. We analyzed three key elements of routine activity theory: target characteristics (e.g., prior fraud experience, socioeconomic status, cognition), guardianship (e.g., marital status, social participation), and motivated offenders (e.g., local context, available financial institutions, GDP).
RESULTS: Prior fraud experience was associated with all three measures. Better episodic memory and greater social activity were associated with higher fraud exposure, while greater social activity was linked to lower financial loss. Additionally, contextual vulnerabilities (e.g., urban areas and more developed regions) were associated with increased exposure to fraud and financial loss.
DISCUSSION AND IMPLICATIONS: Our findings highlight the need for concerted action across all domains of multilevel factors to reduce fraud exposure, victimization, and financial loss among older adults. Program and policy efforts related to individual-level education, community-based guardianship (e.g., anti-scam hotlines and psychological support), and macro-level policies for monitoring and regulating financial environments should be established to combat financial fraud in later life.",Ting Hu; Flavia Cristina Drumond Andrade; Yu-Chih Chen,2026,Innovation in aging,Journal Article,eng,,Cognition; Contextual factors; Later-life fraud; Repeated fraud experience; Social participation,,,
41416900,10.1093/geronb/gbaf266,https://pubmed.ncbi.nlm.nih.gov/41416900/,Relationship quality moderates the association between neighborhood disadvantage and cognition among Mexican American older adults.,"OBJECTIVES: Neighborhood disadvantage is associated with worse cognition. Historically marginalized groups, including Hispanic individuals, are more likely to live in more disadvantaged neighborhoods. This study investigated whether a modifiable factor, social relationships, moderated the association between neighborhood disadvantage and cognition, and whether these associations differed by gender.
METHODS: This study included 1,951 Mexican American adults (Mage = 81.9; 62% women) from the Hispanic Established Populations for the Epidemiological Study of the Elderly (H-EPESE). Participants were linked to a composite measure of neighborhood disadvantage, the predictor, at the census tract level drawn from the National Neighborhood Data Archive. The Mini-Mental State Examination, measuring global cognition, was the outcome. Social network size, a moderator, includes the total number of children, relatives, and friends spoken to in the last month. Relationship quality, a moderator, was defined by how frequently the individual can count on and discuss deep problems with friends/family. Multiple linear regressions with interaction terms were conducted to assess for moderation, which were repeated across the gender-stratified samples.
RESULTS: Relationship quality, but not social network size, moderated the association between neighborhood disadvantage and cognition. The negative effect of living in the most disadvantaged neighborhood on cognition was observed among those reporting medium relationship quality (B = -2.94, p <.05) and appeared to be driven by women (B = -5.49, p = .02).
DISCUSSION: These findings suggest that interventions to improve cognition among Mexican American older adults in disadvantaged neighborhoods should consider relationship quality and gender in health promotion efforts.",Kiana A Scambray; Monica E Walters; Cindy Tsotsoros; Ángela Gutiérrez; Ketlyne Sol; Hwajung Choi,2026,"The journals of gerontology. Series B, Psychological sciences and social sciences","Journal Article; Research Support, N.I.H., Extramural; Research Support, Non-U.S. Gov't",eng,"Aged; Aged, 80 and over; Female; Humans; Male; Cognition; Interpersonal Relations; Mexican Americans / psychology, statistics & numerical data; Neighborhood Characteristics / statistics & numerical data; Sex Factors; United States",Gender; General linear models; Personal relationships; Social networks; Social support,,,
41479064,10.1007/978-3-032-03402-1_2,https://pubmed.ncbi.nlm.nih.gov/41479064/,"EEGs, Neuropsychological Performance and Financial Capacity in aMCI Patients: a Preliminary Longitudinal Study.","Given the lack of relevant research, the goal of this paper is to present longitudinal data regarding electroencephalograms (EEGs) and financial capacity for amnestic mild cognitive impairment (aMCI) patients in order to examine if there are specific EEG indicators that may reveal financial capacity deficits. A detailed neuropsychological and financial capacity assessment along with EEGs was performed at three time points (baseline, 6-month retest, and 12-month retest). Strong statistically significant correlations were found exclusively for the group of aMCI patients with the lowest financial capacity performance (F1 group) between neuropsychological test performance and EEG recordings. EEGs differentiate aMCI patients into two groups: those with high financial capacity performance and those who fail in financial capacity. For the second group, EEGs measurements can be a promising source of information for predicting those aMCI individuals who need assistance in this complex cognitive domain and in order to prevent financial exploitation.",Vaitsa Giannouli; Eirini Chrisovalantou Leliopoulou; Ioanna Chouvarda; Magda Tsolaki,2026,Advances in experimental medicine and biology,Journal Article,eng,"Humans; Cognitive Dysfunction / physiopathology, psychology, diagnosis; Longitudinal Studies; Male; Neuropsychological Tests; Female; Electroencephalography; Aged; Middle Aged; Aged, 80 and over",EEG; Financial capacity; Neuropsychological assessment; aMCI,,,
41595852,10.3390/ijerph23010058,https://pubmed.ncbi.nlm.nih.gov/41595852/,Ability to Detect Digital Risks: Effects of an Educational Intervention and Dementia Risk Level.,"INTRODUCTION: Several studies have been conducted in the field of education for older adults, with an emphasis on teaching and learning processes related to the use of digital technologies. Among the relevant aspects to be considered in this context is the cognitive vulnerability of this age group in terms of digital security.
OBJECTIVE: The aim of this study was to analyze the relationship between cognitive aspects of older adults and their ability to identify digital risks, before and after participating in an educational intervention, as well as the effect of the intervention on cognition in this age group.
METHODOLOGY: Analyses were conducted according to the educational intervention and control groups, further stratified by digital risk (SJT) and dementia risk, according to the ACE-R test. The Mann-Whitney test was used to identify possible differences in the likelihood of falling for digital scams, considering the dimensions generated by the simulations (SJT).
RESULTS: Overall, the educational intervention was effective for the media education dimension (delta -0.5), regardless of dementia risk. More specifically, a particular effect was observed in the post-intervention stage.
CONCLUSIONS: The educational intervention was able to promote cognitive gains and reduce digital risks among older adults, particularly in the identification of misinformation, underscoring the importance of continuous and adapted programs to promote digital security in this population.",Ricardo de Oliveira Ferreira; Isabella Gomes de Oliveira Karnikowski; Emmanuely Nunes Costa; Aline Gomes de Oliveira; Mariana Sodário Cruz; Iolanda Bezerra Dos Santos Brandão; Margô Gomes de Oliveira Karnikowski,2025,International journal of environmental research and public health,Journal Article,eng,"Dementia / epidemiology; Humans; Digital Media; Aged; Cognition; Aged, 80 and over; Digital Technology; Risk Assessment",Addenbrooke’s Cognitive Examination; digital intervention; older adults,,,
41350508,10.1007/s13304-025-02459-9,https://pubmed.ncbi.nlm.nih.gov/41350508/,Conceptualizing surgical ageism to address age-based discrimination.,"Ageism is an underrecognized form of discrimination that compromises equity, autonomy, and health outcomes for older adults. Inappropriate age-based assumptions can result in the underutilization of beneficial procedures, delayed interventions, and inequitable resource allocation. To conceptualize ageism in surgery by exploring its cognitive, systemic, and ethical underpinnings, and to propose actionable strategies to mitigate its impact on surgical decision-making and patient care. Through a conceptual framework, data from epidemiological studies, clinical trials, systematic reviews, and health policy reports were synthesized, providing proof for physicians' attitudes, systemic practices and ethical frameworks in perpetuating surgical ageism. Proof that cognitive biases can fuel ageism in surgery was demonstrated across multiple studies involving over 149,000 participants and more than 30 individual studies, each highlighting distinct biases that skew surgical decision-making, especially for older adults. Proof that systemic inequities contribute to surgical ageism was evidenced by studies on transplant referral, clinical trial exclusion, and ethical resource allocation frameworks, involving over 24,000 participants and multiple large-scale reviews. Finally, evidence supporting that educational strategies can mitigate ageism and the need for anti-ageism measures, was drawn from a range of studies involving over 20,000 participants across at least 80 studies. Surgical ageism stems from a confluence of cognitive, structural, and cultural factors. By addressing the drivers of ageism and implementing inclusive policies, the surgical community can promote person-centred care and uphold the dignity and rights of older adults in line with global health equity goals.",Alessandro Cucchetti; Giammauro Berardi; Giuseppe Maria Ettorre; Giorgio Ercolani,2025,Updates in surgery,Journal Article,eng,,Ageism; Cognitive biases; Discrimination; Frailty; Risk assessment; Surgery,,,
41405380,10.1002/alz.71003,https://pubmed.ncbi.nlm.nih.gov/41405380/,Brain and cognitive correlates of social status across race/ethnicity and sex/gender.,"INTRODUCTION: Subjective social status (SSS) in the United States relates to cognition. Few studies assess SSS in one's community, examine brain correlates, or consider associations across the intersection of sex/gender and race/ethnicity.
METHODS: A total of 867 participants from the Washington Heights-Inwood Columbia Aging Project completed MacArthur Scales of SSS for the United States and the community. Cognitive reserve was residual variance in episodic memory after accounting for gray matter and white matter hyperintensity (WMH) volumes. Linear regressions assessed relationships between SSS, brain health, and cognitive reserve. Interactions examined moderation by group.
RESULTS: There were no relationships in the full sample. The relationship between higher SSS-community and lower WMH was strongest among White women (interaction B = -0.33, p = 0.047).
DISCUSSION: This study highlights the value of assessing community standing, which may be more associated with brain health than U.S. standing. Future work should examine social exposures that shape differential links between SSS and brain health across groups.
HIGHLIGHTS: Community standing was more strongly linked to brain health, not cognitive reserve. Community standing may be more relevant to brain health than U.S. standing. Higher community standing is associated with better brain health in White women.",Kiana A Scambray; Monica E Walters; Emily P Morris; Robrielle M Pierce; Adam M Brickman; Laura B Zahodne,2025,Alzheimer's & dementia : the journal of the Alzheimer's Association,"Journal Article; Research Support, N.I.H., Extramural",eng,"Aged; Aged, 80 and over; Female; Humans; Male; Middle Aged; Brain / diagnostic imaging; Cognition / physiology; Cognitive Reserve / physiology; Ethnicity; Magnetic Resonance Imaging; Memory, Episodic; Sex Factors; Social Status; United States; White Matter / diagnostic imaging; Racial Groups",aging; ethnicity; gender; health disparities; intersectionality; neuroimaging; older adults; race,,,
41140944,10.3390/jal5040043,https://pubmed.ncbi.nlm.nih.gov/41140944/,The relationship between Subjective Cognitive Decline-Financial Interference and excess Spending in Older Adults With and Without Early Memory Loss.,"BACKGROUND/OBJECTIVE: This study examined whether a brief measure combining subjective cognitive concerns and financial interference, termed Subjective Cognitive Decline-Financial (SCD-F), is associated with excess spending behavior in older adults.
METHODS: Community-dwelling older adults, some with early memory loss and some with no cognitive complaints (N = 150, M age = 72.6) provided 12 months of checking account statements and participated in interviews to clarify aspects of their personal financial behaviors. SCD-F was defined by asking if memory decline was interfering with financial decision making or transactions. A 3-point SCD-F measure was created. Excess spending was determined by whether checking account expenditures exceeded all sources of income. Nonparametric tests (Kruskal-Wallis and Mann-Whitney U) and multiple regression models assessed group differences and predictors.
RESULTS: Group differences in excess spending were pronounced (H(2) = 15.75, p < .001). Those in the high SCD-F group had a significantly greater likelihood of excess spending (Z = -4.11; r = .43) and higher excess spending percentages (Z = -4.11; r = .43) compared to those with no memory loss. Regression analyses indicated that SCD-F was the strongest predictor of excessive spending (β = .40, t = 5.43, p < .001), even after controlling for age, gender, race, and education (R2 = .235, F(5,144) = 8.86, p < .001).
CONCLUSIONS: A brief self-report measure, SCD-F, effectively identifies older adults at risk of financial mismanagement, even absent formal cognitive impairment. Monitoring subjective cognitive concerns together with financial interference could enable early intervention. This brief measure may be useful in clinical settings as a screening tool, and in large national surveys.",Emily V Flores; Moyosoreoluwa Jacobs; Peter A Lichtenberg; Vanessa Rorai,2025,Journal of ageing and longevity,Journal Article,eng,,Subjective cognitive decline; early cognitive change; excess spending; financial interference; financial vulnerability; older adults,,,
41076610,10.1007/s41999-025-01274-0,https://pubmed.ncbi.nlm.nih.gov/41076610/,Delirium in the long-term care: a challenge for clinicians and researchers-the negative outcomes related to delirium: a scoping review.,"BACKGROUND: Most previous studies on the outcomes of delirium have focused on acute care hospital settings. However, the number of residents in long-term care (LTC) facilities is increasing, and these individuals are at risk of experiencing adverse outcomes related to delirium. Recent studies suggest that delirium in LTC settings is associated with serious consequences-such as increased mortality, cognitive decline, and reduced physical function-similar to those reported in acute care. However, high-quality studies specific to this population remain limited.
PURPOSE: This scoping review aimed to identify adverse outcomes associated with delirium in long-term care settings and to explore appropriate outcome measures for future research.
METHODS: This scoping review was conducted in accordance with the Joanna Briggs Institute methodology and adhered to the PRISMA-ScR checklist to identify studies examining adverse outcomes of delirium in LTC settings. MEDLINE, EMBASE, and Web of Science were searched on May 2025.
RESULTS: A total of 14 studies met the inclusion criteria. Delirium was defined and evaluated using a variety of assessment tools, including DSM-IV-based algorithms, the Confusion Assessment Method (CAM), and the Short-CAM (S-CAM). Follow-up durations ranged from 1 week to 2 years. Despite substantial heterogeneity in study designs and outcome measures, multiple studies identified associations between delirium and adverse outcomes, such as increased mortality, cognitive decline, falls, and deterioration in activities of daily living (ADL).
CONCLUSIONS: This scoping review provides insight into adverse outcomes of delirium in LTC settings and the inherent heterogeneity across LTC settings.",Yasushi Takeya; Hidenori Arai,2025,European geriatric medicine,Journal Article; Scoping Review,eng,"Humans; Delirium / complications, diagnosis, mortality; Long-Term Care; Aged; Cognitive Dysfunction / etiology",Delirium; Long-term care; Nursing home; Older adults; Outcome,,,
40839940,10.1016/j.neurobiolaging.2025.07.017,https://pubmed.ncbi.nlm.nih.gov/40839940/,The relationship between racial discrimination and white matter among Black older adults.,"Black older adults experience worse brain and cognitive aging than White older adults, on average. Racially patterned psychosocial stressors may contribute to these disparities. Maintaining white matter health is important for cognitive aging, particularly among Black older adults, and it is uniquely vulnerable to stress. Examining associations between racial discrimination and white matter may elucidate mechanisms of disparities. A sample of Black older adults in the Washington Heights-Inwood Columbia Aging project were included (N = 217). Everyday and major life discrimination were self-reported on well-validated scales. Diffusion tensor imaging quantified white matter fractional anisotropy (FA). Multivariable regressions revealed more major life discrimination was associated with lower FA in the cingulum cingulate gyrus, forceps major, forceps minor, and inferior fronto-occipital fasciculus but greater FA in the superior longitudinal fasciculus temporal projection. Everyday discrimination was not associated with FA. Findings suggest that institutional racism may have a stronger effect on white matter tracts corresponding to cognitive and emotional/affective processing than interpersonal racism. White matter health may be a mechanism through which racially patterned stressors contribute to disparities in brain and cognitive aging.",Jordan D Palms; Ji Hyun Lee; Emily P Morris; Ketlyne Sol; Monica E Walters; Kiana A Scambray; Clarissa D Morales; Mohamad J Alshikho; Patrick J Lao; Jennifer J Manly; Adam M Brickman; Laura B Zahodne,2025,Neurobiology of aging,"Journal Article; Research Support, N.I.H., Intramural",eng,"Humans; White Matter / pathology, diagnostic imaging; Male; Female; Aged; Racism / psychology; Black or African American / psychology; Diffusion Tensor Imaging; Cognitive Aging / psychology; Middle Aged; Aged, 80 and over; Anisotropy; Aging / psychology, pathology; Stress, Psychological; Brain / pathology",Brain health; Diffusion tensor imaging (DTI); Fractional anisotropy (FA); Psychosocial stress; Racism,,,
40711762,10.1080/13607863.2025.2533493,https://pubmed.ncbi.nlm.nih.gov/40711762/,Reduced community-level social cohesion is associated with higher risk for financial exploitation.,"OBJECTIVES: Understanding the psychosocial and community risk factors associated with financial exploitation is essential in developing prevention strategies. Although previous work has identified factors related to increased risk such as poor financial literacy, cognitive decline, and worse mental health, less is known about social factors, particularly those tied to our community and how they interact with our ability to form meaningful relationships.
METHOD: To investigate this issue, we used a previously published national sample of U.S. adults aged 20 to 94 (N = 886). We used self-reported zip code data coupled with the US Census data to reconstruct community-level indicators of social cohesion (i.e. neighborhood disorder, neighborhood disadvantage, residential instability).
RESULTS: We found that reduced community-level social cohesion was associated with increased risk for financial exploitation. In addition, our exploratory analyses indicated that community-level indicators of social cohesion moderated the association between subjective cognitive decline and risk of financial exploitation. Specifically, individuals with higher levels of subjective cognitive decline residing in areas with low residential instability appeared to have lower risk of financial exploitation.
CONCLUSION: These results highlight how community-level factors contribute to risk for financial exploitation, which may provide a foundation for future work aimed at improving prevention strategies and public policy.",Tia Tropea; Yi Yang; Rita Ludwig; Dominic Fareri; Jeremy Mennis; David V Smith,2025,Aging & mental health,Journal Article,eng,"Humans; Male; Middle Aged; Female; Aged; Adult; Aged, 80 and over; Young Adult; United States; Residence Characteristics / statistics & numerical data; Neighborhood Characteristics / statistics & numerical data; Risk Factors; Cognitive Dysfunction / epidemiology",Financial exploitation; belonging; cognition; social cohesion; social support,,,
40545415,10.1016/j.jagp.2025.05.012,https://pubmed.ncbi.nlm.nih.gov/40545415/,Profiles of Vulnerability to Financial Exploitation in the Degenerative Dementias.,"OBJECTIVE: Financial decisions are necessary for independent living. There is evidence that dementia and cognitive impairment can impair the ability to pursue financial skills and lead to vulnerability to financial exploitation. Frontotemporal dementia (FTD) and to a lesser extent Alzheimer's disease (AD) promote susceptibility to deception. There is little evidence for other forms of degenerative dementia. To explore this topic, we developed a questionnaire that assesses financial behavior in four dementias: Alzheimer's disease (AD), behavioral variant Frontotemporal Dementia (bvFTD), semantic variant of Primary Progressive Aphasia (svPPA), and dementia with Lewy bodies (LBD).
DESIGN, SETTING, PARTICIPANTS: Participants were 166 consecutive patients with dementia (78 AD, 34 bvFTD, 22 svPPA, 32 LBD) involved in a cross-sectional study exploring financial frailty.
MEASUREMENTS: An experimental questionnaire, the Financial Frailty Battery (FFB), was administered to caregivers who were asked to report any behavioral changes after the onset of dementia in five domains related to financial behavior: Trust, Susceptibility to Scams, Behavioral Tendencies, Financial Management and Use of Money.
RESULTS: bvFTD showed alterations in all domains explored and was the only group prone to scams. AD and svPPA showed a greater tendency to trust people, exhibit certain behavioral tendencies, and engage in financial mismanagement, but no increased susceptibility to scams. LBD showed deficits in financial management and use of money, with preserved trust and no susceptibility to scams.
CONCLUSION: The presence of specific profiles regarding financial behavior in different forms of degenerative dementia may be useful to creating tailored protection strategies in clinical settings.",Veronica Cherubini; Oscar Prata; Lucrezia Fattobene; Maria Gabriella Ceravolo; Mauro Silvestrini; Simona Luzzi,2025,The American journal of geriatric psychiatry : official journal of the American Association for Geriatric Psychiatry,Journal Article,eng,"Humans; Aged; Female; Male; Frontotemporal Dementia / psychology, physiopathology; Cross-Sectional Studies; Alzheimer Disease / psychology, economics; Lewy Body Disease / psychology, physiopathology; Aphasia, Primary Progressive / psychology, physiopathology; Middle Aged; Aged, 80 and over; Trust / psychology; Financial Management; Surveys and Questionnaires; Dementia / psychology",Alzheimer's disease; dementia; financial exploitation vulnerability; frailty; frontotemporal dementia,,,
41206326,10.1016/j.inpsyc.2025.100162,https://pubmed.ncbi.nlm.nih.gov/41206326/,Cognitive functioning predicts vulnerability to financial exploitation in APOE e4 carriers.,"An emerging body of work suggests that financial exploitation vulnerability (FEV) may be an early marker of Alzheimer's disease (AD). We examined how APOE e4 genotype and cognition at baseline interact to predict subsequent FEV one year later. Participants were 95 older adults without dementia aged 50 or older (M age = 69.09, SD = 7.51; 72.63 % female; 72.63 % White non-Hispanic). Participants completed two annual assessments that included comprehensive neuropsychological testing and a measure of FEV. Saliva samples for APOE genotyping were collected. Linear regression models regressed Year 2 FEV on APOE, global cognition, and their interaction. Age, sex, education, and Year 1 FEV scores were covaried. Models were re-run considering cognitive domains separately (memory, language, and attention/working memory and executive functioning). Main effects of APOE and cognition were not found. However, cognition and APOE status interacted to predict Year 2 FEV. Specifically, worse cognitive functioning predicted higher FEV only for e4 carriers. Cognitive domain analyses revealed more nuanced relationships. Findings suggest that cognition is a relevant risk factor of FEV for e4 carriers, and support the emerging idea that FEV may be an early marker of AD-related neuropathological changes.",Gali H Weissberger; Hussein N Yassine; Jenna Axelrod; Laura Fenton; Daisy T Noriega-Makarskyy; Cassidy Molinare; Jordan T Williams; Emma Oyen; Paige Kim; Mark H C Lai; S Duke Han,2025,International psychogeriatrics,Journal Article,eng,,APOE; Alzheimer’s disease; Financial exploitation; Fraud; Scams,,,
40952241,10.1080/13825585.2025.2559699,https://pubmed.ncbi.nlm.nih.gov/40952241/,Charitable and memorable? Probing the effects of prosocial decisions on face memory in younger and older adults.,"Separate lines of evidence suggest that prosocial motives are increasingly prioritized with adult age, and that episodic memory remains sensitive to motivational influences throughout the adult lifespan. The current study was designed to examine the potential interplay of prosociality and episodic memory. By pairing a financial decision-making task with an incidental face recognition task, we examined the influence of prosocial decision-making on subsequent memory for associated information (i.e. faces) in healthy younger and older adults (N = 128). During the decision-making task, participants were presented with hypothetical financial transfers from their own account to a food bank charity, which was represented by the face of a food bank client. Prosocial reward was operationalized as the amount transferred to the charity per trial. During a subsequent surprise memory test, participants were asked to discriminate between faces seen during the decision-making task and new faces. Results revealed that older adults were more satisfied by, and more likely to accept, charitable transfers than younger adults, but there were no effects of prosocial reward on face recognition performance in either age group. These findings suggest that incidental encoding may not be sensitive to transient affective states associated with prosocial decisions in younger and older adults.",Shadini Dematagoda; Sana Junaid; Julia Spaniol,2025,"Neuropsychology, development, and cognition. Section B, Aging, neuropsychology and cognition","Clinical Trial; Journal Article; Research Support, Non-U.S. Gov't",eng,"Humans; Male; Female; Adolescent; Young Adult; Adult; Middle Aged; Healthy Volunteers; Age Factors; Decision Making; Facial Recognition; Memory, Episodic; Altruism; Reward",Aging; decision-making; face recognition; memory; motivation,,,
41163334,10.1177/15248380251383930,https://pubmed.ncbi.nlm.nih.gov/41163334/,A Scoping Review: Financial Exploitation Among Older People Living with Dementia.,"Financial exploitation (FE) is among the most commonly reported forms of elder abuse, with older people living with dementia facing a heightened risk due to various vulnerabilities. Given its high prevalence and deleterious impact, limited research has specifically addressed this critical issue, such as the lack of studies examining risk factors and intervention strategies. Guided by the methodological framework of Arksey and O'Malley, this scoping review aims to summarize the existing literature enhancing current knowledge and raising awareness about FE in this vulnerable population. Following a structured and systematic approach based on established scoping review protocols, we systematically searched 4 scientific databases (Ageline, Medline, CINAHL, and PsycINFO) for peer-reviewed articles published in English up to July 2024, identifying 21 articles for inclusion (14 quantitative and 7 qualitative). A comprehensive data extraction process identified seven key themes, including the prevalence of FE, the relationship between FE and cognitive function, case descriptions, risk factors, warning signs, strategies to address FE, and barriers (e.g., unclear professional responsibilities) and facilitators (e.g., strong advocacy services) to safeguarding. The findings emphasize the necessity for multilevel strategies to prevent and address FE at the individual, professional, institutional, and systemic levels. Research in this field is thematically diverse yet fragmented, with limited studies directly addressing the intersection of FE and dementia. These insights underscore the need for future research (e.g., adverse effects), policy-making (e.g., mandated reporting), and intervention development (e.g., caregiver education) to better support and protect this at-risk population.",Wenxing Wei; Sarah Balser,2025,"Trauma, violence & abuse",Journal Article; Review,eng,,criminology; disabilities; elder abuse; violence exposure; violence prevention,,,
41199940,10.3389/fnbeh.2025.1644777,https://pubmed.ncbi.nlm.nih.gov/41199940/,Contextual influences on risk-taking in children and adults.,"Human risk-taking is well known to be influenced by context-dependent factors. In a previous study, we demonstrated that non-human primates similarly exhibit contextual risk-preference: two species of great apes showed risk-prone or risk-neutral choices depending on the manner in which risk was presented. Here, we applied the same experimental paradigm to human participants across different age groups using a computerized online interface. Consistent with the findings in great apes, we observed shifts in risk preference contingent on the experimental context, with these effects particularly pronounced in children. In a subsequent experiment, we explored potential cognitive mechanisms underlying this preference shift, identifying a general propensity for exploration and framing effects as promising explanatory factors common to both humans and animals.",Penelope Lacombe; Klaus Zuberbühler; Christoph D Dahl,2025,Frontiers in behavioral neuroscience,Journal Article,eng,,behavioral economics; cognitive biases; decision-making; framing effect; risk preference; risk-taking behavior,,,
40858919,10.1007/s40120-025-00815-w,https://pubmed.ncbi.nlm.nih.gov/40858919/,Global Societal Burden of Alzheimer's Disease by Severity: a Targeted Literature Review.,"INTRODUCTION: Alzheimer's disease (AD) is among the costliest of illnesses for the elderly, placing a significant burden on healthcare systems and caregivers. Despite the depth of evidence, reviews lack a holistic assessment of such costs, falling short of illustrating unmet medical needs. The objective of this review was to therefore characterize the total societal economic burden of AD, broken down by care setting and disease severity.
METHODS: A targeted literature search of systematic reviews, cost-of-illness, and observational studies published between 2013 and 2024 was conducted on MEDLINE and Embase to identify articles reporting the economic burden of AD. Grey literature was hand-searched. Both direct and indirect costs were assessed, including societal burdens not often reported by AD-specific cost-of-illness studies such as financial delinquencies.
RESULTS: In total, 81 articles were reviewed in depth, including 20 systematic reviews and 61 studies or reports. Findings consistently demonstrated that societal costs of AD or dementia typically increased by at least 50% between consecutive severity levels, increasing with disease progression. Informal caregiving often comprised close to half of societal costs, regardless of care setting, disease severity, or region. While studies reporting costs of mild cognitive impairment (MCI) were limited, the economic burden reported for this stage was appreciable compared to mild AD. Evidence for the impact of AD, as early as MCI, on quality of life (e.g., emotional and mental strain) and personal financial management capabilities was also identified.
CONCLUSION: This review provides a comprehensive overview, from studies spanning over more than a decade, of the substantial societal economic burden associated with AD, across cost categories, care settings, disease stages, and regions. This review may be used to inform health economic evaluations of novel interventions with potential to reduce the enormous and growing global economic burden of AD and dementia.",Maria A Cavaco; Se Ryeong Jang; Christopher Olsen; Carolyn Bodnar; Nicole Ferko,2025,Neurology and therapy,Journal Article; Review,eng,,Alzheimer’s disease; Caregiver burden; Dementia; Direct costs; Economic burden; Indirect costs; Quality of life,,,
40616923,10.1016/j.gerinurse.2025.103467,https://pubmed.ncbi.nlm.nih.gov/40616923/,The impact of imposter syndrome on ego integrity and gender dynamics among aging nurses: A mixed-methods study.,"This study investigates the relationship between imposter syndrome and ego integrity among aging nurses, with a specific focus on gender dynamics, defined as gender-based perceptions, expectations, and role conflicts within the nursing profession. Imposter syndrome-characterized by persistent self-doubt and fears of being exposed as a fraud-remains prevalent among older adults, challenging assumptions that such feelings diminish with age. This mixed-methods study targeted aging nurses (aged 60 and above) working in primary health care centers, combining quantitative surveys (n = 90) with qualitative interviews (n = 15). Guided by Erikson's psychosocial development theory, the study explored how imposter feelings influence the attainment of ego integrity, a sense of life satisfaction and acceptance in later life. Quantitative findings revealed a significant negative correlation between imposter syndrome and ego integrity, indicating that higher imposter feelings hinder psychological well-being in aging nurses. Qualitative results enriched these findings through three main themes: (1) reflections on life achievements, (2) feelings of inadequacy and undeserved success, and (3) the emotional and psychological impact of imposter syndrome on aging. These insights highlight the need for tailored mental health interventions to support aging nurses in reconciling self-doubt with their professional and personal accomplishments.",Walaa Badawy; Mostafa Shaban,2025,"Geriatric nursing (New York, N.Y.)",Journal Article,eng,Humans; Female; Male; Middle Aged; Ego; Aging / psychology; Aged; Surveys and Questionnaires; Qualitative Research; Self Concept,Aging populations; Cognitive-behavioural therapy; Ego integrity; Imposter syndrome; Psychosocial well-being,,,
39696757,10.1111/jnp.12409,https://pubmed.ncbi.nlm.nih.gov/39696757/,Can machine learning assist us in the classification of older patients suffering from dementia based on classic neuropsychological tests and a new financial capacity test performance?,"AIMS: Predicting the diagnosis of an older adult solely based on their financial capacity performance or other neuropsychological test performance is still an open question. The aim of this study is to highlight which tests are of importance in diagnostic protocols by using recent advancements in machine learning.
METHODS: For this reason, a neuropsychological battery was administered in 543 older Greek patients already diagnosed with different types of neurocognitive disorders along with a test specifically measuring financial capacity, that is, Legal Capacity for Property Law Transactions Assessment Scale (LCPLTAS). The battery was analysed using a random forest algorithm. The objective was to predict whether an older person suffers from dementia. The algorithm's performance was tested through cross-validation.
RESULTS: Machine learning was applied for the first time in data analysis regarding financial capacity and three factors-tests were revealed as the best predictors: two subscales from the LCPLTAS measuring 'financial decision making' and 'cash transactions', and the widely used MMSE which measures general cognition. The algorithm demonstrated good performance as measured by the F1-score, which is a measure of the harmonic mean of precision and recall. This evaluation metric in binary and multi-class classification integrates precision and recall into a single metric to gain a better understanding of model performance.
CONCLUSIONS: These findings reveal the importance of focusing on these scales and tests in neuropsychological assessment protocols. Future research may clarify in other cultural settings if the same variables are of importance.",Vaitsa Giannouli; Stylianos Kampakis,2025,Journal of neuropsychology,Journal Article,eng,"Humans; Male; Neuropsychological Tests; Machine Learning; Aged; Female; Dementia / diagnosis, classification, psychology; Aged, 80 and over; Decision Making",dementia; financial capacity; machine learning; neuropsychological assessment,,,
40789926,10.1038/s41598-025-15519-2,https://pubmed.ncbi.nlm.nih.gov/40789926/,Multimodal anti fraud education improves cognitive emotional and behavioral engagement in older adults.,"This study examines the differential effectiveness of video-based versus text-based anti-fraud educational interventions in improving cognitive comprehension, emotional engagement, and behavioral intentions among older adults. Using a stratified sample of 220 older adults aged 60 and above, the findings reveal that video-based materials significantly outperform text-based interventions in enhancing cognitive comprehension, emotional engagement, and behavioral intentions related to fraud prevention. Conversely, text-based materials offer more structured and detailed informational guidance, effectively heightening older adults' awareness of financial vulnerabilities, although generating comparatively lower emotional engagement. By introducing and validating a multimodal approach that strategically integrates video and text, this research addresses a critical gap in current anti-fraud education strategies tailored to older adults' diverse cognitive and emotional needs. The results carry substantial implications for policymakers and educators aiming to enhance older adults' resilience to financial fraud, particularly amidst increasingly sophisticated threats such as artificial intelligence-enhanced scams.",Yan-Bang Zhou; Ya-Ru Bu; Qing Bao; Hong-Jin Zhao,2025,Scientific reports,Journal Article,eng,"Humans; Aged; Male; Female; Cognition; Fraud / prevention & control; Emotions; Middle Aged; Aged, 80 and over; Comprehension",Anti-Fraud education; Cognitive comprehension; Emotional engagement; Financial vulnerability; Video and text,,,
40760692,10.1002/alz.70455,https://pubmed.ncbi.nlm.nih.gov/40760692/,Occupational position and complexity in relation to Black-White cognitive disparities.,"INTRODUCTION: Occupational characteristics are less commonly measured social determinants of health that may contribute to racial dementia disparities. We assessed whether occupational position (OP) or complexity (OC) mediated racial cognitive disparities.
METHODS: Participants were Black and White older adults from the Michigan Cognitive Aging Project (MCAP) (n = 536; Mage = 63.64 ± 3.07; 59% women; 53% Black). We assessed whether OP (six US Census categories) or OC (mental/social/physical demands) mediated cognitive disparities. Sequential mediation analyses assessed whether OP explained cognitive disparities through OC, income, and/or wealth.
RESULTS: Black participants had low (vs high) OP, which predicted worse episodic memory and global cognition (4% to 7% mediated). OC did not mediate cognitive disparities. Disparities in cognition operated through inequities in OP, education, and income. Effects were driven by participants not currently working.
DISCUSSION: Occupation may influence cognitive disparities primarily through socioeconomic, rather than cognitive stimulation, pathways. Policies targeting workforce inequities may reduce racial disparities in dementia risk.
HIGHLIGHTS: OP mediated 4% to 7% of racial cognitive disparities. OC did not uniquely mediate racial cognitive disparities. Sequential mediation highlighted life course socioeconomic pathways of disparities. Socioeconomic factors more strongly relate to cognitive disparities than engagement. Findings were driven by participants who were not currently in the workforce.",Monica E Walters; Jordan D Palms; Brooke A Huizenga; Ketlyne Sol; Vivian Ku; Emily P Morris; Kiana A Scambray; Lauren Taylor; Laura B Zahodne,2025,Alzheimer's & dementia : the journal of the Alzheimer's Association,Journal Article,eng,Aged; Female; Humans; Male; Middle Aged; Black or African American / statistics & numerical data; Cognition; Health Status Disparities; Michigan; Occupations / statistics & numerical data; Social Determinants of Health; Socioeconomic Factors; White / statistics & numerical data,O*NET; aging; cognition; education; episodic memory; executive functioning; health disparities; language; occupational complexity; occupational position; processing speed; social determinants of health; socioeconomic status; structural racism; visuospatial functioning,,,
40452483,10.1177/13872877251346044,https://pubmed.ncbi.nlm.nih.gov/40452483/,What is frustrating the search for treatment of dementia? Fraud or ideas?,"The search for a treatment for dementia has been troubled by recent evidence of laboratory fraud. While acknowledging the seriousness of fraud, the author argues that the search for treatment has been slowed more by scientists' failure adequately to address two questions: 1) Why is dementia delayable before diagnosis yet unstoppable after diagnosis? And 2) How did molecular markers of dementia (like the peptide Aβ) evolve? What do they do for the individual, that made their evolution possible? These questions are addressed and their implications for the delay and treatment of dementia are discussed.",Jonathan Stone,2025,Journal of Alzheimer's disease : JAD,Journal Article; Review,eng,"Humans; Dementia / therapy, diagnosis; Biomarkers",Alzheimer's disease; brain aging; cognitive aging; cognitive decline; cognitive neuroscience; neurodegeneration; neurodegenerative diseases; vascular cognitive impairment,,,
40274107,10.1016/j.jad.2025.04.115,https://pubmed.ncbi.nlm.nih.gov/40274107/,A novel sex-specific association between insulin resistance and depressive symptoms in older adults: The potential mediating role of Vascular Endothelial Growth Factor.,"BACKGROUND: Insulin resistance (IR) and depression are increasingly recognized as interconnected conditions in aging, potentially linked through chronic low-grade inflammation (""inflammaging""). The triglyceride-glucose (TyG) index has emerged as a validated surrogate marker of IR, yet its relationship with inflammatory biomarkers and depressive symptoms in older adults remains underexplored.
OBJECTIVE: This study investigated the association between the TyG index, depressive symptoms, and circulating inflammatory molecules in cognitively healthy older adults, with emphasis on sex-specific differences and the potential mediating role of vascular endothelial growth factor (VEGF).
METHODS: In this retrospective study, 118 non-diabetic older adults (mean age 74.1 years; 52.5 % men) with preserved cognition (MMSE ≥27) were assessed. Depressive symptoms were measured using the Geriatric Depression Scale (GDS), while cytokines and growth factors were quantified via multiplex immunoassay. The TyG index was calculated from fasting glucose and triglyceride levels. Multiple linear regression models controlled for age, sex, BMI, and medication use.
RESULTS: Depressive symptoms (GDS ≥5) were present in 31.35 % of participants. Those with depression had lower levels of anti-inflammatory cytokines and elevated levels of VEGF and MCP-1. TyG index correlated with both GDS scores (r = 0.239, p = 0.017) and VEGF (r = 0.271, p = 0.005), with significant associations observed only in women. VEGF emerged as a key mediator in the TyG-depression link in women (R2 = 0.425).
CONCLUSIONS: These findings suggest a sex-specific metabolic-inflammatory signature in late-life depression. VEGF may serve as a mechanistic link between IR and depressive symptoms in older women, supporting sex-tailored interventions.",Francesca Mancinetti; Flavia Labarile; Patrizia Bastiani; Michela Scamosci; Martina Alunno; Roberta Cecchetti; Patrizia Mecocci; Virginia Boccardi,2025,Journal of affective disorders,Journal Article,eng,"Humans; Female; Insulin Resistance / physiology; Male; Aged; Vascular Endothelial Growth Factor A / blood, physiology; Depression / blood; Retrospective Studies; Triglycerides / blood; Sex Factors; Blood Glucose / metabolism, analysis; Aged, 80 and over; Cytokines / blood; Biomarkers / blood; Chemokine CCL2 / blood; Inflammation / blood",Aging; Depressive symptoms; Inflammation; Insulin resistance,,,
40257915,10.1037/pag0000897,https://pubmed.ncbi.nlm.nih.gov/40257915/,Rule-based learning among older adults: Overcoming prior beliefs for better trust-related decisions.,"Older adults are known to prioritize unreliable facial cues (facial trustworthiness) over relevant behavioral information (behavioral evaluation) when judging trustworthiness, increasing their risk of falling victim to fraud. This study examines age-related difference in the initial preference for facial over behavioral cues, and whether older adults could overcome such biased preference through learning. An associative memory-free, rule-based one-shot trust game was used, where 104 younger adults (aged 18-28, Mage = 21.38, SDage = 2.41; 31 males) and 105 older adults (aged 60-77, Mage = 65.55, SDage = 4.15; 32 males) each completed 96 trials, deciding whether to invest in trustees based on their face and behavioral evaluation of trustworthiness. Computational modeling revealed that compared to younger participants, older adults relied more on perceived facial trustworthiness, rather than using the diagnostic cue of behavioral evaluation at the beginning. Nevertheless, older adults were able to learn to increase their decision weight for the diagnostic cue progressively, as younger adults did, with the feedback provided during the task. Such results showcased older adults' capability to learn the implicit rules and adjust their decisions from feedback. These findings contribute to the development of interventions aimed at preventing fraud victimization and promoting decision-making quality among older adults. (PsycInfo Database Record (c) 2025 APA, all rights reserved).",Shuyao Liao; Jianbo Chen; Linlin Chen; Chao Chen; Hang Zhang; Xin Zhang,2025,Psychology and aging,Journal Article,eng,Humans; Trust / psychology; Male; Aged; Female; Middle Aged; Adult; Decision Making; Young Adult; Adolescent; Learning; Aging / psychology; Social Perception; Cues; Facial Recognition,,,,
40691194,10.1038/s41467-025-61650-z,https://pubmed.ncbi.nlm.nih.gov/40691194/,Machine learning in Alzheimer's disease genetics.,"Traditional statistical approaches have advanced our understanding of the genetics of complex diseases, yet are limited to linear additive models. Here we applied machine learning (ML) to genome-wide data from 41,686 individuals in the largest European consortium on Alzheimer's disease (AD) to investigate the effectiveness of various ML algorithms in replicating known findings, discovering novel loci, and predicting individuals at risk. We utilised Gradient Boosting Machines (GBMs), biological pathway-informed Neural Networks (NNs), and Model-based Multifactor Dimensionality Reduction (MB-MDR) models. ML approaches successfully captured all genome-wide significant genetic variants identified in the training set and 22% of associations from larger meta-analyses. They highlight 6 novel loci which replicate in an external dataset, including variants which map to ARHGAP25, LY6H, COG7, SOD1 and ZNF597. They further identify novel association in AP4E1, refining the genetic landscape of the known SPPL2A locus. Our results demonstrate that machine learning methods can achieve predictive performance comparable to classical approaches in genetic epidemiology and have the potential to uncover novel loci that remain undetected by traditional GWAS. These insights provide a complementary avenue for advancing the understanding of AD genetics.",Matthew Bracher-Smith; Federico Melograna; Brittany Ulm; Céline Bellenguez; Benjamin Grenier-Boley; Diane Duroux; Alejo J Nevado; Peter Holmans; Betty M Tijms; Marc Hulsman; Itziar de Rojas; Rafael Campos-Martin; Sven van der Lee; Atahualpa Castillo; Fahri Küçükali; Oliver Peters; Anja Schneider; Martin Dichgans; Dan Rujescu; Norbert Scherbaum; Jürgen Deckert; Steffi Riedel-Heller; Lucrezia Hausner; Laura Molina-Porcel; Emrah Düzel; Timo Grimmer; Jens Wiltfang; Stefanie Heilmann-Heimbach; Susanne Moebus; Thomas Tegos; Nikolaos Scarmeas; Oriol Dols-Icardo; Fermin Moreno; Jordi Pérez-Tur; María J Bullido; Pau Pastor; Raquel Sánchez-Valle; Victoria Álvarez; Mercè Boada; Pablo García-González; Raquel Puerta; Pablo Mir; Luis M Real; Gerard Piñol-Ripoll; Jose María García-Alberca; Eloy Rodriguez-Rodriguez; Hilkka Soininen; Sami Heikkinen; Alexandre de Mendonça; Shima Mehrabian; Latchezar Traykov; Jakub Hort; Martin Vyhnalek; Nicolai Sandau; Jesper Qvist Thomassen; Yolande A L Pijnenburg; Henne Holstege; John van Swieten; Inez Ramakers; Frans Verhey; Philip Scheltens; Caroline Graff; Goran Papenberg; Vilmantas Giedraitis; Julie Williams; Philippe Amouyel; Anne Boland; Jean-François Deleuze; Gael Nicolas; Carole Dufouil; Florence Pasquier; Olivier Hanon; Stéphanie Debette; Edna Grünblatt; Julius Popp; Roberta Ghidoni; Daniela Galimberti; Beatrice Arosio; Patrizia Mecocci; Vincenzo Solfrizzi; Lucilla Parnetti; Alessio Squassina; Lucio Tremolizzo; Barbara Borroni; Michael Wagner; Benedetta Nacmias; Marco Spallazzi; Davide Seripa; Innocenzo Rainero; Antonio Daniele; Fabrizio Piras; Carlo Masullo; Giacomina Rossi; Frank Jessen; Patrick Kehoe; Tsolaki Magda; Pascual Sánchez-Juan; Kristel Sleegers; Martin Ingelsson; Mikko Hiltunen; Rebecca Sims; Wiesje van der Flier; Ole A Andreassen; Agustín Ruiz; Alfredo Ramirez; EADB; Ruth Frikke-Schmidt; Najaf Amin; Gennady Roshchupkin; Jean-Charles Lambert; Kristel Van Steen; Cornelia van Duijn; Valentina Escott-Price,2025,Nature communications,Journal Article,eng,"Alzheimer Disease / genetics; Humans; Machine Learning; Genome-Wide Association Study; Genetic Predisposition to Disease; Polymorphism, Single Nucleotide; Algorithms; GTPase-Activating Proteins / genetics; Neural Networks, Computer",,,,
40628780,10.1038/s41598-025-08289-4,https://pubmed.ncbi.nlm.nih.gov/40628780/,The impact of insufficient sleep on dietary choices and physical activity behaviors: evidence from a randomized cross-over trial.,"The current study aimed to identify how manipulated sleep restriction affects dietary choices and physical activity (PA). Young adults were administered one week of well-rested sleep levels (WR: 8-9 h/night) and sleep-restriction (SR: 5-6 h/night) in their (naturalistic) at-home setting, using a randomized cross-over design. Participants made consequential bids for snacks/beverages following SR and WR in an auction task. Other primary outcome measures included daily self-reported dietary intake and actigraphy-measured PA. Multivariate regression analyses examined main and moderator impacts of SR on primary outcome measures. In total, 118 treatment participants completed the study (M = 20 years old, n = 65 females). SR predicted increased self-reported daily caloric intake and importance of taste (over healthiness) in auction bids, but only in participants with higher baseline cognitive or behavioral control characteristics (p < .05). Furthermore, SR predicted reduced average hourly PA (p < .01), increased sedentary behaviors (p < .01), and more prolonged bouts of sitting (p < .01) for all participants. While prior literature suggests dietary choices may mediate the link between SR and obesity, we did not find altered dietary choices. Rather, our results suggest decreased PA may also contribute to the link between SR and obesity.",David L Dickinson; Naomi Kakoschke; Sean P A Drummond,2025,Scientific reports,Journal Article; Randomized Controlled Trial,eng,Humans; Female; Male; Cross-Over Studies; Exercise / physiology; Young Adult; Adult; Sleep Deprivation / physiopathology; Sleep / physiology; Energy Intake; Choice Behavior; Diet; Food Preferences; Adolescent,Behavioral economics; Diet; Health behavior; Physical activity; Sleep restriction,,,
40648631,10.3390/healthcare13131607,https://pubmed.ncbi.nlm.nih.gov/40648631/,Financial Capacity Assessment in Female Euthymic Bipolar Patients: Catching Up on a Long Neglected Vulnerable Group.,"Background: Patients with bipolar disorder (BD) face many challenges as many basic cognitive and non-cognitive domains can be affected by their disease. Financial capacity requires complex cognitive functioning and is little investigated in BD, especially in the Greek cultural context. Objectives: This study, for the first time, is focusing on whether financial capacity shows deficits in female euthymic BD patients compared to controls and what the self-estimations of the patients for their performance are. Materials and Methods: Patients and a sample of one-to-one matched healthy controls were examined with a detailed neuropsychological battery and the Legal Capacity for Property Law Transactions Assessment Scale (LCPLTAS). Before their neuropsychological assessment, participants responded to a single-item five-point Likert scale about their financial capacity. Results: Findings extend earlier work in other groups of older patients and indicate that euthymic BD patients' performance is lower than that of the control group in various subdomains and total score of LCPLTAS (p < 0.001), resembling the performance of patients with a diagnosis of Mild Cognitive Impairment (MCI). However, euthymic BD patients are not aware of their cognitive deficits compared to healthy controls and overestimate their financial capacities as they have more positive estimations regarding their financial capacity than controls (χ2(1) = 8.315, p = 0.004) despite their lower real performance. In addition, from a number of classic neuropsychological tests administered, only Trail Making Part B correlates with LCPLTAS scores for the group of euthymic BD patients (rho = -0.561, p = 0.005). Conclusions: The results support that special care must be provided for euthymic BD individuals, so we can prevent financial exploitation.",Vaitsa Giannouli,2025,"Healthcare (Basel, Switzerland)",Journal Article,eng,,bipolar disorder; euthymic; financial capacity; financial decision-making; financial exploitation; self-estimations,,,
40611402,10.1111/psyg.70068,https://pubmed.ncbi.nlm.nih.gov/40611402/,A Preliminary Study on the Development of a Virtual Reality-Based Financial Decision-Making Training Tool for Investment Trusts: Usability and Acceptability Among Community-Dwelling Healthy Older People.,"BACKGROUND: As global population ages, financial gerontology is becoming increasingly important in supporting older adults' financial decision-making. The decline in the real asset value of financial assets driven by inflation and social security reforms necessitates investment strategies beyond traditional savings. However, age-related cognitive decline can impair financial decision-making capacity, highlighting the need for effective interventions. Virtual reality (VR)-based training appears promising in enhancing cognitive function, making it an engaging tool for financial education. This study aimed to evaluate the usability and acceptability of a VR-based financial decision-making training tool for investment trust among community-dwelling older adults.
METHODS: Twenty-eight cognitively healthy older adults (≥ 60 years, Japanese version of the Montreal Cognitive Assessment ≥ 26) participated in a usability study using the Oculus Quest 2. The VR training involved interacting with an avatar that explained investment trust and answered decision-making quizzes. Usability and acceptability were assessed using a System Usability Scale, a Simulator Sickness Questionnaire, Likert-scale ratings on content clarity and content analysis of open-ended responses.
RESULTS: The median training session lasted 21.8 min, and most participants (89.3%) completed the task with minimal or no support. The System Usability Scale score was 63.8, slightly below the usability benchmark, whereas Simulator Sickness Questionnaire scores indicated minimal VR-induced discomfort (overall score: median 3.7). Content analysis revealed three major strengths-cognitive support, emotional engagement and learner autonomy-and four key challenges including interface usability, content difficulty, physical comfort, and auditory pacing.
CONCLUSIONS: This preliminary study suggests that VR-based financial decision-making training is a promising tool for financial education in older adults, as it may reduce psychological barriers to financial learning. However, improvements in usability, including intuitive and interactive feedback, are required. Future studies should explore the long-term impact of VR training on financial decision-making, potential adaptations for vulnerable populations, and its role within hybrid financial education programs.",Yuka Kato; Masami Hiyama; Nozomu Oya; Jin Narumoto,2025,Psychogeriatrics : the official journal of the Japanese Psychogeriatric Society,Journal Article,eng,"Humans; Aged; Male; Female; Virtual Reality; Decision Making; Independent Living; Middle Aged; Trust / psychology; Aged, 80 and over; Surveys and Questionnaires; Japan",acceptability; financial decision‐making; investment trust; older people; usability; virtual reality,,,
40533518,10.1038/s41588-025-02227-w,https://pubmed.ncbi.nlm.nih.gov/40533518/,Transferability of European-derived Alzheimer's disease polygenic risk scores across multiancestry populations.,"A polygenic score (PGS) for Alzheimer's disease (AD) was derived recently from data on genome-wide significant loci in European ancestry populations. We applied this PGS to populations in 17 European countries and observed a consistent association with the AD risk, age at onset and cerebrospinal fluid levels of AD biomarkers, independently of apolipoprotein E locus (APOE). This PGS was also associated with the AD risk in many other populations of diverse ancestries. A cross-ancestry polygenic risk score improved the association with the AD risk in most of the multiancestry populations tested when the APOE region was included. Finally, we found that the PGS/polygenic risk score captured AD-specific information because the association weakened as the diagnosis was broadened. In conclusion, a simple PGS captures the AD-specific genetic information that is common to populations of different ancestries, although studies of more diverse populations are still needed to better characterize the genetics of AD.",Aude Nicolas; Richard Sherva; Benjamin Grenier-Boley; Yoontae Kim; Masataka Kikuchi; Jigyasha Timsina; Itziar de Rojas; María Carolina Dalmasso; Xiaopu Zhou; Yann Le Guen; Carlos E Arboleda-Bustos; Maria Aparecida Camargos Bicalho; Maëlenn Guerchet; Sven van der Lee; Monica Goss; Atahualpa Castillo; Céline Bellenguez; Fahri Küçükali; Claudia L Satizabal; Bernard Fongang; Qiong Yang; Oliver Peters; Anja Schneider; Martin Dichgans; Dan Rujescu; Norbert Scherbaum; Jürgen Deckert; Steffi Riedel-Heller; Lucrezia Hausner; Laura Molina-Porcel; Emrah Düzel; Timo Grimmer; Jens Wiltfang; Stefanie Heilmann-Heimbach; Susanne Moebus; Thomas Tegos; Nikolaos Scarmeas; Oriol Dols-Icardo; Fermin Moreno; Jordi Pérez-Tur; María J Bullido; Pau Pastor; Raquel Sánchez-Valle; Victoria Álvarez; Han Cao; Nancy Y Ip; Amy K Y Fu; Fanny C F Ip; Natividad Olivar; Carolina Muchnik; Carolina Cuesta; Lorenzo Campanelli; Patricia Solis; Daniel Gustavo Politis; Silvia Kochen; Luis Ignacio Brusco; Mercè Boada; Pablo García-González; Raquel Puerta; Pablo Mir; Luis M Real; Gerard Piñol-Ripoll; Jose María García-Alberca; Jose Luís Royo; Eloy Rodriguez-Rodriguez; Hilkka Soininen; Sami Heikkinen; Alexandre de Mendonça; Shima Mehrabian; Latchezar Traykov; Jakub Hort; Martin Vyhnalek; Katrine Laura Rasmussen; Jesper Qvist Thomassen; Yolande A L Pijnenburg; Henne Holstege; John C van Swieten; Harro Seelaar; Jurgen A H R Claassen; Willemijn J Jansen; Inez Ramakers; Frans Verhey; Aad van der Lugt; Philip Scheltens; Jenny Ortega-Rojas; Ana Gabriela Concha Mera; Maria F Mahecha; Rodrigo Pardo; Gonzalo Arboleda; Shahram Bahrami; Vera Fominykh; Geir Selbæk; Caroline Graff; Goran Papenberg; Vilmantas Giedraitis; Anne Boland; Jean-François Deleuze; Luiz Armando de Marco; Edgar Nunes de Moraes; Bernardo de Mattos Viana; Marco Túlio Gualberto Cintra; Teresa Juarez-Cedillo; Anthony J Griswold; Tatiana Forund; Jonathan Haines; Lindsay Farrer; Anita DeStefano; Ellen Wijsman; Richard Mayeux; Margaret Pericak-Vance; Brian Kunkle; Alison Goate; Gerard D Schellenberg; Badri Vardarajan; Li-San Wang; Yuk Yee Leung; Clifton L Dalgard; Gael Nicolas; David Wallon; Carole Dufouil; Florence Pasquier; Olivier Hanon; Stéphanie Debette; Edna Grünblatt; Julius Popp; Bárbara Angel; Sergio Gloger; Maria Victoria Chacon; Rafael Aranguiz; Paulina Orellana; Andrea Slachevsky; Christian Gonzalez-Billault; Cecilia Albala; Patricio Fuentes; Perminder Sachdev; Karen A Mather; Richard L Hauger; Victoria Merritt; Matthew Panizzon; Rui Zhang; J Michael Gaziano; Roberta Ghidoni; Daniela Galimberti; Beatrice Arosio; Patrizia Mecocci; Vincenzo Solfrizzi; Lucilla Parnetti; Alessio Squassina; Lucio Tremolizzo; Barbara Borroni; Benedetta Nacmias; Paolo Caffarra; Davide Seripa; Innocenzo Rainero; Antonio Daniele; Fabrizio Piras; EADB; Hampton L Leonard; Jenifer S Yokoyama; Mike A Nalls; Akinori Miyashita; Norikazu Hara; Kouichi Ozaki; Shumpei Niida; Julie Williams; Carlo Masullo; Philippe Amouyel; Pierre-Marie Preux; Pascal Mbelesso; Bébène Bandzouzi; Andy Saykin; Frank Jessen; Patrick G Kehoe; Cornelia Van Duijn; Nesrine Ben Salem; Ruth Frikke-Schmidt; Lotfi Cherni; Michael D Greicius; Magda Tsolaki; Pascual Sánchez-Juan; Marco Aurélio Romano Silva; Tenielle Porter; Simon M Laws; Kristel Sleegers; Martin Ingelsson; Jean-François Dartigues; Sudha Seshadri; Giacomina Rossi; Laura Morelli; Mikko Hiltunen; Rebecca Sims; Wiesje van der Flier; Ole A Andreassen; Humberto Arboleda; Carlos Cruchaga; Valentina Escott-Price; Agustín Ruiz; Kun Ho Lee; Takeshi Ikeuchi; Alfredo Ramirez; Jungsoo Gim; Mark Logue; Jean-Charles Lambert,2025,Nature genetics,Journal Article,eng,"Alzheimer Disease / genetics, epidemiology, cerebrospinal fluid; Humans; Multifactorial Inheritance / genetics; Genetic Predisposition to Disease; White People / genetics; Genome-Wide Association Study; Europe / epidemiology; Apolipoproteins E / genetics; Female; Risk Factors; Male; Polymorphism, Single Nucleotide; Aged; Biomarkers / cerebrospinal fluid; Genetic Risk Score",,,,
40501270,10.1177/02692155251347766,https://pubmed.ncbi.nlm.nih.gov/40501270/,Conceptualisation of financial capability in adults with acquired cognitive impairment: A qualitative evidence synthesis.,"ObjectiveTo explore definitions, theoretical models and conceptual frameworks related to financial capability in adults with acquired cognitive impairment from acquired brain injury or other neurological disease, including dementia.Data sourcesA systematic search of PubMed (inclusive of Medline), CINAHL, EMBASE, PsycINFO, ABI-inform, SCOPUS and the Cochrane database for papers published until May 2025.Review methodsA qualitative evidence synthesis approach was utilised in conjunction with the Preferred Reporting Items for Systematic Reviews and Meta-Analysis guidelines. Eligible papers articulated an original comprehensive definition and/or theoretical model or conceptual framework focused on financial capability in the target population. Papers were screened by two researchers, with methodological quality of included papers critically appraised. Data were extracted for tabulation and thematic synthesis, which was completed via coding and categorisation into descriptive and analytical themes.ResultsThe final analysis included 21 papers from the initial screening of 6516 papers. Fifteen discrete models were identified, with results indicating inconsistency in terminology use and meanings. Models that consider real-world performance within an individual's contextual environment are increasingly utilising economics related terminology such as financial capability. The majority of papers related to people with dementia and were multidisciplinary in authorship, or from the psychology literature. Themes found in the literature include the multi-dimensionality of financial capability, financial decision-making ability and exploitation risk for legal capacity, and the neuropathological cause of declining financial capability.ConclusionFurther research with the inclusion of the consumer lived experience is recommended to inform models of care for this complex area of practice.",Sarah Swan; Freyr Patterson; Terra M Bredy; Jennifer Fleming,2025,Clinical rehabilitation,Journal Article; Systematic Review,eng,"Humans; Cognitive Dysfunction / psychology, etiology, economics; Decision Making; Qualitative Research; Adult; Dementia / psychology",Neurological rehabilitation; activities of daily living; brain injury; cognitive impairment; dementia,,,
40394803,10.1111/psyg.70052,https://pubmed.ncbi.nlm.nih.gov/40394803/,The Financial Capacity of Individuals With Dementia: A Narrative Review.,"The prevalence of dementia is rising globally, with significant consequences for society. This increase not only places a substantial financial strain on caregivers and families but also adds a growing economic burden on societies and governments. In this context, improving the financial capacity of dementia patients is critical, as it can help mitigate the risk of financial exploitation and improve their quality of life. Financial competence is a complex and evolving concept, encompassing specific financial transaction behaviours and cognitive skills, such as mathematical ability and financial knowledge. Some recent studies have proposed a people-centred approach, emphasising that financial capacity should be understood through observation and aligned with individuals' personal values and life experiences. In this review, we outline the definition of financial capacity, especially in relation to dementia patients. Despite the importance of this area, tools specifically designed to measure financial capacity in dementia patients are still limited. The early decline of financial capacity is a common and notable trend among individuals with various types of dementia, underscoring its potential as an important marker for dementia diagnosis. For this reason, it is essential for clinicians to recognise the early signs of diminished financial ability, enabling them to offer timely guidance and support to patients and their families. The present review also provides insights from Japanese clinicians on managing patients who exhibit impaired financial capacity. In Japan, dementia prevalence is rising rapidly due to an aging population, making it critical to focus on research and practical solutions to address the financial challenges faced by these patients. Greater attention should be paid to developing strategies that safeguard the financial well-being of dementia patients, supporting them in managing their finances as independently as possible while protecting them from exploitation.",Weiyi Sun; Teruyuki Matsuoka; Yuka Kato; Masami Hiyama; Jin Narumoto,2025,Psychogeriatrics : the official journal of the Japanese Psychogeriatric Society,Journal Article; Review,eng,"Humans; Dementia / economics, psychology; Caregivers / psychology, economics; Quality of Life / psychology; Japan; Aged; Cost of Illness; Mental Competency",Alzheimer's disease; decision‐making; dementia; financial capacity; the elderly,,,
40565495,10.3390/healthcare13121469,https://pubmed.ncbi.nlm.nih.gov/40565495/,"Breaking Barriers, Building Habits: Psychological Analysis of the Relationship Between Perceived Barriers, Financial Burden, and Social Support on Exercise Adherence Among Adults Aged 50 and Older in South Korea.","Background/Objective: Sustained exercise adherence among older adults is essential for healthy aging but remains challenging due to psychological, social, and economic barriers. This study aimed to investigate how perceived exercise barriers, financial burden, constraint negotiation mechanisms, and social support influence exercise adherence among adults aged 50 and older by integrating behavioral economics, constraint negotiation theory, and social cognitive theory. Methods: A cross-sectional survey was conducted with 1000 community-dwelling older adults in South Korea using a convenience sampling method. Participants were recruited from community centers, senior welfare facilities, and public health clinics in urban and suburban areas. Data collection was conducted between 11 January and 21 April 2024, using both online (Qualtrics) and offline (paper-based) surveys. Participants completed validated instruments measuring perceived exercise barriers, financial burden, constraint negotiation mechanisms (including financial management and social support mobilization), perceived social support, and behavioral exercise adherence. The final sample used for analysis included 974 individuals (mean age = 60.24 years, SD = 6.42). Structural Equation Modeling (SEM) was used to assess direct, mediating, and moderating effects. Additional exploratory analyses (ANOVA and t-tests) examined subgroup differences. Results: SEM results showed that perceived exercise barriers (β = -0.352, p < 0.001) and financial burden (β = -0.278, p < 0.001) were negatively associated with exercise adherence. Constraint negotiation mechanisms (β = 0.231, p < 0.001) and perceived social support (β = 0.198, p < 0.001) were positively associated. Mediation analyses revealed that constraint negotiation strategies partially mediated the relationships between perceived barriers and adherence (indirect β = 0.124) and between financial burden and adherence (indirect β = 0.112). Moderation analysis confirmed that social support buffered the negative effects of financial and psychological barriers. Conclusions: Exercise adherence in later life is shaped by the dynamic interplay of structural constraints, behavioral strategies, and social reinforcement. Interventions should combine financial support with socially embedded structures that promote behavioral planning and peer accountability to sustain long-term physical activity among older adults.",Suyoung Hwang; Eun-Surk Yi,2025,"Healthcare (Basel, Switzerland)",Journal Article,eng,,behavioral exercise adherence; constraint negotiation theory; financial burden; older adults; perceived social support,,,
40314103,10.1093/scan/nsaf044,https://pubmed.ncbi.nlm.nih.gov/40314103/,Are older adults more deceived by false advertising? Evidence from intra- and inter-brain connectivity in the prefrontal cortex during face-to-face deceptive sales.,"Financial fraud through false advertising has become increasingly prevalent among both younger and older adults, yet the neuropsychological mechanisms underlying real-time, face-to-face deceptive sales are unclear. In addition, the effects of guilt appeal as a marketing strategy, across age groups, remain unexplored. We used functional near-infrared spectroscopy hyperscanning to examine purchase decisions and neural mechanisms by age group and sales approach (guilt vs. control) in a face-to-face sale mimicking real-life scenarios. Older adults had higher purchase intentions for products promoted by false advertising across sales approaches compared to younger adults. However, younger adults were more likely to be influenced by guilt appeal. The neural results aligned with the behavioral finding that younger adults' intra-brain functional connectivity and inter-brain synchronization values were greater in the guilt condition than in the control, whereas no difference between conditions was found for older adults. Using inter-subject representational similarity analyses, we identified distinct neuropsychological mechanisms between two age groups. Younger adults' frontopolar activity was associated with the advertising credibility, whereas older adults' frontopolar activity was associated with the trustworthiness of the salesperson during deceptive sales. These findings provide insights into age-specific vulnerabilities and may inform tailored consumer fraud prevention strategies targeting younger and older adults separately.",Ying-Chen Liu; Zi-Han Xu; Zhi-Jun Zhan; Zi-Wei Liang; Xue-Rui Peng; Jing Yu,2025,Social cognitive and affective neuroscience,"Journal Article; Research Support, Non-U.S. Gov't",eng,"Humans; Male; Female; Deception; Prefrontal Cortex / physiology, diagnostic imaging; Aged; Adult; Young Adult; Advertising; Middle Aged; Guilt; Spectroscopy, Near-Infrared; Aging / physiology, psychology; Trust; Adolescent; Fraud; Age Factors",aging; fNIRS hyperscanning; false advertising; guilt appeal; inter-brain synchronization,,,
40503900,10.1093/geront/gnaf125,https://pubmed.ncbi.nlm.nih.gov/40503900/,Relationship Between Perceived and Objective Financial Abilities Among Older Adults: Results From the Advanced Cognitive Training for Independent and Vital Elderly Cohort.,"BACKGROUND AND OBJECTIVES: Despite declines in financial ability with age and dementia, research has not explored older adults' metacognitive awareness of such declines. We investigated the relationship between subjective and objective financial abilities among older adults, and how this relationship changed over 10 years and with cognitive decline.
RESEARCH DESIGN AND METHODS: Data from older adults (N = 2,802) in the Advanced Cognitive Training for Independent and Vital Elderly study were used to assess subjective financial performance from the Minimum Data Set for Home Care and objective financial performance from the Everyday Problem Solving Test and the Observed Tasks of Daily Living. Multilevel modeling tested associations between subjective and objective performance and moderating factors.
RESULTS: In years when older adults subjectively reported fewer difficulties with their finances, they objectively performed better at financial tasks and this relationship became stronger over 10 years. This relationship was not present for older adults with a dementia diagnosis. Age and objective cognitive impairment did not moderate the relationships.
DISCUSSION AND IMPLICATIONS: Awareness of financial abilities is critical in an aging population bombarded by fraud and scams. Although older adults without dementia are metacognitively aware of their financial abilities, those diagnosed with dementia are more likely to experience financial anosognosia. These findings offer new insights for programs and early detection tools for dementia.",Ian M McDonough; Cuichan Lin; Kyle R Kraemer; Sheila R Black; Kelsey R Thomas; Lorraine T Dean; Rich N Jones; Joshua H Owens; Alden L Gross; Michael M Marsiske; Sherry L Willis,2025,The Gerontologist,"Journal Article; Research Support, Non-U.S. Gov't; Research Support, U.S. Gov't, Non-P.H.S.; Research Support, N.I.H., Extramural",eng,"Humans; Aged; Male; Female; Aged, 80 and over; Dementia / psychology; Activities of Daily Living; Cognitive Dysfunction / psychology; Independent Living; Metacognition; Aging / psychology; Cognitive Training",Anosognosia; Dementia; Early detection; Financial capacity; Metacognition,,,
40297890,10.1093/geronb/gbaf082,https://pubmed.ncbi.nlm.nih.gov/40297890/,Psychological Pathways Linking Neighborhood Socioeconomic Factors to Cognitive Health in Black and White Older Adults.,"OBJECTIVES: Both the level and distribution of neighborhood-level socioeconomic resources are associated with cognitive health in later life. This study examined psychological mechanisms underlying these associations for Black and White older adults.
METHODS: Data from 591 (50% Black, 43% White) older adults from the Michigan Cognitive Aging Project were linked to census tract-level information on neighborhood disadvantage, affluence, and racial income inequality from the National Neighborhood Data Archive. Global cognition was a z-score composite of 5 domains from a comprehensive neuropsychological battery. Psychological mediators were external perceived control and depressive symptoms measured with self-report questionnaires. Simultaneous mediation models accounting for neighborhood clustering examined associations between neighborhood factors and cognition through external perceived control and depressive symptoms.
RESULTS: External perceived control, but not depressive symptoms, mediated the negative association between neighborhood disadvantage and cognition in the whole sample. Moderated mediation models showed a stronger neighborhood disadvantage-cognition association independent of the psychological mediators among Black participants and stronger associations between affluence and both psychological mediators among White participants.
DISCUSSION: Psychosocial stress may be one pathway linking neighborhood disadvantage to dementia risk among diverse older adults. Future studies should characterize additional modifiable pathways, particularly for Black older adults, who also live in neighborhoods with greater disadvantage than White older adults, on average. Future studies should also investigate why neighborhood affluence may have stronger positive psychological and cognitive effects among White older adults than Black older adults, which could involve discrimination and racially patterned barriers to accessing neighborhood resources.",Laura B Zahodne; Emily P Morris; Robrielle Pierce; Ketlyne Sol; Kiana Scambray; Monica E Walters; Lauren Taylor; Vivian Ku; Sofia Lomba; Noah Green; Philippa J Clarke,2025,"The journals of gerontology. Series B, Psychological sciences and social sciences","Journal Article; Research Support, Non-U.S. Gov't; Research Support, N.I.H., Extramural",eng,"Aged; Aged, 80 and over; Female; Humans; Male; Black or African American / psychology; Cognition; Cognitive Aging / psychology; Depression / psychology, ethnology; Internal-External Control; Michigan / epidemiology; Neighborhood Characteristics / statistics & numerical data; Socioeconomic Factors; Stress, Psychological / psychology, ethnology; White / psychology",Aging; Depression; Health disparities; Locus of control; Mental health,,,
40473975,10.1038/s44271-025-00266-x,https://pubmed.ncbi.nlm.nih.gov/40473975/,"Psychological, social, and health-related factors predict risk for financial exploitation.","People lose tens of billions of dollars a year to financial exploitation in the United States alone. Few studies have examined how preferences for trust and fairness in economic activities may contribute to risk for financial exploitation. Furthermore, few studies have examined the interaction between risk factors. In three studies, we attempt to address these gaps by surveying 1918 (Study 1 = 680, Study 2 = 305, Study 3 = 933) demographically and socioeconomically diverse participants to examine putative risk factors for self-reported financial exploitation. We focused on: (1) how trust in others and fairness preferences during economic games are associated with self-reported financial exploitation; and (2) how sociodemographic and health-related factors interact with psychosocial factors to confer risk for financial exploitation. We found participants with lower socioeconomic status and poor emotion regulation skills were at the greatest risk for financial exploitation. We also found associations between greater risk for financial exploitation and poorer physical health, more severe cognitive decline, increased persuadability, and increased insensitivity to trustworthiness cues. Our findings suggest that risk for financial exploitation is dependent upon a combination of psychosocial, sociodemographic and health factors, which may lead to interventions that protect vulnerable individuals.",Yi Yang; Katherine Hackett; Srikar Katta; Rita M Ludwig; Johanna Jarcho; Tania Giovannetti; Dominic S Fareri; David V Smith,2025,Communications psychology,Journal Article,eng,,,,,
40420502,10.1080/08946566.2025.2508180,https://pubmed.ncbi.nlm.nih.gov/40420502/,The psychological mechanisms of older adults being defrauded by healthcare products: a mixed methods research study.,"The current study seeks to investigate the psychological mechanisms that lead older adults to fall victim to healthcare product scams. Initially, we conducted semi-structured, in-depth interviews with with victims and used grounded theory coding to develop a theoretical model. Subsequently, we applied structural equation modeling to validate and refine this theoretical model, which demonstrated a good fit. Our findings indicate that older adults' perceptions of cognitive aging, health status, health anxiety, and loneliness influence irrational consumption tendencies, including impulsive experimentation, conformity, emotional manipulation, trust in repetitive information, and manipulation by social support. These tendencies lead them to form risky consumption goals-pursuing positive effects, avoiding negative effects, pursuing physical well-being, pursuing product credibility, and avoiding medical treatment. These goals ultimately increase their likelihood of being defrauded.",Yuexin Ji; Ni Yan; Xuan Zhang,2025,Journal of elder abuse & neglect,Journal Article,eng,"Humans; Aged; Male; Female; Aged, 80 and over; Elder Abuse / psychology; Loneliness / psychology; Middle Aged; Interviews as Topic; Health Status; Social Support",Grounded theory; healthcare product fraud victimization; older adults; structural equation modeling,,,
40319815,10.1016/j.slasd.2025.100235,https://pubmed.ncbi.nlm.nih.gov/40319815/,Hyperphosphorylated tau-based Alzheimer's Disease drug discovery: Identification of inhibitors of tau aggregation and cytotoxicity.,"Alzheimer's disease (AD) is a neurodegenerative disorder that affects more than 30 million people worldwide. Underlying the progressive decline of cognitive functions are the neurofibrillary tangles (NFTs) in neurons of the brain. The spatiotemporal distribution of NFTs predicts the progression of cognitive symptoms. In contrast, the senile plaques of amyloid-β aggregates, another major biomarker for AD, do not correlate with the clinical symptom development, consistent with the negligible benefits to cognitive functions in patients receiving anti-Aβ immunotherapies. A new drug discovery avenue targeting tau pathologies is therefore urgently needed. Using a recombinant hyperphosphorylated tau (p-tau) that presents characters key to the disease, e.g., formation of neurotoxic aggregates, we conducted a fluorescence p-tau aggregation assay and completed a 100K-compound high-throughput screen (HTS) and identified inhibitors of p-tau aggregation and cytotoxicity. This dual functional screen resulted in several potent compounds that effectively curbed both p-tau aggregation and cytotoxicity. Results presented in this work are the first HTS for small-molecule compounds that target the cellular toxicity of hyperphosphorylated tau. Top hits found in this screen and their analogues to be developed in the near future may lead to breakthroughs in the therapeutic development for Alzheimer's disease and other neurodegenerative tauopathies.",Hsiao-Tien Hagar; Virneliz Fernandez-Vega; Kuang-Wei Wang; Luis M Ortiz Jordan; Justin Shumate; Louis Scampavia; April Sweet Tapayan; Hien M Nguyen; Timothy P Spicer; Min-Hao Kuo,2025,SLAS discovery : advancing life sciences R & D,"Journal Article; Research Support, N.I.H., Extramural",eng,"tau Proteins / metabolism, antagonists & inhibitors, genetics, chemistry; Alzheimer Disease / drug therapy, metabolism, pathology; Humans; Drug Discovery / methods; Phosphorylation / drug effects; Protein Aggregates / drug effects; High-Throughput Screening Assays; Protein Aggregation, Pathological / drug therapy; Neurofibrillary Tangles / metabolism",Aggregation; Alzheimer’s disease; Amyloid; CNS; Fluorescence; Hts; Hyperphosphorylated tau; Inhibitor; Pharmacological inhibitors,,,
40056377,10.1080/13607863.2025.2475331,https://pubmed.ncbi.nlm.nih.gov/40056377/,Financial exploitation vulnerability and social connectedness in middle-aged and older adults without dementia.,"OBJECTIVES: Financial exploitation of older adults is an understudied but widespread phenomenon in the United States. Previous research examining the association between social functioning and financial exploitation vulnerability suggests that social embeddedness may be protective against financial exploitation. It is not clear, however, whether relationship depth and/or social network diversity (i.e. having many different social roles) drives this protective effect. This study aimed to examine the relationship between aspects of social connectedness (i.e. social network diversity and relationship depth) and financial exploitation vulnerability amongst community-dwelling adults aged 50 or older.
METHOD: One hundred eighteen individuals completed a laboratory visit consisting of questionnaires assessing relationship depth (i.e. Interpersonal Support Evaluation List), social network diversity (i.e. Social Network Index Total Social Roles), and financial exploitation vulnerability (i.e. Perceived Financial Vulnerability Scale; PFVS). Hierarchical linear regressions separately tested associations between financial exploitation vulnerability, relationship depth, and social network diversity.
RESULTS: After covarying for demographics, cognitive, and psychological variables, results showed a significant negative association between financial exploitation vulnerability and relationship depth (B(SE) = -0.09(0.03), p = 0.004). Subscale analysis indicated that a strong sense of belonging was negatively associated with financial exploitation vulnerability (B(SE) = -0.28(0.06), p < 0.001). In contrast, financial exploitation vulnerability was not significantly associated with the number of distinct social roles in one's network (B(SE) = -0.02(0.11), p = 0.85), or with other relationship depth subscales.
CONCLUSION: These findings suggest potential benefits of fostering close interpersonal relationships in middle and older adulthood, such as reduced vulnerability to financial exploitation.",Daisy T Noriega-Makarskyy; Aaron C Lim; Shaneen Upal; Gali H Weissberger; Laura Fenton; Annie L Nguyen; Laura Mosqueda; Jenna Axelrod; Cassidy Molinare; Camille Erdman; Jordan T Williams; Emma Oyen; Paige Kim; S Duke Han,2025,Aging & mental health,Journal Article,eng,"Humans; Male; Female; Aged; Middle Aged; Social Support; Social Networking; Aged, 80 and over; Independent Living; Surveys and Questionnaires; Interpersonal Relations",Financial exploitation; aging; interpersonal relationships,,,
39261447,10.1007/s40211-024-00509-z,https://pubmed.ncbi.nlm.nih.gov/39261447/,Can cerebrospinal fluid biomarkers tell us something about financial capacity in Alzheimer's disease patients? A preliminary study.,"BACKGROUND: Although diagnostic markers in cerebrospinal fluid (CSF) have become a rapidly growing research field, they have not as yet been investigated in relation to capacities that are of interest to geriatric psychiatry and neuropsychology, such as financial capacity. The aim of this study was to assess whether CSF biomarkers can predict financial capacity in patients with a diagnosis of major neurocognitive disorder due to Alzheimer's disease (AD).
METHODS: Participants were examined with a number of neuropsychological tests, with an emphasis on the Mini-Mental State Examination (MMSE), the Geriatric Depression Scale (GDS-15), and the Legal Capacity for Property Law Transactions Assessment Scale (LCPLTAS) and CSF tests.
RESULTS: Amyloid β peptide 1-42 (Aβ42), total tau, and phosphorylated tau were not found to predict financial capacity performance in AD, but MMSE shows a strong positive correlation with LCPLTAS.
CONCLUSIONS: These preliminary findings indicate that complex cognitive functions, such as financial capacity, may not be directly linked to CSF concentrations of the abovementioned biomarkers. Further studies with larger numbers of patients will be required to assess the reproducibility of these findings and to determine whether this approach can assist not only in diagnosis but also in neuropsychological assessment.",Vaitsa Giannouli; Magda Tsolaki,2025,"Neuropsychiatrie : Klinik, Diagnostik, Therapie und Rehabilitation : Organ der Gesellschaft Osterreichischer Nervenarzte und Psychiater",Journal Article,eng,"Humans; Alzheimer Disease / psychology, diagnosis, cerebrospinal fluid; Male; Female; Aged; Biomarkers / cerebrospinal fluid; tau Proteins / cerebrospinal fluid; Amyloid beta-Peptides / cerebrospinal fluid; Peptide Fragments / cerebrospinal fluid; Aged, 80 and over; Mental Competency / psychology, legislation & jurisprudence; Neuropsychological Tests / statistics & numerical data; Mental Status and Dementia Tests / statistics & numerical data; Middle Aged",Alzheimer’s disease; Amyloid β peptide 1–42 (Aβ42); Financial capacity; Phosphorylated tau; Total tau,,,
40316559,10.1038/s41598-025-00120-4,https://pubmed.ncbi.nlm.nih.gov/40316559/,Understanding the cognitive factors which contribute to individual differences in financial capacity in aging.,"Aging is accompanied by changes in multiple cognitive domains, which can impact older adults' ability to maintain independence. The ability to manage one's personal finances is an activity of daily living most often studied in the context of Mild Cognitive Impairment and dementia. However, it is critical that we also understand the nature and sources of variation in financial capacity in cognitively unimpaired populations. This study aimed to establish meaningful individual differences in financial capacity in this population and to define those primary behavioral predictors of individual differences. Applying a partial least squares correlation approach, we found significant associations between financial capacity, as assessed by the Financial Capacity-Short Form, and a battery of neuropsychological and self-report measures in normal aging (r = .56, p < .001). Key predictors of financial capacity included fluid reasoning, crystallized intelligence, working memory updating, visual memory, and self-reported sleep duration (|rs| = 0.29-0.56, ps = 0.02- 0.001). These findings indicate that financial capacity is supported by multiple cognitive domains in aging. Further, associations with fluid reasoning and crystallized intelligence suggest some individuals may be more protected against clinically-relevant impairment in financial capacity through cognitive reserve mechanisms.",Hsiang-Yu Chen; Bailey C Gold; Claire J Ciampa; Jennifer L Crawford; Alex A Adornato; Jordyn L Cowan; Katherine E O'Malley; Hannah R Snyder; Anne S Berry,2025,Scientific reports,Journal Article,eng,"Humans; Male; Female; Aged; Aging / psychology, physiology; Individuality; Cognition / physiology; Middle Aged; Neuropsychological Tests; Aged, 80 and over; Intelligence; Cognitive Reserve / physiology; Cognitive Dysfunction; Memory, Short-Term / physiology",Cognitively normal aging; Executive function; Financial capacity; Intelligence; Partial least squares correlation,,,
39352493,10.1080/07317115.2024.2407581,https://pubmed.ncbi.nlm.nih.gov/39352493/,Cross-Validation of the Financial Exploitation Vulnerability Scale.,"OBJECTIVES: The present study is a cross-validation of the Financial Exploitation Vulnerability Scale (FEVS), a measure of contextual risk for financial exploitation.
METHODS: The sample was drawn from both the community and the SAFE program, a service for older adults who have been financially scammed. FEVS was administered within a larger assessment battery. The total score ability to differentiate exploitation groups and its correlates were examined. ROC analysis and logistic regression evaluated the clinical utility of the FEVS to detect exploitation. Results were compared to the initial validation study.
RESULTS: FEVS score was significantly higher for those who were exploited and correlated with age. ROC analysis revealed adequate detection of financial exploitation. FEVS total score remained a strong predictor of exploitation when compared to demographic factors and several measures of cognitive functioning.
CONCLUSIONS: Cross-validation demonstrates strong evidence that the FEVS detects financial exploitation in older adults, beyond the ability of many known risk factors.
CLINICAL IMPLICATIONS: FEVS is an evidence-based tool for identifying exploitation and is accessible to many professionals working with older adults. Items query contextual factors that allow professionals to support clients with the appropriate standard of care.",Juno Moray; Peter A Lichtenberg,2025,Clinical gerontologist,Journal Article; Validation Study,eng,"Humans; Aged; Male; Female; Reproducibility of Results; Aged, 80 and over; Elder Abuse; Middle Aged; Risk Factors; ROC Curve; Risk Assessment / methods; Vulnerable Populations",Elder abuse; financial exploitation; psychological assessment,,,
39301787,10.1080/13825585.2024.2405506,https://pubmed.ncbi.nlm.nih.gov/39301787/,Increased reliance on heuristic thinking in mild cognitive impairment.,"Reasoning can be fast, automatic, and intuitive or slow, deliberate, and analytical. Use of one cognitive reasoning style over the other has broad implications for beliefs, but differences in cognitive style have not previously been reported in those with mild cognitive impairment (MCI). Here, the cognitive reflection test is used to measure cognitive style in healthy older adults and those with MCI. Those with MCI performed worse than cognitively healthy older adults, indicating they are more likely to engage in intuitive thinking than age-matched adults. This association is reliable after controlling for additional cognitive, self-report, and demographic factors. Across all measures, subjective cognitive decline was the best predictor of cognitive status. A difference in cognitive style represents a novel behavioral marker of MCI, and future work should explore whether this explains a broader pattern of reasoning errors in those with MCI, such as susceptibility to scams or impaired financial reasoning.",Jeffrey C Zemla,2025,"Neuropsychology, development, and cognition. Section B, Aging, neuropsychology and cognition",Journal Article,eng,"Humans; Cognitive Dysfunction / psychology; Aged; Male; Female; Thinking / physiology; Heuristics; Aged, 80 and over; Neuropsychological Tests; Middle Aged",Mild cognitive impairment; cognitive style; heuristics; judgment; reasoning,,,
38992940,10.1080/07317115.2024.2375326,https://pubmed.ncbi.nlm.nih.gov/38992940/,Factors Associated With Healthcare and Financial Decision Making Among Older Black Adults Without Dementia.,"OBJECTIVES: The study aims to identify factors associated with health care and financial decision-making among older Black adults without dementia.
METHODS: Participants (N = 326) underwent assessments of decision-making and completed measurements of factors from four categories: cognitive, contextual, psychosocial, and personality. We performed separate linear regression models to examine the association between each factor and decision-making and created a fully adjusted model.
RESULTS: Higher global cognition (estimate = 1.92, SE = 0.21, p < .0001) was associated with better decision-making. Contextual factors including higher current annual income (estimate = 0.23, SE = 0.05, p < .0001), higher childhood socioeconomic status (estimate = 0.48, SE = 0.18, p = .006), higher health and financial literacy (estimate = 0.08, SE = 0.01, p < .0001), and lower financial stress (estimate = -0.19, SE = 0.07, p = .01) were associated with better decision-making. More psychological well-being (estimate = 0.07, SE = 0.22, p = .001), a psychosocial factor, and less neuroticism (estimate = -0.06, SE = 0.02, p = .002), a personality factor, were associated with better decision-making. In the fully adjusted model, two factors, higher global cognition and higher literacy (health and financial), remained associated with better decision-making.
CONCLUSIONS: Cognitive and contextual factors serve as drivers of decision-making among older Black adults.
CLINICAL IMPLICATIONS: Clinicians may implement strategies to bolster cognition and improve health and financial literacy to facilitate optimal decision-making among older Black adults.",Crystal M Glover; Lei Yu; Peter A Lichtenberg; S Duke Han; Melissa Lamar; Christopher C Stewart; David A Bennett; Lisa L Barnes; Patricia A Boyle,2025,Clinical gerontologist,"Journal Article; Research Support, N.I.H., Extramural",eng,"Aged; Aged, 80 and over; Female; Humans; Male; Middle Aged; Black or African American / psychology, statistics & numerical data; Cognition; Decision Making; Dementia; Income; Socioeconomic Factors; Financial Stress",Black adults; cognition; decision-making; literacy; psychosocial factors,,,
38695303,10.1080/07317115.2024.2348049,https://pubmed.ncbi.nlm.nih.gov/38695303/,The WALLET Study: Financial Decision Making and Key Financial Behaviors Associated with Excess Spending.,"OBJECTIVES: The Wealth Accumulation and Losses in Later life Early Cognitive Transitions (WALLET) study data was used to examine correlates with excess spending in older adults who do and do not have early memory loss.
METHODS: The WALLET study collected detailed financial information from participants' primary checking account statements (n = 150). Information on participant sociodemographic, health, and disability status, memory functioning, financial decision-making, and financial literacy was also collected. Participants either had no memory problems or early memory loss. Bivariate and multiple regression analyses were conducted.
RESULTS: The early memory loss group had significantly higher excess spending than those with no memory loss. Financial decision-making and higher-risk financial behaviors were also linked to higher excess spending. Early memory loss was no longer statistically significant after accounting for financial stressors and resources.
CONCLUSIONS: The multidimensional nature of financial capacity assessment has long been known. The WALLET study data is unique, however, in that it demonstrates the links between excess spending with decision-making, early memory loss, and a set of specific financial behaviors.
CLINICAL IMPLICATIONS: Real-world assessments of financial management and financial decision-making yield important information about how older adults are managing money and making key financial decisions. Checking account reviews can be used to determine excess spending.",Peter A Lichtenberg; Vanessa Rorai; Emily V Flores; Wassim Tarraf,2025,Clinical gerontologist,Journal Article,eng,"Humans; Decision Making; Aged; Male; Female; Memory Disorders / economics, psychology; Aged, 80 and over; Financial Management",Financial capacity; early memory loss; financial decision-making,,,
37246781,10.1080/07317115.2023.2217190,https://pubmed.ncbi.nlm.nih.gov/37246781/,The Cognitive Correlates of Financial Literacy in Older Adults.,"OBJECTIVES: This study examined the cognitive correlates of financial literacy using a comprehensive neuropsychological battery, and whether education modifies the relationship between cognition and financial literacy.
METHODS: Sixty-six participants completed sociodemographic questionnaires, an assessment of financial literacy, and a neuropsychological assessment. Multiple linear regression models that controlled for age, sex, and education examined the main effects of cognitive measures that showed a significant bivariate association with financial literacy.
RESULTS: After correcting for multiple comparisons, the Crystallized Composite score (p = .002) and the Picture Vocabulary test (p = .002) from the NIH Toolbox, and the Multilingual Naming Test (p > .001) from the Uniform Data Set 3 were associated with financial literacy. Contrary to our hypothesis, education did not interact with cognitive measures when considering financial literacy scores.
CONCLUSIONS: Findings suggest that vocabulary knowledge and semantic memory may play an important role in financial literacy in older age.
CLINICAL IMPLICATIONS: Assessing vocabulary knowledge and semantic processes may help to identify older adults with lower financial literacy skills. Additionally, financial literacy interventions may consider targeting individuals with lower vocabulary knowledge and semantic processing skills.",Gali H Weissberger; Annie L Nguyen; Aaron C Lim; Laura Fenton; Laura Mosqueda; S Duke Han,2025,Clinical gerontologist,Journal Article,eng,"Humans; Male; Female; Aged; Cognition / physiology; Literacy / psychology; Neuropsychological Tests / statistics & numerical data; Educational Status; Vocabulary; Surveys and Questionnaires; Aged, 80 and over; Middle Aged",Cognition; financial literacy; neuropsychology; older adults,,,
39342453,10.1093/arclin/acae077,https://pubmed.ncbi.nlm.nih.gov/39342453/,Concurrent Validity of Performance-Based Measures of Daily Functioning with Cognitive Measures and Informant Reported Everyday Functioning.,"OBJECTIVE: Despite the substantial need for reliable and valid assessment of functional ability in older adults, there is currently limited research on the emergence of early functional declines during prodromal dementia stages, such as subjective cognitive decline (SCD) and mild cognitive impairment (MCI). This study uses novel performance-based assessments to characterize subtle, yet clinically meaningful, changes in functional ability.
METHOD: A sample of 93 older adults classified as cognitively unimpaired (CU; n = 30, Mage = 73.57 ± 6.66), SCD (n = 34, Mage = 72.56 ± 6.43), or MCI (n = 29, Mage = 78.28 ± 7.55) underwent neuropsychological testing along with an informant-rated daily functional skills measure (Assessment of Functional Capacity Interview). Participants also completed the Night Out Task (NOT), an open-ended performance-based measure of functional assessment, and the Financial Capacity Instrument-Short Form (FCI-SF) that assesses financial skills.
RESULTS: The MCI group performed worse on the NOT and FCI-SF relative to SCD and CU. NOT and FCI scores were associated with measures of global cognitive function, executive function, processing speed, language and memory, and FCI-SF overall score was correlated with informant-rated functional ability. The NOT and FCI-SF were also predictive of informant-reported daily functioning over and above traditional cognitive data and demographics.
CONCLUSIONS: Performance-based measures of IADL may allow for earlier detection of subtle functional changes that might not be adequately captured by traditional measures. The measurement of early functional changes is an important global outcome to evaluate the efficacy of interventions in dementia research.",Aneela Rahman; Maureen Schmitter-Edgecombe; Anjali Krishnan; Reanne Cunningham; Nadia Pare; Janelle Beadle; David E Warren; Laura Rabin,2025,Archives of clinical neuropsychology : the official journal of the National Academy of Neuropsychologists,Journal Article,eng,"Humans; Male; Female; Aged; Activities of Daily Living / psychology; Cognitive Dysfunction / diagnosis, psychology; Neuropsychological Tests; Aged, 80 and over; Reproducibility of Results; Executive Function / physiology",Alzheimer’s disease; Dementia; Functional ability; Performance-based assessments,,,
40258005,10.1371/journal.pone.0320725,https://pubmed.ncbi.nlm.nih.gov/40258005/,Factors shaping subjective financial well-being in emerging adults: A comparative study of Italy and Germany.,"Academics and policymakers recognize the growing importance of subjective financial well-being for emerging adults, yet little is known about the factors influencing the subjective financial well-being perceived by the emerging adult population. We aim to investigate the role of socio-demographic characteristics (job type, age, country of residence), individual differences in financial knowledge (financial literacy), skills (financial behavior), cognitive response styles (impulsiveness, future orientation, and maximization), and attitudinal components (trust in governmental institutions and financial professionals) in shaping subjective financial well-being among emerging adults in Italy and Germany, representing the Mediterranean and Northern models of the transitions to adulthood, respectively. A sample of 385 participants residing in Italy (n = 193) and Germany (n = 192) voluntarily participated in an online survey. Variables such as trust and maximization were incorporated into a prior financial well-being model to assess their relevance in predicting subjective financial well-being. In Model 1, variables from the prior theoretical model (socio-demographic characteristics, financial literacy, financial behavior, impulsiveness, and future orientation) were analyzed. In Model 2, trust and maximization were added as predictors of subjective financial well-being. Results revealed that the inclusion of these variables improved the model fit, and further confirmed the significant role of age, financial behavior (specifically, caring for financial matters), impulsiveness, future orientation, and trust in governmental institutions in subjective financial well-being.",Maria Rosa Miccoli; Yury Shevchenko; Paola Iannello; Ulf-Dietrich Reips,2025,PloS one,Journal Article; Comparative Study,eng,,,,,
39957278,10.1093/geront/gnaf075,https://pubmed.ncbi.nlm.nih.gov/39957278/,Psychological Resilience and Cognitive Functioning in Black and White Men and Women.,"BACKGROUND AND OBJECTIVES: Psychological resilience is associated with better physical and mental health, but little is known about its role in cognitive health from an intersectional perspective. This study aimed to assess the relationship between psychological resilience and cognitive function across subgroups of older non-Hispanic Black and White men and women while taking stress exposure into account.
RESEARCH DESIGN AND METHODS: A total of 453 participants (Black men = 87; Black women = 147; White men = 98; White women = 121) from the Michigan Cognitive Aging Project completed the Brief Resilience Scale and a neuropsychological battery. Analyses of variance were used to assess differences in psychological resilience across the intersection of gender and race. Linear regressions assessed relationships between psychological resilience and global cognition, controlling for sociodemographics and discrimination. Interaction terms and stratified regressions characterized these relationships across intersectional groups.
RESULTS: The level of psychological resilience did not differ across intersectional groups despite differences in stress exposure. Higher resilience was associated with better global cognition in the whole sample (β = 0.12, p = .002), but this association was found only among Black men (β = 0.40, p < .001).
DISCUSSION AND IMPLICATIONS: Levels of resilience did not differ between Black and White older adults, despite disproportionate stress exposure among Black older adults. Links between psychological resilience and cognition may depend on stressors and resources that are differentially patterned across intersectional groups. Psychological resilience may be particularly important for cognitive health among Black men, who are frequently underrepresented in cognitive aging research.",Kiana A Scambray; Emily P Morris; Jordan D Palms; Ji Hyun Lee; Ketlyne Sol; Laura B Zahodne,2025,The Gerontologist,"Journal Article; Research Support, N.I.H., Extramural",eng,"Aged; Aged, 80 and over; Female; Humans; Male; Middle Aged; Black or African American / psychology; Cognition; Michigan; Neuropsychological Tests; Resilience, Psychological; Sex Factors; Stress, Psychological / psychology; White / psychology",African American older adults; Cognition; Stress and coping,,,
40123639,10.1002/dad2.12583,https://pubmed.ncbi.nlm.nih.gov/40123639/,"Influence of cognitive, neuropsychiatric, and diagnostic factors on financial capacity: A longitudinal analysis of the ADNI cohort.","INTRODUCTION: Financial capacity (FC) is the ability to independently manage finances in a manner consistent with one's self-interest. To investigate the relationship between FC, cognitive domains, neuropsychiatric symptoms, and transitions from normal cognition (cognitive normal [CN]) to mild cognitive impairment (MCI) or Alzheimer's disease (AD), we conducted a secondary analysis of the Alzheimer's Disease Neuroimaging Initiative (ADNI) cohort using the Financial Capacity Instrument short form (FCI-SF).
METHODS: To examine these longitudinal relationships, we fit two models, a random effects (random intercept) ""time-averaged"" model and a ""time since previous visit"" model, where we regressed each of the five component financial scores on each of the cognitive composite scores. To examine the effect of baseline FCI-SF performance on conversion rates from normal to MCI or AD, we computed a survival model.
RESULTS: A total of 874 participants (diagnostic group, N, mean age: CN: 501, 74.4; MCI: 319, 74.6; and AD 54, 74.9) were included in the analyses. In time since previous visit models, we found that lower executive function composite scores were related to decline in the complex checkbook score (ß = 1.35 (0.55), p = 0.016) and total completion time of the FCI-SF (ß = 1.85 (9.36), p = 0.025). In addition, lower composite visuospatial score was significantly related to poorer performance on financial conceptual knowledge, complex checkbook, and total completion time. Lower composite memory score was highly related to decline in financial conceptual knowledge, single checkbook, and bank statement subscale scores. ADNI participants in the lowest tertile of total completion time, at any point in time, were four times more likely to receive a diagnosis of MCI or AD compared to participants in the highest tertile with a hazard ratio of 4.22 ([2.29] p = 008).
DISCUSSION: There is a multifaceted interaction between poorer cognition and everyday financial function where executive function, memory, and visuospatial cognition are related to FC. The strongest predictor of conversion from normal to either MCI or AD, appears to be time to completion.
HIGHLIGHTS: Decline in financial capacity (FC) is observed during transition to dementia and increases the risk of negative outcomes.Executive function, memory, and visuospatial cognition are related to FC.The strongest predictor of conversion from normal to either mild cognitive impairment (MCI) or Alzheimer's disease (AD) is time to completion or processing speed.",Milap A Nowrangi; Jeannie Marie Leoutsakos; Haijuan Yan; Arnold Bakker; Kevin J Manning; George W Rebok; Paul B Rosenberg; Vidyulata Kamath,2025,"Alzheimer's & dementia (Amsterdam, Netherlands)",Journal Article,eng,,cognition; depression; financial capacity,,,
40166388,10.3389/fpsyg.2025.1540508,https://pubmed.ncbi.nlm.nih.gov/40166388/,A scoping review of financial decision-making measures in midlife and beyond: results from the advancing reliable measurement in cognitive aging and decision-making ability (ARMCADA) study.,"BACKGROUND: Cognitive decline in older adults affects key functions such as memory, concentration, planning, reasoning, and decision-making (DM). This decline in cognitive abilities compromises basic DM skills, with growing evidence that DM can decline before noticeable impairment or an official cognitive impairment diagnosis, adversely impacting quality of life and leading to negative outcomes in financial management and daily activities.
OBJECTIVE: This scoping review aims to identify and evaluate existing measures of financial decision-making (FDM) abilities in clinical and community-dwelling populations aged 45 and older.
METHODS: We conducted a systematic search in EMBASE (Elsevier), PsycINFO, PubMed, MEDLINE, PsychARTICLES, and Web of Science for studies published between January 2018 and November 2023. The multi-domain scoping review yielded 16,278 records. Title and abstract, as well as full-text screenings, respectively, were completed by two reviewers and conflicts were resolved by PhD level researchers. We then extracted data from the full-text articles.
RESULTS: The scoping review yielded 154 articles with 96 unique measures. The most frequently used measures were variations of the Iowa Gambling Task (IGT), The Legal Capacity for Property Law Transactions Assessment Scale (LCPLTAS), the Decision-making Competence Assessment Tool (DMCAT), the temporal discounting paradigm, and the Short Form version of the Financial Capacity Instrument (FCI-SF). Commonly used measures of financial decision-making (FDM) often assessed specific aspects, such as risk-taking behavior and basic financial knowledge.
DISCUSSION: Many of the FDM measures found in this scoping review were developed for use in laboratory settings, and less is known about potential for clinical use adaptation. Future work addressing this measurement gap could significantly enhance early interventions to ameliorate or mitigate decline, thereby improving financial management and quality of life for at-risk individuals.",Emily H Ho; Berivan Ece; Patricia Bucko; Tatiana Karpouzian-Rogers; Sarah Pila; Zahra Hosseinian; Yasmin Hussein; S Duke Han; Peter A Lichtenberg; Aaron C Lim; Sandra Weintraub; Richard C Gershon,2025,Frontiers in psychology,Journal Article; Systematic Review,eng,,Alzheimer’s disease; aging; cognitive impairment; dementia; financial decision-making; financial management; healthy aging; neurocognitive disorders,,,
40042433,10.1002/alz.14544,https://pubmed.ncbi.nlm.nih.gov/40042433/,Scam susceptibility is associated with a markedly accelerated onset of Alzheimer's disease dementia.,"INTRODUCTION: The association of scam susceptibility with the timing of Alzheimer's disease (AD) dementia onset is unknown.
METHODS: One thousand ninety-two older adults without dementia underwent assessments of scam susceptibility and annual clinical evaluations to document incident AD dementia. Accelerated failure time models examined the relation of scam susceptibility with dementia onset.
RESULTS: During a mean of 5 years of follow-up (standard deviation = 3.1), 188 individuals (17%) were diagnosed with incident AD dementia. A higher level of scam susceptibility was associated with a considerably earlier dementia onset ( β $\beta $ = -0.039; 95% confidence interval: -0.061, -0.017); those with a high level of susceptibility developed AD dementia at a mean age of 90.9 years compared to 98.2 for those with a low level. Results persisted after controlling for global cognition, sex, and education.
DISCUSSION: Scam susceptibility is associated with a markedly earlier onset of AD dementia. Assessment of susceptibility may facilitate early identification of individuals at risk of developing dementia.
HIGHLIGHTS: We examined whether scam susceptibility among older adults is associated with an accelerated onset of Alzheimer's disease dementia. Participants came from a large ongoing cohort study of aging. Scam susceptibility was assessed using a validated measure. Scam susceptibility was associated with a marked acceleration in dementia onset. Assessment of susceptibility may facilitate early identification of dementia.",Patricia A Boyle; Tianhao Wang; Gary Mottola; Chris Stewart; Robert S Wilson; David A Bennett; Lei Yu,2025,Alzheimer's & dementia : the journal of the Alzheimer's Association,Journal Article,eng,"Humans; Alzheimer Disease / genetics, epidemiology; Female; Male; Aged, 80 and over; Aged; Age of Onset; Disease Susceptibility",Alzheimer's disease; cognitive aging; dementia; fraud; scam,,,
40021569,10.1007/s40520-025-02976-y,https://pubmed.ncbi.nlm.nih.gov/40021569/,Sex-specific associations between serum lipid levels and cognitive performance in older adults: results from a cross-sectional real-world study.,"AIM: Dyslipidemia and cognitive decline are prevalent in older adults, with their incidence increasing with age. However, the relationship between serum lipid levels and cognitive dysfunction in geriatrics remains unclear, potentially influenced by sex differences.
METHODS: This study evaluated serum lipid levels and cognitive functions in older adults using a large battery of neuropsychological tests. Dementia was staged with the Clinical Dementia Rating (CDR), classifying participants as cognitively healthy (CDR 0), mildly impaired (CDR 0.5), or with dementia (CDR ≥ 1).
RESULTS: The study involved 1283 participants aged over 65 (466 men, 817 women; mean age 79.79 ± 5.93 years). Women had lower education levels, reduced autonomy in activities of daily living (ADL), but greater independence in instrumental ADL. Additionally, women exhibited lower glucose but higher levels of total cholesterol (TC), high-density lipoprotein (HDL-C), and low-density lipoprotein (LDL-C) compared to men. Subjects with CDR ≥ 1 had significantly poorer cognitive scores than those with CDR 0 or 0.5. No associations were found between lipid levels and cognition in the CDR 0 group. In men with CDR 0, HDL-C positively correlated with ACE-R Fluency. In the CDR 0.5 group, TC and HDL-C were linked to better cognitive performance. For CDR ≥ 1, TC and HDL-C were associated with improved cognition in women but linked to cognitive decline in men.
CONCLUSION: Elevated late-life cholesterol may protect cognitive function in healthy individuals and those with mild impairment, with a sex-specific impact in dementia, beneficial for women but detrimental for men.",Virginia Boccardi; Francesca Mancinetti; Anna Giulia Guazzarini; Ilenia Murasecco; Francesco Melis; Patrizia Bastiani; Michela Scamosci; Roberta Cecchetti; Patrizia Mecocci,2025,Aging clinical and experimental research,Journal Article,eng,"Humans; Female; Male; Aged; Cross-Sectional Studies; Aged, 80 and over; Cognition / physiology; Lipids / blood; Cognitive Dysfunction / blood; Neuropsychological Tests; Sex Factors; Dementia / blood; Activities of Daily Living; Cholesterol, HDL / blood","Aging; Cognition; Dementia; Dyslipidemia,; Sex",,,
39919570,10.1016/j.cortex.2025.01.005,https://pubmed.ncbi.nlm.nih.gov/39919570/,"Numerical cognition across the lifespan: A selective review of key developmental stages and neural, cognitive, and affective underpinnings.","Numerical cognition constitutes a set of hierarchically related skills and abilities that develop-and may subsequently begin to decline-over developmental time. An innate ""number sense"" has long been argued to provide a foundation for the development of increasingly complex and applied numerical cognition, such as symbolic numerical reference, arithmetic, and financial literacy. However, evidence for a direct link between basic perceptual mechanisms that allow us to determine numerical magnitude (e.g., ""how many"" objects are in front of us and whether some of these are of a ""greater"" or ""lesser"" quantity), and later symbolic applications for counting and mathematics, has recently been challenged. Understanding how one develops an increasingly precise sense of number and which neurocognitive mechanisms support arithmetic development and achievement is crucial for developing successful mathematics curricula, supporting individual financial literacy and decision-making, and designing appropriate intervention and remediation programs for mathematical learning disabilities as well as mathematics anxiety. The purpose of this review is to provide a broad overview of the cognitive, neural, and affective underpinnings of numerical cognition-spanning the earliest hours of infancy to senior adulthood-and highlight gaps in our knowledge that remain to be addressed.",Mikael Skagenholt; Kenny Skagerlund; Ulf Träff,2025,Cortex; a journal devoted to the study of the nervous system and behavior,Journal Article; Review,eng,"Humans; Cognition / physiology; Mathematics; Child; Brain / physiology, growth & development; Mathematical Concepts",Affect; Aging; Brain; Development; Numerical cognition,,,
39616875,10.1016/j.archger.2024.105705,https://pubmed.ncbi.nlm.nih.gov/39616875/,Separating neurocognitive mechanisms of maintenance and compensation to support financial ability in middle-aged and older adults: The role of language and the inferior frontal gyrus.,"This study investigated the role of brain regions involved in arithmetic processing in explaining individual differences in financial ability in 67 50-74-year-old cognitively normal adults. Structural integrity and resting-state functional connectivity measures were collected in the MRI scanner. Outside the scanner, participants performed financial ability and other cognitive tasks, and answered questionnaires to determine dementia risk, and financial risk and protective factors. Regions of interest involved in arithmetic processing were defined, focusing on language- and quantity-processing areas in temporo-frontal and parieto-frontal cortices, respectively. Our results showed that structural integrity and functional connectivity in brain regions associated with arithmetic retrieval were positively associated with financial ability, with language skill mediating left IFG structural integrity and financial ability. Connectivity patterns suggested that reliance on quantity mechanisms (i.e. calculation) was associated with poorer financial ability. Analyses revealed that reliance on these brain mechanisms did not depend on participants' age or risk of dementia and that protective factors such as household income or financial literacy supported the maintenance of connectivity related to financial abilities.",Macarena Suárez-Pellicioni; Ian M McDonough,2025,Archives of gerontology and geriatrics,"Journal Article; Research Support, N.I.H., Extramural",eng,"Humans; Male; Aged; Female; Middle Aged; Magnetic Resonance Imaging; Language; Prefrontal Cortex / physiology, diagnostic imaging; Cognition / physiology; Neuropsychological Tests",Financial ability; Functional connectivity; MRI; Numeric processing; Resting state; Structure,,,
39060956,10.1080/13854046.2024.2378526,https://pubmed.ncbi.nlm.nih.gov/39060956/,Neuropsychological profile associated with financial exploitation vulnerability in older adults without dementia.,"Objective: Reports of financial exploitation have steadily increased among older adults. Few studies have examined neuropsychological profiles for individuals vulnerable to financial exploitation, and existing studies have focused on susceptibility to scams, one specific type of financial exploitation. The current study therefore examines whether a general measure of financial exploitation vulnerability is associated with neuropsychological performance in a community sample. Methods: A sample (n = 116) of adults aged 50 or older without dementia completed a laboratory visit that measures physical and psychological functioning and a neuropsychological assessment, the Uniform Data Set-3 (UDS-3) and California Verbal Learning Test-II. Results: After covarying for demographics, current medical problems, financial literacy, and a global cognition screen, financial exploitation vulnerability was negatively associated with scores on the Multilingual Naming Test, Craft Story Recall and Delayed Recall, California Verbal Learning Test-II Delayed Recall and Recognition Discriminability, Phonemic Fluency, and Trails B. Financial exploitation vulnerability was not associated with performance on Digit Span, Semantic Fluency, Benson Complex Figure Recall, or Trails A. Conclusions: Among older adults without dementia, individuals at higher risk for financial exploitation demonstrated worse verbal memory, confrontation naming, phonemic fluency, and set-shifting. These tests are generally sensitive to Default Mode Network functioning and Alzheimer's Disease neuropathology. Longitudinal studies in more impaired samples are warranted to further corroborate and elucidate these relationships.",Aaron C Lim; Gali H Weissberger; Jenna Axelrod; Laura Mosqueda; Annie L Nguyen; Laura Fenton; Daisy Noriega; Camille E Erdman; S Duke Han,2025,The Clinical neuropsychologist,Journal Article,eng,"Humans; Aged; Female; Male; Neuropsychological Tests; Middle Aged; Aged, 80 and over; Aging / psychology; Dementia",Alzheimer’s disease; Default mode network; Financial exploitation; elder abuse; financial abuse; older adults; scams; uniform Data Set-3,,,
39879178,10.1371/journal.pone.0317232,https://pubmed.ncbi.nlm.nih.gov/39879178/,"Personal, environmental and behavioral predictors associated with online fraud victimization among adults.","BACKGROUND: Online malicious attempts such as scamming continue to proliferate across the globe, aided by the ubiquitous nature of technology that makes it increasingly easy to dupe individuals. This study aimed to identify the predictors for online fraud victimization focusing on Personal, Environment and Behavior (PEB).
METHODS: Social Cognitive Theory (SCT) was used as a guide in developing the PEB framework. Specifically, three factors were identified-Self-awareness (Personal), Attitude (Personal and Environment) and Safe Practice (Behavior) as the potential predictors for online fraud victimization. A self-reporting questionnaire was developed based on the PEB framework and used to collect data targeting Malaysian adults. The study reports result from two separate datasets collected across two separate timelines. Study I involved data collection in January 2023 (n = 820) whereas Study II was conducted with a modified questionnaire from November 2023 -January 2024 (n = 629). Study I identified the online fraud victimization predictors through an Exploratory Factor Analysis (EFA) and a hierarchical binary logistic regression. The dataset from Study II was used to validate the online fraud victimization model derived from Study I by executing another round of hierarchical binary logistic regression.
RESULTS: Results from both the samples show that most of the respondents are aware of digital privacy. EFA from Study I yielded a five-factor solution with a total variance of 60.6%, namely, Self-awareness, Safe Practice, Bank Trust, Overconfidence and Social Influence. Hierarchical binary logistic regression results from both the studies were found to be consistent. Specifically, Overconfidence (β = 0.374; OR = 1.453; 95% CI [1.119, 1.887]; p = 0.005) and Social Influence (β = 0.332; OR = 1.225; 95% CI [1.077, 1.512]; p = 0.006) were found to significantly predict online fraud victimization as well as gender (β = 0.364; OR = 1.440; 95% CI [1.008, 2.016]; p = 0.045) with females exhibiting higher risks to victimization.
IMPLICATIONS: The emergence of Overconfidence and Social Influence as significant predictors can guide the development of targeted online fraud awareness campaigns and/or tools emphasizing critical thinking and skepticism. Policymakers can leverage this knowledge to implement regulations that reduce deceptive practices online, promote digital literacy programs, and mandate clearer consumer protections to mitigate the impact of social manipulation and overconfidence on fraud victimization.
CONCLUSION: This study identifies online fraud victimization predictors, hence improving our understanding of the factors behind this phenomenon-allowing for the development of effective preventive measures and policies to safeguard individuals and improve digital security. For instance, gender- specific educational campaigns can be developed to enhance awareness and equip women with strategies to detect and avoid scams. Additionally, addressing systemic factors like social norms and digital literacy gaps is crucial for creating equitable and effective solutions to reduce online fraud victimization.",Vimala Balakrishnan; Umayma Ahhmed; Faris Basheer,2025,PloS one,Journal Article,eng,"Humans; Female; Male; Adult; Crime Victims / psychology, statistics & numerical data; Surveys and Questionnaires; Malaysia; Middle Aged; Fraud / psychology; Young Adult; Internet; Self Report",,,,
39587737,10.1017/S1355617724000638,https://pubmed.ncbi.nlm.nih.gov/39587737/,"Marital status, brain health, and cognitive reserve among diverse older adults.","OBJECTIVE: Being married may protect late-life cognition. Less is known about living arrangement among unmarried adults and mechanisms such as brain health (BH) and cognitive reserve (CR) across race and ethnicity or sex/gender. The current study examines (1) associations between marital status, BH, and CR among diverse older adults and (2) whether one's living arrangement is linked to BH and CR among unmarried adults.
METHOD: Cross-sectional data come from the Washington Heights-Inwood Columbia Aging Project (N = 778, 41% Hispanic, 33% non-Hispanic Black, 25% non-Hispanic White; 64% women). Magnetic resonance imaging (MRI) markers of BH included cortical thickness in Alzheimer's disease signature regions and hippocampal, gray matter, and white matter hyperintensity volumes. CR was residual variance in an episodic memory composite after partialing out MRI markers. Exploratory analyses stratified by race and ethnicity and sex/gender and included potential mediators.
RESULTS: Marital status was associated with CR, but not BH. Compared to married individuals, those who were previously married (i.e., divorced, widowed, and separated) had lower CR than their married counterparts in the full sample, among White and Hispanic subgroups, and among women. Never married women also had lower CR than married women. These findings were independent of age, education, physical health, and household income. Among never married individuals, living with others was negatively linked to BH.
CONCLUSIONS: Marriage may protect late-life cognition via CR. Findings also highlight differential effects across race and ethnicity and sex/gender. Marital status could be considered when assessing the risk of cognitive impairment during routine screenings.",Ji Hyun Lee; Kiana A Scambray; Emily P Morris; Ketlyne Sol; Jordan D Palms; Afsara B Zaheed; Michelle N Martinez; Nicole Schupf; Jennifer J Manly; Adam M Brickman; Laura B Zahodne,2025,Journal of the International Neuropsychological Society : JINS,Journal Article,eng,"Humans; Female; Male; Aged; Magnetic Resonance Imaging; Cognitive Reserve / physiology; Marital Status; Cross-Sectional Studies; Aged, 80 and over; Brain / diagnostic imaging; Middle Aged; Aging / physiology",MRI; Marriage; cognition; divorce; neuroimaging; widowhood,,,
39516091,10.1016/j.gerinurse.2024.10.028,https://pubmed.ncbi.nlm.nih.gov/39516091/,Factors associated with financial exploitation in older adults: A systematic review.,"OBJECTIVES: This systematic review aimed to identify and analyze factors associated with financial exploitation in older adults.
METHODS: A comprehensive search strategy was implemented in December 2023, across three major databases (PubMed, Web of Science, and Scopus), along with Google Scholar as a search engine, without restrictions on publication year. Quality assessment was conducted using the Newcastle-Ottawa Scale (NOS) and CONSORT tool.
RESULTS: Among the initial 985 articles identified, 26 fulfilled the inclusion criteria. The majority of studies were conducted in the USA and had a cross-sectional design. Key factors identified included cognitive function, depression and emotional health, physical health, social support and interpersonal relationships, living arrangements, race, and personality traits.
CONCLUSION: This review highlights the complex factors linked to financial exploitation in older adults, with cognitive function, depression, and social support as key predictors. However, inconsistencies in age, marital status, and substance use call for further research. Targeted interventions are essential to reduce the risk of exploitation.",Hadis Mosafer; Saeid Soltani; Zeinab Rostami; Sina Sharifi; Mohammad Mohammadi,2025,"Geriatric nursing (New York, N.Y.)",Journal Article; Systematic Review,eng,Humans; Aged; Social Support; Depression / psychology; Elder Abuse; Cognition,Aged; Financial abuse; Financial exploitation; Risk factors,,,
38884370,10.1177/07334648241260223,https://pubmed.ncbi.nlm.nih.gov/38884370/,Health and Financial Literacy and the Acquisition of COVID-19 Knowledge in Older Adults.,"Knowledge about COVID-19 enters into many aspects of decision making, especially for older people who are at increased risk of severe disease or death. Yet little is known about the resources that supported older people's uptake of COVID-19 knowledge. Here, we hypothesized that higher pre-pandemic health and financial literacy was associated with higher COVID-19 knowledge. Participants were 434 community-based older people without dementia. COVID-19 knowledge was assessed via a 5-item measure, and health and financial literacy was assessed via a 32-item measure. In an ordinal regression model adjusted for age, gender, and education, higher literacy was associated with higher COVID-19 knowledge (p < .0001), and this association persisted after further adjusting for robust measures of global cognition or one of five specific cognitive domains (all p's ≤ .0001). These findings suggest that literacy plays a key role in supporting older people's acquisition of impactful knowledge in the real world.",Christopher C Stewart; Lei Yu; Maeve Byrne; Crystal M Glover; David A Bennett; Patricia A Boyle,2025,Journal of applied gerontology : the official journal of the Southern Gerontological Society,Journal Article,eng,"Humans; COVID-19 / epidemiology, psychology; Female; Aged; Male; Health Literacy; Health Knowledge, Attitudes, Practice; Aged, 80 and over; SARS-CoV-2",applied cognition; decision making; health promotion; learning; successful aging,,,
39352226,10.1002/alz.14262,https://pubmed.ncbi.nlm.nih.gov/39352226/,Evaluating the updated LATE-NC staging criteria using data from NACC.,"INTRODUCTION: Limbic-predominant age-related TAR DNA-binding protein of 43 kDa encephalopathy neuropathologic change (LATE-NC) staging criteria were updated in 2023. We evaluated this updated staging using National Alzheimer's Coordinating Center data.
METHODS: We examined associations of LATE-NC stages with cognition and other neuropathologic changes (NCs), and with cognition while accounting for other NCs, using multilevel regression models.
RESULTS: Of 1352 participants, 502 (37%) had LATE-NC (23% stage 1a, 6% stage 1b, 58% stage 2, 13% stage 3). LATE-NC stages were associated with cognition, hippocampal sclerosis of aging (HS-A), Alzheimer's disease NC (ADNC), Lewy bodies (LBs), and hippocampal atrophy. While stage 1b was associated with cognition and HS-A consistent with other stages, it was not associated with ADNC or LBs. All LATE-NC stages remained significantly associated with worse cognition when accounting for other NCs.
DISCUSSION: The updated LATE-NC staging criteria capture variations in early TDP-43 pathology spread which are consequential for cognition and associations with other NCs.
HIGHLIGHTS: We applied the updated limbic-predominant age-related TAR DNA-binding protein of 43 kDa encephalopathy neuropathologic change (LATE-NC) staging criteria to data from the National Alzheimer's Coordinating Center. LATE-NC stage 1b was identified in 22% of participants with stage 1. In contrast to other LATE-NC stages, stage 1b was not associated with Alzheimer's disease neuropathologic change (ADNC) or Lewy bodies. Stages 1a and 1b were significantly associated with dementia and memory impairment. Stages 1b+ were more strongly tied to dementia than all other neuropathologic changes except high likelihood ADNC.",Davis C Woodworth; Katelynn M Nguyen; Lorena Sordo; Kiana A Scambray; Elizabeth Head; Claudia H Kawas; María M Corrada; Peter T Nelson; S Ahmad Sajjadi,2024,Alzheimer's & dementia : the journal of the Alzheimer's Association,"Journal Article; Research Support, N.I.H., Extramural",eng,"Humans; Female; Male; Aged; Alzheimer Disease / pathology; Aged, 80 and over; Hippocampus / pathology; Lewy Bodies / pathology; DNA-Binding Proteins; Atrophy / pathology; TDP-43 Proteinopathies / pathology; Disease Progression; Dementia",Alzheimer's disease; National Alzheimer's Coordinating Center; amygdala; dementia; hippocampal sclerosis of aging; hippocampus; limbic predominant age‐related TAR DNA‐binding protein of 43 kDa encephalopathy neuropathologic change; neuropathology,,,
39347939,10.1007/s11682-024-00944-0,https://pubmed.ncbi.nlm.nih.gov/39347939/,Associations between structural neuroimaging markers of Alzheimer's risk and scam susceptibility.,"Older adults with greater scam susceptibility are at greater risk for mild cognitive impairment and incident Alzheimer's dementia, regardless of baseline cognition. This, combined with documented associations between scam susceptibility and beta amyloid at death suggests that scam susceptibility may be an earlier indicator of pathological aging than cognition. Little, however, is known about whether in vivo neuroimaging markers of early-stage risk for Alzheimer's dementia are also related to scam susceptibility; such knowledge will inform upon the associations of neurodegenerative processes with scam susceptibility and may help identify vulnerable individuals. Participants were 472 community-based adults without dementia (age ~ 81y; 75% women) from the Rush Memory and Aging Project. Baseline 3T MRI T1-weighted structural and T2-weighted FLAIR data were used to assess the cortical thickness 'signature' of Alzheimer's disease (AD-CT) and white matter hyperintensity (WMH) burden, respectively. Scam susceptibility was measured using a questionnaire that assessed behaviors associated with vulnerability to fraud and scams. Demographically-adjusted linear effects regression models determined the relationship of each neuroimaging measure, first separately and then combined, with scam susceptibility. Reduced AD-CT was associated with higher levels of scam susceptibility (estimate=-0.10, standard error = 0.03, p = 0.002). WMH burden was not associated with scam susceptibility either alone or when combined in the same model as AD-CT (p-values ≥ 0.14). Results for AD-CT persisted after the inclusion of WMH burden. AD-CT was associated with scam susceptibility in older adults without dementia possibly signaling an in vivo profile of this behavior.",Melissa Lamar; Konstantinos Arfanakis; Alifiya Kapasi; S Duke Han; David A Bennett; Lei Yu; Patricia A Boyle,2024,Brain imaging and behavior,Journal Article,eng,"Humans; Alzheimer Disease / diagnostic imaging; Female; Male; Magnetic Resonance Imaging / methods; Aged, 80 and over; Neuroimaging / methods; Brain / diagnostic imaging, pathology; Aged; White Matter / diagnostic imaging, pathology; Disease Susceptibility; Cognitive Dysfunction / diagnostic imaging; Biomarkers",AD signature; Aging; Alzheimer’s disease; Cerebrovascular disease; Cortical thickness; Scam susceptibility; White matter hyperintensity,,,
39358212,10.5582/bst.2024.01220,https://pubmed.ncbi.nlm.nih.gov/39358212/,Financial inclusion and financial gerontology in Japan's aging society.,"Japan, the world's most rapidly aging society, faces increasing financial strains related to personalized dementia care. The government has shifted its focus from prevention to coexistence with dementia, as outlined in the 2023 Basic Act on Dementia. Emphasis on financial inclusion aligns with the G20's 2019 ""Fukuoka Policy Priorities on Aging and Financial Inclusion"", which addresses financial exclusion due to cognitive decline and poor financial literacy. While economic activity among older adults is already hampered by legal challenges and risks associated with dementia, outcomes are expected to worsen as the assets of older adults with dementia are projected to reach 215 trillion JPY ($1.4 trillion USD) by 2030. Government measures and research in financial gerontology advocate for protecting older adults and promoting flexible financial practices. Enhanced efforts and shared research outcomes are crucial for Japan to be a leader as an advanced aging society.",Shotaro Kinoshita; Kohei Komamura; Taishiro Kishimoto,2024,Bioscience trends,Journal Article,eng,"Japan; Humans; Aging; Geriatrics / economics; Aged; Dementia / economics, epidemiology, therapy",aging; dementia; policy,,,
39302134,10.2196/57390,https://pubmed.ncbi.nlm.nih.gov/39302134/,The Feasibility of AgileNudge+ Software to Facilitate Positive Behavioral Change: Mixed Methods Design.,"BACKGROUND: In today's digital age, web-based apps have become integral to daily life, driving transformative shifts in human behavior. ""AgileNudge+"" (Indiana University Center for Health Innovation and Implementation Science) is a web-based solution to simplify the process of positive behavior change using nudging as an intervention. By integrating knowledge from behavioral economics with technology, AgileNudge+ organizes multiple steps, simplifies complex tasks, minimizes errors by enhancing user engagement, and provides resources for creating and testing nudge interventions.
OBJECTIVE: This paper aimed to outline the design process, methodologies, and usefulness of ""AgileNudge+"" for the development of evidence-based nudges. It used a mixed methods approach to evaluate the software's interface usability and usefulness for creating and testing nudge interventions.
METHODS: AgileNudge+ was developed through iterative processes integrating principles from behavioral economics and user-centered design. The content of AgileNudge+ operationalizes an Agile science-based process to efficiently design, embed, and disseminate evidence-based nudges that encourage positive behavior change without limiting choice. Using a mixed methods approach, we tested AgileNudge+ software's ability to organize and simplify the nudge intervention process, allowing a diverse range of scholars with limited knowledge of Agile science to use nudges. Usability testing assessed the tool's usefulness and interface with a sample of 18 health care professionals, each asked to interact with the software and create a nudge intervention to solve a problem within their professional project's sphere.
RESULTS: The study was funded in August 2022, with data collection occurring from June 2023 to July 2024. As of July 2024, we have enrolled 18 participants. Quantitative results found a mean usefulness rating of AgileNudge+ of 3.83 (95% CI 3.00-4.66). Qualitative results highlighted ways to modify the language used in AgileNudge+ to be more comprehensible to a diverse user base and promoted modifications to the software that facilitate real-time assistance and prioritize time efficiency in user interactions. Feedback further supported the positive impact of gamification on participant motivation when using the software.
CONCLUSIONS: AgileNudge+ is an effective assistive tool for simplifying the positive behavior change process using nudge interventions, with tailored content and interactions to meet users' needs and demands. Building onto the current design, future iterations of AgileNudge+ will use artificial intelligence to process large volumes of data while reducing the time and mental energy required to scan for existing cognitive biases and nudge prototypes. The software is also being upgraded to build on current gamification efforts, encouraging more sustained motivation by increasing the temporal resolution of the digital interface. These modifications stay true to the agility and user-centered aspects of AgileNudge+, emphasizing the novelty of the constantly evolving software design process.",Fereshtehossadat Shojaei; Fatemehalsadat Shojaei; Archita P Desai; Emily Long; Jade Mehta; Nicole R Fowler; Richard J Holden; Eric S Orman; Malaz Boustani,2024,JMIR formative research,"Journal Article; Research Support, N.I.H., Extramural",eng,Humans; Feasibility Studies; Software; Adult; Female; Mobile Applications; Health Behavior; Behavior Therapy / methods; Male,AgileNudge+; agile; agile implementation; human behavior; human-computer interaction; nudge strategy; nudging interventions; software design; usability testing; user experience design,,,
39501982,10.1080/23279095.2024.2419932,https://pubmed.ncbi.nlm.nih.gov/39501982/,Introduction and preliminary psychometric evaluation of the assessment of functional capacity interview for older adults.,"Measures of complex functional decision-making capacity can greatly aid in assessing mild cognitive impairment (MCI) and facilitating early intervention in dementia care. We examined the ability of the Assessment of Functional Capacity Interview (AFCI) to detect functional differences among older adults who were cognitively unimpaired (CU), or who presented with subjective cognitive decline (SCD) or MCI. A sample of 97 older adults (CU; n = 30, Mage = 74.64 ± 7.42 years; SCD; n = 34, Mage = 72.56 ± 6.43 years; MCI; n = 33, Mage = 78.28 ± 7.55 years) underwent neuropsychological testing and responded to the Financial Capacity Instrument (FCI-SF). Informants completed the Assessment of Functional Capacity (AFCI), an instrument of functional decision-making capacity, and responded to the Social Vulnerability Scale (SVS15) and Amsterdam Instrumental Activity of Daily Living (A-IADL-Q-SV), a measure of functional status, for comparison. According to informant-reported responses, the CU group had significantly lower AFCI total (and domain) scores, H(2) = 27.59, p<.001, relative to MCI. Additionally, the CU group had significantly lower AFCI scores in the Home and Personal Safety domain relative to the SCD group, H(2) = 14.06, p<.05. In the overall sample, AFCI total scores were associated with FCI-SF, SVS15, and A-IADL-Q-SV scores and cognitive measures. Our results demonstrate that the AFCI is sensitive to impairment in safety, social, financial, and medical functioning in MCI and is associated with measures of cognitive functioning and social vulnerability in older adults. Incorporating this instrument as a supplement to cognitive screening instruments may aid in the prevention of hazardous decision-making in older adults.",Nicole Sergeyev; Nadia Paré; Aneela Rahman; Anjali Krishnan; David E Warren; Trevor Wolterstoff; Anna Wilhelm; Erica Aflagah; Laura Rabin,2024,Applied neuropsychology. Adult,Journal Article,eng,,Aging; cognition; functional decision-making capacity; social vulnerability,,,
39595876,10.3390/brainsci14111113,https://pubmed.ncbi.nlm.nih.gov/39595876/,Can Changes in Financial Performance Be Used in the Diagnosis of Neurocognitive Disorders? A Systematic Review of Findings from Greece.,"Background/Objectives: Elder abuse, and more specifically financial exploitation, is expected to be a major problem in modern societies as the worldwide population is getting older. Neuropsychological protocols regarding financial capacity assessment are the only available window allowing us to view the cognitive-emotional-behavioral strengths/deficits and vulnerabilities of individuals. Given the paucity of relevant research in Greece in the most vulnerable individuals such as older adults suffering from neurocognitive disorders (NCDs), this systematic review attempts to investigate whether NCDs impair financial capacity and to highlight the most important factors that can predict financial incapacity in Greek older patients and the likelihood of financial abuse. Methods: A systematic search was conducted in Embase, PsycINFO, and PubMed. Results: The search identified n = 21 relevant research articles. The synthesis of available evidence supports that financial incapacity is clearly demonstrated in the group of Greek older adults suffering from NCDs of different severity and etiology; thus, such changes can assist diagnosis, treatment, and care of these individuals, but the implications for elder abuse in the Greek cultural context have not been examined in detail so far. Conclusions: Given the unique source of information that neuropsychological assessments represent by revealing the importance of factors such as arithmetic cognition and relevant brain volume changes in the left angular gyrus, depressive mood, apathy, frailty, vascular risk factors, and financial illiteracy, forensic neuropsychology can play a vital role in protecting older individuals from financial abuse.",Vaitsa Giannouli,2024,Brain sciences,Journal Article; Review,eng,,Greece; financial abuse; financial incapacity; forensic neuropsychology; old age,,,
39340475,10.1093/geronb/gbae163,https://pubmed.ncbi.nlm.nih.gov/39340475/,"Interpersonal, Community, and Societal Stressors Mediate Black-White Memory Disparities.","OBJECTIVES: Structural racism creates contextual stressors that disproportionately affect Black, relative to White, older adults in the United States and may contribute to worse cognitive health. We examined the extent to which interpersonal, community, and societal stressors uniquely explain Black-White disparities in initial memory and memory change.
METHODS: The sample included 14,199 non-Latino Black and White older adults (Mage = 68.32, 19.8% Black) from the U.S. Health and Retirement Study who completed psychosocial questionnaires at baseline and a word list memory task every 2 years over an 8-year period. Interpersonal, community, and societal stressors were operationalized as self-reported everyday discrimination, neighborhood physical disorder, and subjective societal status, respectively. Latent growth curves modeled longitudinal memory performance. Stressors were modeled simultaneously and allowed to correlate. Covariates included age, sex, education, wealth, parental education, and Southern residence.
RESULTS: Compared to White participants, Black participants experienced more discrimination (β = -0.004, standard error [SE] = 0.001, p < .001), more neighborhood physical disorder (β = -0.009, SE = 0.002, p < .001), and lower perceived societal status (β = -0.002, SE = 0.001, p = .001), each of which uniquely mediated the racial disparity in initial memory. Sensitivity analyses utilizing proxy-imputed memory scores revealed an additional racial disparity in memory change, wherein Black participants evidenced a faster decline than White participants. This disparity in memory change was only uniquely mediated by more everyday discrimination among Black participants.
DISCUSSION: Elements of structural racism may contribute to cognitive disparities via disproportionate stress experiences at multiple contextual levels among Black older adults. Future research should consider multilevel protective factors that buffer against negative impacts of racism on health.",Emily P Morris; Jordan D Palms; Kiana Scambray; Ji Hyun Lee; Ketlyne Sol; Lenette M Jones; Jacqui Smith; Lindsay C Kobayashi; Laura B Zahodne,2024,"The journals of gerontology. Series B, Psychological sciences and social sciences","Journal Article; Research Support, Non-U.S. Gov't; Research Support, N.I.H., Extramural",eng,"Aged; Female; Humans; Male; Middle Aged; Black or African American / psychology; Health Status Disparities; Interpersonal Relations; Longitudinal Studies; Memory Disorders / ethnology, psychology; Neighborhood Characteristics; Racism / psychology, ethnology; Stress, Psychological / ethnology, psychology; United States / epidemiology, ethnology; White / psychology",Cognitive aging; Health inequities; Social determinants of health,,,
39297532,10.1093/geronb/gbae151,https://pubmed.ncbi.nlm.nih.gov/39297532/,Interoceptive Accuracy Enhances Deception Detection in Older Adults.,"OBJECTIVES: Difficulties with deception detection may leave older adults especially vulnerable to fraud. Interoception, that is, the awareness of one's bodily signals, has been shown to influence deception detection, but this relationship has not been examined in aging yet. The present study investigated effects of interoceptive accuracy on 2 forms of deception detection: detecting interpersonal lies in videos and identifying text-based deception in phishing emails.
METHODS: Younger (18-34 years) and older (53-82 years) adults completed a heartbeat detection task to determine interoceptive accuracy. Deception detection was assessed across 2 distinct, ecologically valid tasks: (i) a lie detection task in which participants made veracity judgments of genuine and deceptive individuals, and (ii) a phishing email detection task to capture online deception detection. Using multilevel logistic regression models, we determined the effect of interoceptive accuracy on lie and phishing detection in younger versus older adults.
RESULTS: In older, but not younger, adults greater interoceptive accuracy was associated with better accuracy in both detecting deceptive people and phishing emails.
DISCUSSION: Interoceptive accuracy was associated with both lie detection and phishing detection accuracy among older adults. Our findings identify interoceptive accuracy as a potential protective factor for fraud susceptibility, as measured through difficulty detecting deception. These results support interoceptive accuracy as a relevant factor for consideration in interventions targeted at fraud prevention among older adults.",Amber Heemskerk; Tian Lin; Didem Pehlivanoglu; Ziad Hakim; Pedro A Valdes-Hernandez; Leanne Ten Brinke; Matthew D Grilli; Robert C Wilson; Gary R Turner; R Nathan Spreng; Natalie C Ebner,2024,"The journals of gerontology. Series B, Psychological sciences and social sciences","Journal Article; Research Support, Non-U.S. Gov't; Research Support, N.I.H., Extramural",eng,"Humans; Aged; Male; Female; Adult; Interoception / physiology; Middle Aged; Deception; Aged, 80 and over; Young Adult; Lie Detection / psychology; Adolescent; Aging / psychology; Age Factors; Heart Rate / physiology",Bodily awareness; Fraud; Phishing,,,
39285784,10.1080/08946566.2024.2404040,https://pubmed.ncbi.nlm.nih.gov/39285784/,Loneliness could lead to risk of fraud victimization for middle-aged and older adults.,"Older adults have a strong desire for emotional connectivity and those who lack such social connectedness would be easily taken advantage of and experience fraud. We aimed to examine the association between loneliness and fraud victimization and further investigate the causal relationship through experimental manipulation. Fifty younger adults (aged 18-29, Mage = 26.62), 43 middle-aged adults (aged 32-53, Mage = 40.84) and 54 older adults (aged 60-88, Mage = 68.31) were randomly assigned to induced loneliness or control conditions by a complete randomized design and then were asked to rate the credibility and purchase intention for nine misleading advertisements. Middle-aged and older adults, but not younger adults, showed higher susceptibility to fraud after loneliness manipulation. The present experiment confirmed that loneliness could lead to higher fraud victimization for middle-aged and older adults, suggesting future interventions should target those lonely middle-aged and older adults to prevent potential fraud.",Shuyao Liao; Xiaojie Wang; Xin Zhang,2024,Journal of elder abuse & neglect,"Journal Article; Randomized Controlled Trial; Research Support, Non-U.S. Gov't",eng,"Humans; Loneliness / psychology; Middle Aged; Aged; Adult; Male; Female; Fraud; Crime Victims / psychology; Aged, 80 and over; Young Adult; Adolescent; Elder Abuse / psychology",Fraud victimization; loneliness; older adults; social isolation; social relationship,,,
39252767,10.1016/j.dib.2024.110810,https://pubmed.ncbi.nlm.nih.gov/39252767/,Social reward and nonsocial reward processing across the adult lifespan: An interim multi-echo fMRI and diffusion dataset.,"Social relationships change across the lifespan as social networks narrow and motivational priorities shift. These changes may affect, or reflect, differences in how older adults make decisions related to processing social and non-social rewards. While we have shown initial evidence that older adults have a blunted response to some features of social reward, further work in larger samples is needed to replicate our results and probe the extent to which age-related differences translate to real world consequences, such as financial exploitation. To address this gap, we are conducting a 5-year study funded by the National Institute on Aging (NIH R01-AG067011). Over the course of the funding period (2021-2026), this study seeks to: 1) characterize neural responses to social rewards across adulthood; 2) relate those responses to risk for financial exploitation and sociodemographic factors tied to risk; and 3) examine changes in risk for financial exploitation over time in healthy and vulnerable groups of older adults. This paper describes the preliminary release of data for the larger study. Adults (N = 114; 40 male / 70 female / 4 other or non-binary; 21-80 years of age M = 42.78, SD = 17.13) were recruited from the community to undergo multi-echo fMRI while completing tasks that measure brain function during social reward and decision making. Tasks probe neural response to social reward (e.g., peer vs. monetary feedback) and social context and closeness (e.g., sharing a monetary reward with a friend compared to a stranger). Neural response to social decision making is probed via economic trust and ultimatum games. Functional data are complimented by a T1 weighted anatomical scan and multi-shell diffusion-weighted imaging (DWI) to enable tractography and assess neurite orientation dispersion and density. Overall, this dataset has extensive potential for re-use, including leveraging multimodal neuroimaging data, within subject measures of fMRI data from different tasks - data features that are rarely seen in an adult lifespan dataset. Finally, the functional data will allow for developmentally sensitive cross-sectional analyses of differences in brain response to nuanced differences in reward contexts and outcomes (e.g., monetary vs. social; sharing winnings with a friend vs. stranger; stranger vs. computer).",David V Smith; Cooper J Sharp; Abraham Dachs; James Wyngaarden; Daniel Sazhin; Yi Yang; Melanie Kos; Tia Tropea; Ishika Kohli; John A Clithero; Ingrid Olson; Tania Giovannetti; Dominic Fareri; Johanna M Jarcho,2024,Data in brief,Journal Article,eng,,Alzheimer's disease; Brain; Cognitive decline; Connectivity; Decision making; Functional magnetic resonance imaging; Neurodegeneration; Reward processing; Striatum,,,
39227308,10.1093/cercor/bhae360,https://pubmed.ncbi.nlm.nih.gov/39227308/,Lower entorhinal cortex thickness is associated with greater financial exploitation vulnerability in cognitively unimpaired older adults.,"Research suggests that increased financial exploitation vulnerability due to declining decision making may be an early behavioral manifestation of brain changes occurring in preclinical Alzheimer's disease. One of the earliest documented brain changes during the preclinical phase is neurodegeneration in the entorhinal cortex. The objective of the current study was to examine the association between a measure of financial exploitation vulnerability and thickness in the entorhinal cortex in 97 cognitively unimpaired older adults. We also investigated financial exploitation vulnerability associations with frontal regions typically associated with decision making (e.g. dorsolateral and ventromedial prefrontal cortices), and additionally examined the interactive effect of age and cortical thickness on financial exploitation vulnerability. Results showed that greater financial exploitation vulnerability was associated with significantly lower entorhinal cortex thickness. There was a significant interaction between age and entorhinal cortex thickness on financial exploitation vulnerability, whereby lower entorhinal cortex thickness was associated with greater financial exploitation vulnerability in older participants. When the group was divided by age using a median split (70+ and <70 years old), lower entorhinal cortex thickness was associated with greater vulnerability only in the older group. Collectively, these findings suggest that financial exploitation vulnerability may serve as a behavioral manifestation of entorhinal cortex thinning, a phenomenon observed in suboptimal brain aging and preclinical Alzheimer's disease.",Laura Fenton; Lauren E Salminen; Aaron C Lim; Gali H Weissberger; Annie L Nguyen; Jenna Axelrod; Daisy Noriega-Makarskyy; Hussein Yassine; Laura Mosqueda; S Duke Han,2024,"Cerebral cortex (New York, N.Y. : 1991)","Journal Article; Research Support, N.I.H., Extramural; Research Support, Non-U.S. Gov't",eng,"Humans; Entorhinal Cortex / diagnostic imaging, pathology, anatomy & histology; Aged; Male; Female; Magnetic Resonance Imaging; Aging / physiology, pathology; Aged, 80 and over; Decision Making / physiology; Middle Aged; Cognition / physiology",Alzheimer’s disease; financial exploitation; older adults,,,
39244850,10.1016/j.actpsy.2024.104485,https://pubmed.ncbi.nlm.nih.gov/39244850/,Current opportunities and challenges of immersive virtual reality for psychological research and application.,"Immersive virtual reality (iVR), that is, digital stereoscopic 360° scenarios usually presented in head-mounted displays, has gained much popularity in medical, educational, and consumer contexts in the last years. Recently, psychological research started to utilize the theoretical and methodological advantages of iVR. Furthermore, understanding cognitive, emotional, and behavioral processes in iVR similar to real-life is a genuinely psychological, currently understudied topic. This article briefly reviews the current application of iVR in psychological research and related disciplines. The review presents empirical evidence for opportunities and strengths (e.g., realism, experimental control, effectiveness of therapeutic and educational interventions) as well as challenges and weaknesses (e.g., differences in experiencing presence, interacting with VR content including avatars, i.e., graphical representation of a person). The main part discusses areas requiring additional basic research, such as cognitive processes, socio-emotional processes during social interactions in iVR, and possible societal implications (e.g., fraud, VR-addiction). For both research and application, iVR offers a contemporary extension of the psychological toolkit, offering new avenues to investigate and enhance core phenomena of psychology such as cognition, affect, motivation, and behavior. Still, it is crucial to exercise caution in its application as excessive and careless use of iVR can pose risks to individuals' mental and physical well-being.",Cornelia Wrzus; Marie Ottilie Frenkel; Benjamin Schöne,2024,Acta psychologica,Journal Article; Review,eng,Humans; Virtual Reality; Psychology / methods,Cognitive processes; Education; Psychotherapy; Societal implications; Socio-emotional processes; Virtual reality,,,
39046104,10.1002/alz.14115,https://pubmed.ncbi.nlm.nih.gov/39046104/,A genome-wide association meta-analysis of all-cause and vascular dementia.,"INTRODUCTION: Dementia is a multifactorial disease with Alzheimer's disease (AD) and vascular dementia (VaD) pathologies making the largest contributions. Yet, most genome-wide association studies (GWAS) focus on AD.
METHODS: We conducted a GWAS of all-cause dementia (ACD) and examined the genetic overlap with VaD. Our dataset includes 800,597 individuals, with 46,902 and 8702 cases of ACD and VaD, respectively. Known AD loci for ACD and VaD were replicated. Bioinformatic analyses prioritized genes that are likely functionally relevant and shared with closely related traits and risk factors.
RESULTS: For ACD, novel loci identified were associated with energy transport (SEMA4D), neuronal excitability (ANO3), amyloid deposition in the brain (RBFOX1), and magnetic resonance imaging markers of small vessel disease (SVD; HBEGF). Novel VaD loci were associated with hypertension, diabetes, and neuron maintenance (SPRY2, FOXA2, AJAP1, and PSMA3).
DISCUSSION: Our study identified genetic risks underlying ACD, demonstrating overlap with neurodegenerative processes, vascular risk factors, and cerebral SVD.
HIGHLIGHTS: We conducted the largest genome-wide association study of all-cause dementia (ACD) and vascular dementia (VaD). Known genetic variants associated with AD were replicated for ACD and VaD. Functional analyses identified novel loci for ACD and VaD. Genetic risks of ACD overlapped with neurodegeneration, vascular risk factors, and cerebral small vessel disease.",Mega Vascular Cognitive Impairment and Dementia (MEGAVCID) consortium,2024,Alzheimer's & dementia : the journal of the Alzheimer's Association,"Journal Article; Meta-Analysis; Research Support, N.I.H., Extramural; Research Support, Non-U.S. Gov't",eng,"Humans; Alzheimer Disease / genetics; Dementia / genetics; Dementia, Vascular / genetics; Genetic Predisposition to Disease / genetics; Genome-Wide Association Study; Risk Factors",Alzheimer's disease; GWAS meta‐analysis; all‐cause dementia; cross‐ancestry; genome‐wide association study (GWAS); vascular dementia,,,
39176046,10.3389/fpsyg.2024.1455499,https://pubmed.ncbi.nlm.nih.gov/39176046/,Editorial: Age differences in trust and fraud.,,Lixia Yang; Xin Zhang; Jing Yu,2024,Frontiers in psychology,Editorial,eng,,aging; editorial; fraud; social cognition; trust,,,
39163044,10.1001/jamanetworkopen.2024.28372,https://pubmed.ncbi.nlm.nih.gov/39163044/,Efficacy of a Mobile App-Based Intervention for Young Adults With Anxiety Disorders: A Randomized Clinical Trial.,"IMPORTANCE: Anxiety disorders are prevalent and undertreated among young adults. Digital mental health interventions for anxiety are promising but limited by a narrow range of therapeutic components and low user engagement.
OBJECTIVE: To investigate the efficacy of and engagement with Maya, a scalable, self-guided, comprehensive mobile cognitive behavioral therapy (CBT) intervention with embedded engagement features, comparing the effects of 3 incentive conditions.
DESIGN, SETTING, AND PARTICIPANTS: This randomized clinical trial recruited young adults aged 18 to 25 years with anxiety disorders through online advertisements and outpatient psychiatry clinics at Weill Cornell Medicine. Enrollment was between June 16, 2021, and November 11, 2022. Data analysis was performed from December 21, 2022, to June 14, 2024.
INTERVENTION: Participants received a 6-week program of the intervention and were randomized to 1 of 3 different text message-based incentive conditions (gain-framed, loss-framed, or gain-social support).
MAIN OUTCOMES AND MEASURES: The primary outcome was change in anxious symptoms from baseline to end of treatment, as measured by the Hamilton Anxiety Rating Scale (HAM-A). The Anxiety Sensitivity Index and the Leibowitz Social Anxiety Scale scores were secondary measures.
RESULTS: The sample consisted of 59 participants (mean [SD] age, 23.1 [1.9] years; 46 [78%] female; 22 [37%] Asian, 3 [5%] Black, 5 [8%] Hispanic or Latino, 1 [2%] American Indian or Alaska Native, 25 [42%] White, and 6 [10%] >1 race; 32 [54%] college-educated and 12 [20%] graduate or professional school-educated; mean [SD] baseline HAM-A score, 15.0 [6.5]). Anxiety, measured by HAM-A, decreased across conditions from baseline to end of the intervention (mean difference, -5.64; 95% CI, -7.23 to -4.05), and symptomatic improvement was maintained at the week 12 follow-up (baseline to follow-up mean difference, -5.67; 95% CI, -7.29 to -4.04). However, there was no evidence that change in anxiety differed by incentive condition (loss-framed vs gain-social support mean difference, -1.40; 95% CI, -4.72 to 1.93; gain-framed vs gain-social support mean difference, 1.38; 95% CI, -1.19 to 3.96). Secondary anxiety measures (Anxiety Sensitivity Index and Liebowitz Social Anxiety Scale scores) showed a similar pattern of improvement, with no evidence of differences between incentive conditions. Participants completed most of the 12 sessions (mean [SD], 10.8 [2.1]; 95% CI, 10.3-11.4), and User Mobile Application Rating Scale app quality ratings exceeded the published threshold for acceptability at all study visits. There was no evidence that either session completion or app quality ratings differed by incentive condition.
CONCLUSIONS AND RELEVANCE: In this randomized clinical trial of an app-based intervention for anxiety, the primary hypothesis that improvement in anxiety would be greatest in the condition using gain of points plus social incentives was not supported; however, the results suggest that a CBT application incorporating a full suite of CBT skills and embedded user engagement features was efficacious in improving symptoms in young adults with anxiety disorders. Given these findings, digital interventions represent a promising step toward wider dissemination of high-quality, evidence-based interventions.
TRIAL REGISTRATION: ClinicalTrials.gov Identifier: NCT05130281.",Jennifer N Bress; Avital Falk; Maddy M Schier; Abhishek Jaywant; Elizabeth Moroney; Monika Dargis; Shannon M Bennett; Matthew A Scult; Kevin G Volpp; David A Asch; Mohan Balachandran; Roy H Perlis; Francis S Lee; Faith M Gunning,2024,JAMA network open,"Journal Article; Randomized Controlled Trial; Research Support, Non-U.S. Gov't; Research Support, N.I.H., Extramural",eng,"Adolescent; Adult; Female; Humans; Male; Young Adult; Anxiety Disorders / therapy, psychology; Cognitive Behavioral Therapy / methods; Mobile Applications; Telemedicine; Treatment Outcome",,,,
39118834,10.1093/pnasnexus/pgae296,https://pubmed.ncbi.nlm.nih.gov/39118834/,"Phishing vulnerability compounded by older age, apolipoprotein E e4 genotype, and lower cognition.","With technological advancements, financial exploitation tactics have expanded into the online realm. Older adults may be particularly susceptible to online scams due to age- and Alzheimer's disease-related changes in cognition. In this study, 182 adults ranging from 18 to 90 years underwent cognitive assessment, genotyping for apolipoprotein E e4 (APOE4), and completed the lab-based Short Phishing Email Suspicion Test (S-PEST) as well as the real-life PHishing Internet Task (PHIT). Across both paradigms, older age predicted heightened susceptibility to phishing, with this enhanced susceptibility pronounced among older APOE4 allele carriers with lower working memory. Additionally, performance in both phishing tasks was correlated in that reduced ability to discriminate between phishing and safe emails in S-PEST predicted greater phishing susceptibility in PHIT. The current study identifies older age, APOE4, and lower cognition as risk factors for phishing vulnerability and introduces S-PEST as an easy-to-administer, ecologically valid tool for assessing phishing susceptibility.",Didem Pehlivanoglu; Alayna Shoenfelt; Ziad Hakim; Amber Heemskerk; Jialong Zhen; Mario Mosqueda; Robert C Wilson; Matthew Huentelman; Matthew D Grilli; Gary Turner; R Nathan Spreng; Natalie C Ebner,2024,PNAS nexus,Journal Article,eng,,APOE4; aging; cognition; fraud; phishing,,,
38962958,10.1002/alz.14058,https://pubmed.ncbi.nlm.nih.gov/38962958/,Effect of gamification with a support partner to increase physical activity in older adults at risk for Alzheimer's disease: The STEP 4Life randomized clinical trial.,"INTRODUCTION: Physical activity is associated with reduced risk of cognitive and functional decline but scalable, sustainable interventions for populations at risk for Alzheimer's disease (AD) and AD and related dementias (ADRD) are lacking.
METHODS: A 12-week randomized-controlled trial was conducted with a 3-week follow-up using a national AD prevention registry (GeneMatch). The control group (n = 50) set step goals and received daily feedback. The intervention group (n = 44) also received a behaviorally designed game based on achieving step goals and reinforced by a support partner.
RESULTS: Intervention participants (94 participants, mean age 70, 78% female) had greater change in mean daily step count than control of 1699 steps/day (95% confidence interval [CI], 1149-2249), P < 0.0001, which was sustained in the follow-up period at 1219 steps/day (95% CI, 455-1983), P = 0.0018. Carriers of the apolipoprotein E ε4 gene (high risk) did not perform differently than non-carriers; however, high self-reported risk perception was associated with higher activity.
DISCUSSION: A gamified intervention was effective in promoting and sustaining higher physical activity in older adults at genetic risk for AD/ADRD.
HIGHLIGHTS: A simple game played with a support partner increased walking in older adults at risk for Alzheimer's disease (AD). The game also increased minutes of moderate-to-vigorous physical activity per day. Perception of lifelong AD risk was associated with increased activity but genetic risk (apolipoprotein E ε4+) was not.
TRIAL REGISTRATION: ClinicalTrials.gov: NCT05069155.",S Ryan Greysen; Ai Leen Oon; Kristin Harkins; Charles Rareshide; Angira Mondal; Mitesh S Patel; Joshua D Grill; Jason Karlawish,2024,Alzheimer's & dementia : the journal of the Alzheimer's Association,"Journal Article; Randomized Controlled Trial; Research Support, N.I.H., Extramural; Research Support, Non-U.S. Gov't",eng,Humans; Alzheimer Disease / prevention & control; Female; Male; Aged; Exercise,Alzheimer's disease; behavioral economics; dementia; gamification; physical activity,,,
38934219,10.1002/alz.13911,https://pubmed.ncbi.nlm.nih.gov/38934219/,Neighborhood racial income inequality and cognitive health.,"INTRODUCTION: Neighborhood socioeconomic status (SES) has been linked to dementia, but the distribution of SES within a neighborhood may also matter.
METHODS: Data from 460 (47% Black, 46% White) older adults from the Michigan Cognitive Aging Project were linked to census tract-level data from the National Neighborhood Data Archive (NaNDA). Neighborhood SES included two composites reflecting disadvantage and affluence. Neighborhood racial income inequality was the ratio of median incomes for White versus Black residents. Generalized estimating equations examined associations between neighborhood factors and cognitive domains.
RESULTS: Neighborhood racial income inequality was uniquely associated with worse cognitive health, and these associations did not differ by participant race. Neighborhood disadvantage was only associated with worse cognitive health among Black participants.
DISCUSSION: Both the level and racial distribution of SES within a neighborhood may be relevant for dementia risk. Racial differences in the level and impact of neighborhood SES contribute to dementia inequalities.
HIGHLIGHTS: Black participants lived in neighborhoods with lower socioeconomic status (SES) than White participants, on average. Neighborhood SES and racial income inequality were associated with worse cognition. Effects of neighborhood racial income inequality did not differ across racial groups. Effects of neighborhood SES were only evident among Black participants.",Laura B Zahodne; Ketlyne Sol; Kiana Scambray; Ji Hyun Lee; Jordan D Palms; Emily P Morris; Lauren Taylor; Vivian Ku; Mary Lesniak; Robert Melendez; Michael R Elliott; Philippa J Clarke,2024,Alzheimer's & dementia : the journal of the Alzheimer's Association,"Journal Article; Research Support, Non-U.S. Gov't; Research Support, N.I.H., Extramural",eng,"Aged; Aged, 80 and over; Female; Humans; Male; Black or African American; Cognition; Dementia / epidemiology, ethnology; Income / statistics & numerical data; Michigan / epidemiology; Neighborhood Characteristics / statistics & numerical data; Social Class; Socioeconomic Factors; White",cognitive aging; dementia; health disparities; neighborhood context,,,
38880062,10.1016/j.envint.2024.108816,https://pubmed.ncbi.nlm.nih.gov/38880062/,The effects of radiofrequency exposure on adverse female reproductive outcomes: A systematic review of human observational studies with dose-response meta-analysis.,"BACKGROUND: To inform radiofrequency electromagnetic field (RF-EMF) exposure guidelines the World Health Organization (WHO) is bringing together evidence on RF-EMF in relation to health outcomes prioritised for evaluation by experts in this field. Given this, a network of topic experts and methodologists have conducted a series of systematic reviews collecting, assessing, and synthesising data of relevance to these guidelines. Here we present a systematic review of the effect of RF-EMF exposure on adverse pregnancy outcomes in human observational studies which follows the WHO handbook for guideline development and the COSTER conduct guidelines.
METHODS: We conducted a broad, sensitive search for potentially relevant records within the following bibliographic databases: MEDLINE; Embase; and the EMF Portal. Grey literature searches were also conducted through relevant databases (including OpenGrey), organisational websites and via consultation of RF-EMF experts. We included quantitative human observational studies on the effect of RF-EMF exposure in adults' preconception or pregnant women on pre-term birth, small for gestational age (SGA; associated with intrauterine growth restriction), miscarriage, stillbirth, low birth weight (LBW) and congenital anomalies. In blinded duplicate, titles and abstracts then full texts were screened against eligibility criteria. A third reviewer gave input when consensus was not reached. Citation chaining of included studies was completed. Two reviewers' data extracted and assessed included studies for risk of bias using the Office of Health Assessment and Translation (OHAT) tool. Random effects meta-analyses of the highest versus the lowest exposures and dose-response meta-analysis were conducted as appropriate and plausible. Two reviewers assessed the certainty in each body of evidence using the OHAT GRADE tool.
RESULTS: We identified 18 studies in this review; eight were general public studies (with the general public as the population of interest) and 10 were occupational studies (with the population of interest specific workers/workforces). General public studies. From pairwise meta-analyses of general public studies, the evidence is very uncertain about the effects of RF-EMF from mobile phone exposure on preterm birth risk (relative risk (RR) 1.14, 95% confidence interval (CI): 0.97-1.34, 95% prediction interval (PI): 0.83-1.57; 4 studies), LBW (RR 1.14, 95% CI: 0.96-1.36, 95% PI: 0.84-1.57; 4 studies) or SGA (RR 1.13, 95% CI: 1.02-1.24, 95% PI: 0.99-1.28; 2 studies) due to very low-certainty evidence. It was not feasible to meta-analyse studies reporting on the effect of RF-EMF from mobile phone exposure on congenital anomalies or miscarriage risk. The reported effects from the studies assessing these outcomes varied and the studies were at some risk of bias. No studies of the general public assessed the impact of RF-EMF exposure on stillbirth. Occupational studies. In occupational studies, based on dose-response meta-analyses, the evidence is very uncertain about the effects of RF-EMF amongst female physiotherapists using shortwave diathermy on miscarriage due to very low-certainty evidence (OR 1.02 95% CI 0.94-1.1; 2 studies). Amongst offspring of female physiotherapists using shortwave diathermy, the evidence is very uncertain about the effects of RF-EMF on the risk of congenital malformations due to very low-certainty evidence (OR 1.4, 95% CI 0.85 to 2.32; 2 studies). From pairwise meta-analyses, the evidence is very uncertain about the effects of RF-EMF on the risk of miscarriage (RR 1.06, 95% CI 0.96 to 1.18; very low-certainty evidence), pre-term births (RR 1.19, 95% CI 0.32 to 4.37; 3 studies; very low-certainty evidence), and low birth weight (RR 2.90, 95% CI: 0.69 to 12.23; 3 studies; very low-certainty evidence). Results for stillbirth and SGA could not be pooled in meta-analyses. The results from the studies reporting these outcomes were inconsistent and the studies were at some risk of bias.
DISCUSSION: Most of the evidence identified in this review was from general public studies assessing localised RF-EMF exposure from mobile phone use on female reproductive outcomes. In occupational settings, each study was of heterogenous whole-body RF-EMF exposure from radar, short or microwave diathermy, surveillance and welding equipment and its effect on female reproductive outcomes. Overall, the body of evidence is very uncertain about the effect of RF-EMF exposure on female reproductive outcomes. Further prospective studies conducted with greater rigour (particularly improved accuracy of exposure measurement and using appropriate statistical methods) are required to identify any potential effects of RF-EMF exposure on female reproductive outcomes of interest.",Eugenie Evelynne Johnson; Ryan P W Kenny; Adenike M Adesanya; Catherine Richmond; Fiona Beyer; Carolina Calderon; Judith Rankin; Mark S Pearce; Mireille Toledano; Dawn Craig; Fiona Pearson,2024,Environment international,Journal Article; Meta-Analysis; Systematic Review,eng,"Female; Humans; Infant, Newborn; Pregnancy; Abortion, Spontaneous / epidemiology, etiology; Electromagnetic Fields / adverse effects; Infant, Low Birth Weight; Maternal Exposure / adverse effects; Observational Studies as Topic; Pregnancy Outcome; Premature Birth; Radio Waves / adverse effects; Reproduction / radiation effects; Stillbirth / epidemiology",Electromagnetic fields; Fertility; Non-ionizing radiation; Pregnancy outcomes; Radiofrequency exposure,,,
38323997,10.1177/07334648241229879,https://pubmed.ncbi.nlm.nih.gov/38323997/,Subjective Age Moderates the Relationship Between Global Cognition and Susceptibility to Scams.,"This study examined the interactive effect of subjective age on the relationship between global cognition and susceptibility to scams. Sixty-five participants underwent an assessment of global cognition (Mini Mental State Examination; MMSE), reported their perceived age (i.e., subjective age), and responded to a self-report questionnaire assessing scam susceptibility. A main effect of global cognition on scam susceptibility was found (p = .028); there was no main effect of subjective age (p = .819). An interaction between global cognition and subjective age was found (p = .016). Examination of conditional effects demonstrated that the relationship between cognition and scam susceptibility was not significant amongst those with subjective ages below one standard deviation of the mean, but was significant for those whose subjective ages fell around or above the mean. Findings suggest that individuals with older subjective ages may be particularly vulnerable to the negative effects of lower cognition on scam susceptibility.",Gali H Weissberger; Aaron C Lim; Laura Mosqueda; Annie L Nguyen; Laura Fenton; S Duke Han,2024,Journal of applied gerontology : the official journal of the Southern Gerontological Society,"Journal Article; Research Support, N.I.H., Extramural",eng,"Humans; Male; Female; Aged; Cognition; Middle Aged; Aging / psychology; Aged, 80 and over; Surveys and Questionnaires; Mental Status and Dementia Tests; Adult; Self Report",cognition; financial exploitation; older adults; scam; subjective age,,,
38993949,10.1097/j.pbj.0000000000000258,https://pubmed.ncbi.nlm.nih.gov/38993949/,Do sex and handedness influence general cognition and financial capacity in patients with aMCI and healthy older adults? Emphasis on women's performance.,"OBJECTIVES: The effects of sex and handedness on financial capacity performance remain unexplored both in healthy older adults and in patients with amnestic mild cognitive impairment (aMCI).
METHODS: The aim of this study was to study the effect of the above factors (sex, handedness, and health condition), following a factorial experimental design; hence, eight groups (each with ten individuals) with similar demographic characteristics (age and education level) were formed consisting of right/left-handed, women/men and healthy/not healthy (with a diagnosis of aMCI) older adults. Mini-Mental State Examination (MMSE) was administered as a measure of general cognitive ability, and Legal Capacity for Property Law Transactions Assessment Scale (LCPLTAS) was used as an indicator of financial capacity; moreover, GDS-15 was used to assess depressive symptomatology. Self-reports of hand preference were also included.
RESULTS: Although as expected healthy men and women regardless of their handedness outperformed aMCI patients on MMSE and LCPLTAS, performance on cash transactions, bank statement management, bill payment, financial decision making, and knowledge of personal assets from LCPLTAS is significantly higher for right-handed aMCI women compared with left-handed aMCI women.
CONCLUSIONS: Future research should further elucidate the reasons for this left-handed female patient with aMCI profile in larger groups of patients. This is an exploratory study, and the small sample size limits the strength of conclusions; further studies on this topic are needed.",Vaitsa Giannouli; Fotios S Milienos,2024,Porto biomedical journal,Journal Article,eng,,aMCI; financial capacity; handedness; healthy; sex,,,
38915429,10.3389/fpsyg.2024.1430893,https://pubmed.ncbi.nlm.nih.gov/38915429/,Editorial: Testamentary capacity and undue influence in older adults.,,Christopher M Nguyen; Stacey Lipio Brothers; Natalie L Denburg,2024,Frontiers in psychology,Editorial,eng,,aging; financial decision-making; forensic psychiatry; neuropsychological assessment; testamentary capacity,,,
38135907,10.1111/jnp.12357,https://pubmed.ncbi.nlm.nih.gov/38135907/,The guaranteed euros: Probabilistic discounting in behavioural-variant frontotemporal dementia.,"Financial decision-making requires trading off between guaranteed and probabilistic outcomes and between immediate and delayed ones. While research has demonstrated that patients with behavioural-variant frontotemporal dementia (bvFTD) prefer immediate rewards at the expense of future ones (i.e. temporal discounting), little is known about how patients choose between smaller, guaranteed and larger, but probabilistic, outcomes (i.e. probabilistic discounting). We thus investigated probabilistic discounting by inviting 18 patients with bvFTD and 20 control participants to choose between fixed smaller monetary amounts and a fixed larger monetary amount with a variated probability of occurrence (e.g. 'Would you rather have 40€ for sure or a 20% chance of winning 100€?'). Results demonstrated lower scores, indicating higher risk tolerance, on the probabilistic discounting task in patients with bvFTD (while impulsively choosing more immediate rewards on the temporal discounting task) compared to control participants. Probabilistic discounting was significantly correlated with a decline in general cognitive performance in patients with bvFTD. When dealing between smaller, guaranteed, and larger, but probabilistic, rewards, patients with bvFTD tend to prefer guaranteed rewards and discount the uncertain ones.",Claire Boutoleau-Bretonnière; Dimitrios Kapogiannis; Mohamad El Haj,2024,Journal of neuropsychology,"Journal Article; Research Support, N.I.H., Extramural",eng,Humans; Frontotemporal Dementia / psychology; Male; Female; Delay Discounting / physiology; Middle Aged; Aged; Reward; Neuropsychological Tests; Probability; Impulsive Behavior,behavioural‐variant; decision‐making; frontotemporal dementia; probabilistic discounting; temporal discounting,,,
37732960,10.1037/pha0000678,https://pubmed.ncbi.nlm.nih.gov/37732960/,Executive functions and behavioral economic demand for cannabis among young adults: Indirect associations with cannabis consumption and cannabis use disorder.,"Behavioral economic demand for cannabis is robustly associated with cannabis consumption and cannabis use disorder (CUD). However, few studies have examined the processes underlying individual differences in the relative valuation of cannabis (i.e., demand). This study examined associations between executive functions and cannabis demand among young adults who use cannabis. We also examined indirect associations of executive functions with cannabis consumption and CUD symptoms through cannabis demand. Young adults (N = 113; 58.4% female; mean age 22 years) completed a Marijuana Purchase Task. Participants also completed cognitive tasks assessing executive functions (set shifting, inhibitory control, working memory) and semistructured interviews assessing past 90-day cannabis consumption (number of grams used) and number of CUD symptoms. Poorer inhibitory control was significantly associated with greater Omax (peak expenditure on cannabis) and greater intensity (cannabis consumption at zero cost). Poorer working memory was significantly associated with lower elasticity (sensitivity of consumption to escalating cost). Lower inhibitory control was indirectly associated with greater cannabis consumption and CUD symptoms through greater Omax and intensity, and poorer working memory was indirectly associated with greater cannabis consumption and CUD symptoms through reduced elasticity. This study provides novel evidence that executive functions are associated with individual differences in cannabis demand. Moreover, these results suggest that cannabis demand could be a mechanism linking poorer executive functioning with heavier cannabis use and CUD, which should be confirmed in future longitudinal studies. (PsycInfo Database Record (c) 2024 APA, all rights reserved).",Sophie G Coelho; Christian S Hendershot; Elizabeth R Aston; Anthony C Ruocco; Lena C Quilty; Rachel F Tyndale; Jeffrey D Wardell,2024,Experimental and clinical psychopharmacology,Journal Article,eng,"Humans; Executive Function / physiology; Female; Male; Young Adult; Marijuana Abuse / psychology; Memory, Short-Term / physiology; Adult; Marijuana Use / psychology, epidemiology; Cannabis; Economics, Behavioral; Adolescent; Inhibition, Psychological",,,,
38552138,10.1002/alz.13786,https://pubmed.ncbi.nlm.nih.gov/38552138/,Histories of neighborhood socioeconomic status contribute to race differences in later-life cognition.,"INTRODUCTION: Neighborhood characteristics are increasingly implicated in cognitive health disparities, but no research has investigated how the historical context of neighborhoods shapes these disparities.
METHODS: Four hundred sixty-four Black (55%) and White older adults (Mage = 63.6) were drawn from the Michigan Cognitive Aging Project, a community-based, prospective study of older adults. Participants' addresses at baseline (2017-2020) were geocoded and linked to 2000-2017 measures of neighborhood socioeconomic status (NSES): disadvantage [NDis] and affluence [NAff]. Latent class growth analysis (LCGA) characterized 18 interpolated year trajectories of NSES across 1344 census tracts. Path analysis examined whether NSES trajectory classes mediated the association between race and a global cognition composite.
RESULTS: LCGA identified three NDis and two NAff trajectory classes, which were associated with participant race. Only one NDis class was associated with cognition, and it mediated the association between the Black race and cognition.
DISCUSSION: Disinvestment in neighborhoods may be particularly salient in race disparities in cognitive function.
HIGHLIGHTS: Race is implicated in the likelihood of living in more disadvantaged neighborhoods. Historical trends in neighborhood disadvantage are associated with cognitive function in older adulthood. Identifying patterns of neighborhood change may inform neighborhood-level interventions.",Ketlyne Sol; Emily P Morris; Ji Hyun Lee; Afsara B Zaheed; Jordan D Palms; Kiana Scambray; Philippa Clarke; Laura B Zahodne,2024,Alzheimer's & dementia : the journal of the Alzheimer's Association,"Journal Article; Research Support, Non-U.S. Gov't; Research Support, N.I.H., Extramural",eng,Humans; Male; Female; Social Class; Aged; Middle Aged; Prospective Studies; Michigan / epidemiology; Cognition / physiology; White People / statistics & numerical data; Neighborhood Characteristics; Residence Characteristics / statistics & numerical data; Black or African American / statistics & numerical data; Health Status Disparities,cognitive aging; dementia; health disparities; neighborhood SES; neighborhood change,,,
38598000,10.1007/s40520-024-02743-5,https://pubmed.ncbi.nlm.nih.gov/38598000/,"Tai chi, irisin and cognitive performance: a clinical and biological investigation in older adults.","BACKGROUND: Skeletal muscle is the main source of circulating irisin, both at rest and during physical activity. Previous studies have suggested that irisin can improve cognitive abilities.
AIMS: We explored whether six months of Tai Chi (TC) practice can modulate such a relationship in healthy older persons.
METHODS: This is a prospective clinical study to evaluate the effects of TC practice as compared with low intensity exercise (LI) and no exercise (NE) control groups on plasmatic irisin levels and cognitive performance. Forty-two healthy older persons were stratified into three groups according to physical activities. Biochemical assay and cognitive functions were assessed at the baseline and after six months.
RESULTS: A significant change was found in circulating irisin levels in TC as compared with NE group (p = 0.050) across time. At six months in TC group irisin levels significantly correlated with a verbal memory test (p = 0.013) controlled by age and education.
CONCLUSION: Our results suggest the potential benefits for cognitive health of TC practice by irisin levels modulation.",Anna Giulia Guazzarini; Francesca Mancinetti; Patrizia Bastiani; Michela Scamosci; Roberta Cecchetti; Virginia Boccardi; Patrizia Mecocci,2024,Aging clinical and experimental research,Journal Article,eng,"Humans; Aged; Aged, 80 and over; Fibronectins; Prospective Studies; Tai Ji; Cognition; Educational Status",Aging; Cognition; Irisin; Prevention; Tai Chi,,,
37702149,10.1080/13607863.2023.2256271,https://pubmed.ncbi.nlm.nih.gov/37702149/,Impact of community-based technology training with low-income older adults.,"OBJECTIVES: Compared with younger and middle-aged adults, older adults are less likely to adopt new computer technology, potentially limiting access to healthcare and many other important resources available online. This limitation could impact cognitive abilities, well-being, and mental health outcomes of older adults. The aims of the present study were to increase access to online county and healthcare resources, while also assessing the impact of technology access on cognitive functioning and multiple well-being domains.
METHODS: A pilot community collaboration provided a two-month tablet training intervention, focused on increasing digital independence via tablet navigation, resources access, and fraud and scam prevention, to 20 low-income older adult participants (75% female, Mage = 70.85). Pre- and post-test phone interviews were conducted to measure any changes in digital independence, cognitive abilities, well-being, mental health, and mindset.
RESULTS: Linear mixed effects models revealed no significant changes in outcome measures from pre- to post-test. However, we found effects of digital independence on several well-being measures, providing important information for the impact of technology access and training for low-income older adults.
CONCLUSION: This pilot intervention offers limited but promising results, inspiring further investigations that may inform public health and policy services to address barriers to access and potentially improve psychological health.",Leah Ferguson; Esra Kürüm; Tania M Rodriguez; Alexander Nguyen; Isadora Farias Lopes de Queiroz; Jewel Lee; Rachel Wu,2024,Aging & mental health,"Journal Article; Research Support, N.I.H., Extramural; Research Support, U.S. Gov't, Non-P.H.S.",eng,"Humans; Female; Aged; Middle Aged; Male; Cognition; Outcome Assessment, Health Care; Tablets",Technology; aging; engagement; skill-learning,,,
38549164,10.1186/s12993-024-00230-5,https://pubmed.ncbi.nlm.nih.gov/38549164/,Enhancement of neurogenesis and cognition through intranasal co-delivery of galanin receptor 2 (GALR2) and neuropeptide Y receptor 1 (NPY1R) agonists: a potential pharmacological strategy for cognitive dysfunctions.,"BACKGROUND: Spatial memory deficits and reduced neuronal survival contribute to cognitive decline seen in the aging process. Current treatments are limited, emphasizing the need for innovative therapeutic strategies. This research explored the combined effects of intranasally co-administered galanin receptor 2 (GALR2) and neuropeptide Y1 receptor (NPY1R) agonists, recognized for their neural benefits, on spatial memory, neuronal survival, and differentiation in adult rats. After intranasal co-delivery of the GALR2 agonist M1145 and a NPY1R agonist to adult rats, spatial memory was tested with the object-in-place task 3 weeks later. We examined neuronal survival and differentiation by assessing BrdU-IR profiles and doublecortin (DCX) labeled cells, respectively. We also used the GALR2 antagonist M871 to confirm GALR2's crucial role in promoting cell growth.
RESULTS: Co-administration improved spatial memory and increased the survival rate of mature neurons. The positive effect of GALR2 in cell proliferation was confirmed by the nullifying effects of its antagonist. The treatment boosted DCX-labeled newborn neurons and altered dendritic morphology, increasing cells with mature dendrites.
CONCLUSIONS: Our results show that intranasal co-delivery of GALR2 and NPY1R agonists improves spatial memory, boosts neuronal survival, and influences neuronal differentiation in adult rats. The significant role of GALR2 is emphasized, suggesting new potential therapeutic strategies for cognitive decline.",Raquel Sánchez-Varo; Alexander López-Salas; Rasiel Beltran-Casanueva; Estela Díaz-Sánchez; Jose Erik Alvarez-Contino; Miguel Angel Barbancho-Fernández; Pedro Serrano-Castro; Kjell Fuxe; Dasiel O Borroto-Escuela; Natalia García-Casares; Manuel Narváez,2024,Behavioral and brain functions : BBF,Journal Article,eng,"Rats; Animals; Receptor, Galanin, Type 2 / agonists, physiology; Receptors, Neuropeptide Y; Galanin / pharmacology; Neurogenesis; Cognition; Cognitive Dysfunction / drug therapy",Cognitive enhancement; GALR2 agonists; Intranasal administration; M1145; NPY1R agonists; Neurogenic enhancement; Neuronal differentiation; Neuronal survival; Spatial memory performance,,,
38509502,10.1186/s12888-024-05667-6,https://pubmed.ncbi.nlm.nih.gov/38509502/,Induced erotomania by online romance fraud - a novel form of de Clérambault's syndrome.,"BACKGROUND: Although the impact of internet usage on mental health is extensively documented, there is a notable scarcity of reports in the literature concerning internet-induced erotomania. Erotomania is a rare and likely underdiagnosed delusional disorder. It is characterized by an irrational belief held by the affected persons that someone of higher socioeconomic status harbor romantic feelings toward them. Here, we describe the psychopathology of erotomanic delusion induced by online romantic fraud in a female patient. Employing this case as a focal point, we illuminate novel aspects of erotomania that warrant attention and examination.
CASE PRESENTATION: We present a compelling case involving a 70-year-old married Caucasian woman diagnosed with medically controlled persistent depressive disorder for several years. The intricacies of her condition became evident as she became deeply engrossed in online profiles featuring the image of a renowned musician, inadvertently falling victim to an online romantic fraud. Subsequently, this distressing experience triggered the emergence of erotomanic delusions and a suicide attempt. The patient's history reveals an array of medical conditions and stressful life events, contributing to her vulnerability. The diagnosis of erotomanic delusional disorder, dysthymia, and mild cognitive impairment with cerebral vascular background was established. Treatment involved her previous antidepressant with low-dose risperidone, alongside supportive individual and group therapy. Her delusion showed remission four weeks later, prompting her discharge for outpatient follow-up. Although she retained some false beliefs, the intensity of the symptoms had notably diminished and her functionality improved.
CONCLUSION: This case underscores the complex interplay between mental health, online activities, and the consequences of delusions, including suicidal thoughts, shedding light on the need for a comprehensive approach in addressing such challenging psychiatric scenarios.",Nasri Alotti; Peter Osvath; Tamas Tenyi; Viktor Voros,2024,BMC psychiatry,"Case Reports; Journal Article; Research Support, Non-U.S. Gov't",eng,"Humans; Female; Aged; Delusions / diagnosis; Depressive Disorder; Emotions; Cognitive Dysfunction; Suicide, Attempted",Erotomania; Mental disorders; Online romance fraud; de Clerambault’s syndrome,,,
38315620,10.2196/47979,https://pubmed.ncbi.nlm.nih.gov/38315620/,Predicting COVID-19 Vaccination Uptake Using a Small and Interpretable Set of Judgment and Demographic Variables: Cross-Sectional Cognitive Science Study.,"BACKGROUND: Despite COVID-19 vaccine mandates, many chose to forgo vaccination, raising questions about the psychology underlying how judgment affects these choices. Research shows that reward and aversion judgments are important for vaccination choice; however, no studies have integrated such cognitive science with machine learning to predict COVID-19 vaccine uptake.
OBJECTIVE: This study aims to determine the predictive power of a small but interpretable set of judgment variables using 3 machine learning algorithms to predict COVID-19 vaccine uptake and interpret what profile of judgment variables was important for prediction.
METHODS: We surveyed 3476 adults across the United States in December 2021. Participants answered demographic, COVID-19 vaccine uptake (ie, whether participants were fully vaccinated), and COVID-19 precaution questions. Participants also completed a picture-rating task using images from the International Affective Picture System. Images were rated on a Likert-type scale to calibrate the degree of liking and disliking. Ratings were computationally modeled using relative preference theory to produce a set of graphs for each participant (minimum R2>0.8). In total, 15 judgment features were extracted from these graphs, 2 being analogous to risk and loss aversion from behavioral economics. These judgment variables, along with demographics, were compared between those who were fully vaccinated and those who were not. In total, 3 machine learning approaches (random forest, balanced random forest [BRF], and logistic regression) were used to test how well judgment, demographic, and COVID-19 precaution variables predicted vaccine uptake. Mediation and moderation were implemented to assess statistical mechanisms underlying successful prediction.
RESULTS: Age, income, marital status, employment status, ethnicity, educational level, and sex differed by vaccine uptake (Wilcoxon rank sum and chi-square P<.001). Most judgment variables also differed by vaccine uptake (Wilcoxon rank sum P<.05). A similar area under the receiver operating characteristic curve (AUROC) was achieved by the 3 machine learning frameworks, although random forest and logistic regression produced specificities between 30% and 38% (vs 74.2% for BRF), indicating a lower performance in predicting unvaccinated participants. BRF achieved high precision (87.8%) and AUROC (79%) with moderate to high accuracy (70.8%) and balanced recall (69.6%) and specificity (74.2%). It should be noted that, for BRF, the negative predictive value was <50% despite good specificity. For BRF and random forest, 63% to 75% of the feature importance came from the 15 judgment variables. Furthermore, age, income, and educational level mediated relationships between judgment variables and vaccine uptake.
CONCLUSIONS: The findings demonstrate the underlying importance of judgment variables for vaccine choice and uptake, suggesting that vaccine education and messaging might target varying judgment profiles to improve uptake. These methods could also be used to aid vaccine rollouts and health care preparedness by providing location-specific details (eg, identifying areas that may experience low vaccination and high hospitalization).",Nicole L Vike; Sumra Bari; Leandros Stefanopoulos; Shamal Lalvani; Byoung Woo Kim; Nicos Maglaveras; Martin Block; Hans C Breiter; Aggelos K Katsaggelos,2024,JMIR public health and surveillance,"Journal Article; Research Support, U.S. Gov't, Non-P.H.S.; Research Support, Non-U.S. Gov't",eng,"Adult; Humans; COVID-19 Vaccines; Judgment; Cross-Sectional Studies; COVID-19 / epidemiology, prevention & control; Vaccination; Cognitive Science; Ethnicity",aversion; balanced random forest; behavioral economics; cognitive science; judgment; machine learning; mediation; mobile phone; moderation; relative preference theory; reward; smartphone,,,
38310518,10.1556/650.2024.32971,https://pubmed.ncbi.nlm.nih.gov/38310518/,[Online romance scams - report on an old victim with mental disorder].,"Online romance scam is a form of cybercrime that has spread with the advent of social media and dating apps. In this specific form of crime, the perpetrators deceive the victim by imitating a love relationship. We can assume that patients suffering from mental disorders are more vulnerable to this form of cybercrime, but there have been hardly any studies or case reports in this direction so far. Presenting the case of an old female patient, we summarize the characteristics of online romantic scam as well as the possibilities of recognizing victimization and mitigating the consequences. The 70-year-old female patient was admitted to psychiatric ward after a suicide attempt, as she took large amounts of benzodiazepines after a conflict with her husband. In the background of the suicide attempt, online romantic scam and its negative consequences were outlined. In this patient with depressive disorder and mild cognitive impairment, online romantic scam induced erotomanic delusional disorder and suicide attempt. For the first time in the literature, we present the case of a patient with mental disorder, in whom online romantic scam led to the development of delusional disorder of the erotomanic type. Our conclusion is that when treating patients with mental disorders, one should also pay attention to their online activity, since they are at increased risk of becoming victims of online – romantic – scam, especially if other risk factors also present. Orv Hetil. 2024; 165(5): 192–196.",Péter Osváth; Viktor Vörös; Júlia Simon; Edina Hamvas; Tamás Tényi; Nasri Alotti,2024,Orvosi hetilap,Journal Article,hun,Humans; Mental Disorders; Cognitive Dysfunction,case report; delusional disorder – erotomanic type; deluzív zavar – erotomán típus; enyhe kognitív zavar; esetismertetés; mild cognitive impairment; online romance scam; online romantikus csalás,,,
37698782,10.1007/s11357-023-00922-2,https://pubmed.ncbi.nlm.nih.gov/37698782/,Dorsal and ventral fronto-amygdala networks underlie risky decision-making in age-related cognitive decline.,"Older adults often have difficulty in making decisions under uncertainty, increasing the risk of financial exploitation. However, it is still under investigation about the extent to which cognitive decline influences risky decision-making and the underlying neural correlates. We hypothesized that the individual differences of risk-taking behavior depend on cognitive integrity, in which the dorsal and ventral fronto-amygdala connectivity would play dissociable roles. In the current study, thirty-six young and 51 older adults were tested with the Iowa gambling task combing resting-state and task-related functional magnetic resonance imaging. The results showed significant changes in behaviors and the fronto-amygdala network in older adults relative to young adults. More importantly, age-effect on risk-taking behaviors was remarkably different in cognitively normal and impaired older adults. In resting-state analysis, task performance was positively correlated with the ventral fronto-amygdala connectivity and negatively correlated with the dorsal fronto-amygdala connectivity in cognitively impaired older adults, compared with cognitively normal individuals. Furthermore, task-related analysis confirmed the relationships between dorsal/ventral fronto-amygdala network and risk-taking behaviors depending on cognitive integrity. These findings indicate that the fronto-amygdala network is crucial for understanding altered risky decision-making in aging, suggesting dissociable contributions of the dorsal and ventral pathways in the context of cognitive decline.",Ping Ren; Manxiu Ma; Yuchuan Zhuang; Jiayin Huang; Meiling Tan; Donghui Wu; Guozhi Luo,2024,GeroScience,"Journal Article; Research Support, Non-U.S. Gov't",eng,Humans; Aged; Amygdala / diagnostic imaging; Aging / psychology; Cognitive Dysfunction,Aging; Cognitive decline; Fronto-amygdala network; Risky decision-making; fMRI,,,
39044507,10.14283/jpad.2023.121,https://pubmed.ncbi.nlm.nih.gov/39044507/,Longitudinal Evolution of Financial Capacity and Cerebral Tau and Amyloid Burden in Older Adults with Normal Cognition or Mild Cognitive Impairment.,"BACKGROUND: Declining ability to independently perform instrumental activities of daily living (IADL) is a hallmark of early-stage Alzheimer's disease (AD). Financial capacity, an aspect of IADL, includes financial skills such as balancing a checkbook and making change and is potentially sensitive to early decline in cognitive abilities, raising the question of how financial capacity is affected by buildup of cerebral tau and amyloid-hallmarks of AD pathology.
OBJECTIVES: This study aimed to examine the relationship between cerebral tau, amyloid, and their interaction with change in financial capacity over time.
DESIGN: Participants were selected from the Alzheimer's Disease Neuroimaging Initiative (ADNI) to have at least one yearly follow-up Financial Capacity Instrument-Short Form (FCI-SF) exam and a flortaucipir (tau) PET scan within 6 months of baseline (and in a subset, a florbetapir (amyloid) PET scan within a year of baseline).
SETTING: Multi-center international cohort study.
PARTICIPANTS: Sample size was 507-322 cognitively normal (CN) and 185 with amnestic mild cognitive impairment (MCI). Sixty-two percent (N=316) had amyloid data.
MEASUREMENTS: Linear mixed-effects models predicted FCI-SF total score from baseline tau, age, gender, premorbid intelligence, executive function, memory, and the interaction of each with time. Regions of interest included inferior temporal, entorhinal cortex, precuneus, posterior cingulate, supramarginal, and dorsolateral prefrontal (DLPF). Additional models examined amyloid and its interaction with tau. Results were adjusted for multiple comparisons.
RESULTS: Among the whole sample and in CN participants alone, higher baseline tau in all regions, most prominently in the inferior temporal, entorhinal cortex, and supramarginal regions, was significantly associated with worse performance on the FCI-SF over time. Among MCI participants alone, this relationship was significant in the entorhinal cortex (unstandardized b = 0.27, t = 3.71, adjusted p = 0.001), inferior temporal (b = 0.27, t = 3.96, p < 0.001), precuneus (b = 0.27, t = 3.04, p = 0.01), and supramarginal (b = 0.27, t = 2.74, p = 0.02) regions. Amyloid alone was significantly associated with worse FCI-SF performance in only the whole sample (b = 0.15, t = 2.37, p = 0.04), and a three-way interaction between tau, amyloid, and time was only present for entorhinal cortex tau in CN individuals (b = -1.61, t = -2.61, p = 0.03).
CONCLUSIONS: Early tau accumulation is linked to worsening financial capacity over time in CN older adults and MCI. Declining financial capacity may signal pathological buildup and serve as an early warning sign for AD, and future research should continue to investigate the longitudinal relationship between tau, financial capacity, and other IADL.",K J Mimmack; E H Sprague; R E Amariglio; P Vannini; G A Marshall,2024,The journal of prevention of Alzheimer's disease,"Journal Article; Multicenter Study; Research Support, Non-U.S. Gov't; Research Support, U.S. Gov't, Non-P.H.S.; Research Support, N.I.H., Extramural",eng,"Humans; Cognitive Dysfunction / metabolism; Female; Aged; Male; tau Proteins / metabolism; Positron-Emission Tomography; Longitudinal Studies; Activities of Daily Living; Cognition / physiology; Aged, 80 and over; Brain / metabolism, diagnostic imaging; Aniline Compounds; Carbolines; Amyloid beta-Peptides / metabolism; Ethylene Glycols; Alzheimer Disease / metabolism, diagnostic imaging",Alzheimer’s disease; amyloid; cognitively normal; financial capacity; instrumental activities of daily living; mild cognitive impairment; tau,,,
38461505,10.3233/JAD-231089,https://pubmed.ncbi.nlm.nih.gov/38461505/,Association Between Small Vessel Disease and Financial Capacity: A Study Based on Cognitively Normal Older Adults.,"BACKGROUND: Financial capacity is vital for the elderly, who possess a substantial share of global wealth but are vulnerable to financial fraud.
OBJECTIVE: We explored the link between small vessel disease (SVD) and financial capacity in cognitively unimpaired (CU) older adults via both cross-sectional and longitudinal analyses.
METHODS: 414 CU participants underwent MRI and completed the Financial Capacity Instrument-Short Form (FCI-SF). Subsequent longitudinal FCI-SF data were obtained from 104, 240, and 141 participants at one, two, and four years, respectively. SVD imaging markers, encompassing white matter hyperintensities (WMH), cerebral microbleeds (CMB), and lacune were evaluated. We used linear regression analyses to cross-sectionally explore the association between FCI-SF and SVD severity, and linear mixed models to assess how baseline SVD severity impacted longitudinal FCI-SF change. The false discovery rate method was used to adjust multiple comparisons.
RESULTS: Cross-sectional analysis revealed a significant association between baseline WMH and Bank Statement (BANK, β=-0.194), as well as between lacune number and Financial Conceptual Knowledge (FC, β= -0.171). These associations were stronger in APOE ɛ4 carriers, with β= -0.282 for WMH and BANK, and β= -0.366 for lacune number and FC. Longitudinally, higher baseline SVD total score was associated with severe FCI-SF total score decrease (β= -0.335). Additionally, baseline WMH burden predicted future decreases in Single Checkbook/Register Task (SNG, β= -0.137) and FC (β= -0.052). Notably, the association between baseline WMH and SNG changes was amplified in APOE ɛ4 carriers (β= -0.187).
CONCLUSIONS: Severe SVD was associated with worse FCI-SF and could predict the decline of financial capacity in CU older adults.",Xiao Luo; Hui Hong; Kaicheng Li; Qingze Zeng; Xiaocao Liu; Luwei Hong; Jixuan Li; Xinyi Zhang; Siyan Zhong; Xiaopei Xu; Yanxing Chen; Minming Zhang; Peiyu Huang; Alzheimer’s Disease Neuroimaging Initiative,2024,Journal of Alzheimer's disease : JAD,"Journal Article; Research Support, Non-U.S. Gov't",eng,"Humans; Aged; Cross-Sectional Studies; Magnetic Resonance Imaging; Vascular Diseases / complications; Cerebral Small Vessel Diseases / diagnostic imaging, genetics, complications; Apolipoproteins E; White Matter",Alzheimer’s disease; cerebral microbleed; cognitive decline; financial capacity; longitudinal study; positron emission tomography; small vessel disease; white matter hyperintensities,,,
38250778,10.3233/JAD-231194,https://pubmed.ncbi.nlm.nih.gov/38250778/,The Assessment of Situational Judgement Questionnaire: A Novel Instrument to Detect Susceptibility to Financial Scamming.,"BACKGROUND: Existing measures of scam susceptibility lack ecological validity and situational variability. Evidence suggests that all adults may be susceptible to scams, though a comprehensive fraud victimization theory remains to be explored.
OBJECTIVE: To identify cognitive and sociodemographic variables that differentiate individuals with high scam susceptibility from those less susceptible. This article describes the development and feasibility of the Assessment of Situational Judgment questionnaire (ASJ), a brief tool designed to detect scam susceptibility.
METHODS: The 17-item ASJ was developed using a combination of existing scams reported by the Florida Division of Consumer Services and legitimate scenarios. Participants were presented with scam and legitimate scenarios and queried regarding their willingness to engage. Response options were offered with instructions on a 7-point Likert scale (extremely unlikely to extremely likely). Pilot data from a development sample provided the foundation for the final version of the ASJ.
RESULTS: The final version of the ASJ was administered to 183 online participants. The Scam factor (8 items) explained 50.6% of the variance. The Legit factor (9 items) reported on a 7-point Likert scale explaining 10.6% of the variance. A Scam to Legit ratio provides a proxy for overall scam susceptibility. Cut-off scores of 24 on the Scam factor, 47 on the Legit factor, and 0.62 on the ratio optimize measures of scam susceptibility.
CONCLUSIONS: The ASJ is a brief, ecologically valid measure of scam susceptibility. There is a need for a sensitive and specific tool to detect scam susceptibility in clinical, community, and financial settings.",Sarah J Getz; Bonnie E Levin; James E Galvin,2024,Journal of Alzheimer's disease : JAD,"Journal Article; Research Support, Non-U.S. Gov't; Research Support, N.I.H., Extramural",eng,Humans; Judgment; Fraud; Surveys and Questionnaires; Disease Susceptibility; Crime Victims / psychology,Alzheimer’s disease; deception; decision making; scam susceptibility; vulnerable populations,,,
38227732,10.1097/PRA.0000000000000762,https://pubmed.ncbi.nlm.nih.gov/38227732/,Scam Susceptibility: Thoughts on How to Initially Approach and Manage Patients in a Geriatric Psychiatry Setting.,"Recent studies have demonstrated that older adults are more vulnerable to scams because of social isolation, economic affluence, mental disorders, struggles with technology, and cognitive impairments. In this report, we present the case of a 73-year-old man who fell victim to multiple scams over 8 years, leading to a loss of more than $100,000. We also discuss approaches to managing such patients in the outpatient setting. Susceptibility to scams is considered an increasing threat to the well-being of aging societies. The complexity of the problem and the scarcity of available studies make the management of such cases challenging for clinicians.",Weijiao Huang; Anne Carlew; Collin Vas; Izabella De Abreu,2024,Journal of psychiatric practice,Case Reports; Journal Article,eng,Male; Humans; Aged; Geriatric Psychiatry; Aging,,,,
38018442,10.1111/pcn.13616,https://pubmed.ncbi.nlm.nih.gov/38018442/,"Correction to ""Liberating older adults from the bonds of vascular risk factors: What is their impact on financial capacity in amnestic mild cognitive impairment?"".",,,2024,Psychiatry and clinical neurosciences,Published Erratum,eng,,,,,
38187581,10.1101/2023.12.21.572806,https://pubmed.ncbi.nlm.nih.gov/38187581/,Substantial decline of phasic dopamine signaling in senescent male rats does not impact dopamine-dependent Pavlovian conditioning.,"Normal aging is associated with cognitive decline which impacts financial decision making. One of the underlying features of decision making is probability estimation, in which nucleus accumbens dopamine signaling has been implicated. Here we used fast-scan cyclic voltammetry to probe for age differences in dopamine signaling, and pharmacological manipulation to test for age differences in the dopamine dependence of Pavlovian conditioning. We found differences in phasic dopamine signaling to reward delivery, and unconditioned and conditioned stimuli, but no difference in conditioned approach between adult and senescent groups. In addition, we found that dopamine receptor antagonism with flupenthixol (225 μg/kg, i.p.) partially inhibited conditioned approach in the adult group, whereas it completely blocked conditioned approach in the senescent group. Further increase in concentration to 300 μg/kg, i.p. resulted in complete inhibition of conditioned approach behavior in both age groups. Therefore, while phasic dopamine signaling in the nucleus accumbens of senescent animals is greatly diminished in concentration, these animals maintain dopamine dependent Pavlovian conditioning.",Stefan G Sandberg; Christina A Sanford; Paul E M Phillips,2023,bioRxiv : the preprint server for biology,Preprint; Journal Article,eng,,,,,
37541932,10.1016/j.jagp.2023.07.008,https://pubmed.ncbi.nlm.nih.gov/37541932/,The Relationship of MRI-Derived Alzheimer's and Cerebrovascular-Related Signatures With Level of and Change in Health and Financial Literacy.,"OBJECTIVE: The cortical thickness ""signature"" of Alzheimer's disease (AD-CT) and white matter hyperintensity (WMH) burden have each been associated with cognitive aging and incident AD and related dementias. Less is known about how these structural neuroimaging markers associate with other critical behaviors. We investigated associations of AD-CT and WMH volumes with a composite index of health and financial literacy given that the ability to access, understand, and utilize health and financial information significantly influences older adults' health outcomes.
DESIGN, SETTING, PARTICIPANTS: Participants were 303 adults without dementia (age∼80 years; 74% women) from the Rush Memory and Aging Project.
MEASUREMENTS: Baseline 3T MRI T1-weighted structural and T2-weighted FLAIR data were used to assess AD-CT and WMH volumes, respectively. Literacy was measured using questions designed to assess comprehension of health and financial information and concepts, yielding a total literacy score. Multivariable linear mixed effects regression models determined the relationship of each neuroimaging marker, first separately and then combined, with the level of and change in literacy.
RESULTS: Reduced AD-CT and higher WMH at baseline were each associated with lower levels of literacy; only AD-CT was associated with the rate of decline in literacy over time. The association of AD-CT with change in literacy persisted when both neuroimaging markers were included in the same model.
CONCLUSIONS: The cortical thickness signature of AD predicts changes in health and financial literacy in nondemented older adults suggesting that the multidimensional construct of health and financial literacy relies on specific brain networks implicated in AD.",Melissa Lamar; Konstantinos Arfanakis; Lei Yu; Alifiya Kapasi; S Duke Han; Debra A Fleischman; David A Bennett; Patricia Boyle,2023,The American journal of geriatric psychiatry : official journal of the American Association for Geriatric Psychiatry,"Journal Article; Research Support, N.I.H., Extramural",eng,Humans; Female; Aged; Male; Alzheimer Disease / diagnostic imaging; Brain / diagnostic imaging; Magnetic Resonance Imaging; Health Literacy; Aging,AD signature; Alzheimer's disease; aging; cerebrovascular disease; cortical thickness; financial literacy; health literacy; white matter hyperintensity,,,
37162322,10.1080/01634372.2023.2212715,https://pubmed.ncbi.nlm.nih.gov/37162322/,Safety Concerns for Persons with Dementia in Senior Housing: A Qualitative Study with Korean American Caregivers in Los Angeles.,"Subsidized senior housing helps many socioeconomically disadvantaged older adults pursue independent living and aging in place. However, cognitive impairment or dementia poses a critical challenge to many residents' ability to live independently and safely. Focusing on Korean American dementia caregivers, a group known to be vulnerable to caregiving burden but understudied, we explored the safety of persons with dementia in senior housing from the perspectives of caregivers. Qualitative data from nine caregivers whose care recipients were current or former residents of subsidized senior housing in Los Angeles were analyzed by the constant comparative method. Major concerns emerged were: (1) fire risks, (2) wandering, (3) physical injury (e.g., self-harm, falls), and (4) potential neglect. Caregivers also mentioned errors in the self-administration of medications, potential financial exploitation, and interpersonal conflicts. These concerns provide implications for services and programs for the safety of persons with dementia who live in senior housing.",Yuri Jang; Juyoung Park; Nan Sook Park; Soondool Chung; Miyong T Kim,2023,Journal of gerontological social work,"Journal Article; Research Support, N.I.H., Extramural; Research Support, Non-U.S. Gov't",eng,"Aged; Humans; Asian / psychology, statistics & numerical data; Caregivers / psychology, statistics & numerical data; Dementia / epidemiology, psychology, therapy; Homes for the Aged / economics, standards, statistics & numerical data; Los Angeles / epidemiology; Cognition Disorders / epidemiology, psychology, therapy",Korean Americans; Safety; caregivers; dementia; qualitative method; senior housing,,,
37872612,10.1186/s12913-023-10059-9,https://pubmed.ncbi.nlm.nih.gov/37872612/,Behavioural economic interventions to reduce health care appointment non-attendance: a systematic review and meta-analysis.,"BACKGROUND: Appointment non-attendance - often referred to as ""missed appointments"", ""patient no-show"", or ""did not attend (DNA)"" - causes volatility in health systems around the world. Of the different approaches that can be adopted to reduce patient non-attendance, behavioural economics-oriented mechanisms (i.e., psychological, cognitive, emotional, and social factors that may impact individual decisions) are reasoned to be better suited in such contexts - where the need is to persuade, nudge, and/ or incentivize patients to honour their scheduled appointment. The aim of this systematic literature review is to identify and summarize the published evidence on the use and effectiveness of behavioural economic interventions to reduce no-shows for health care appointments.
METHODS: We systematically searched four databases (PubMed/Medline, Embase, Scopus, and Web of Science) for published and grey literature on behavioural economic strategies to reduce no-shows for health care appointments. Eligible studies met four criteria for inclusion; they were (1) available in English, Spanish, or French, (2) assessed behavioural economics interventions, (3) objectively measured a behavioural outcome (as opposed to attitudes or preferences), and (4) used a randomized and controlled or quasi-experimental study design.
RESULTS: Our initial search of the five databases identified 1,225 articles. After screening studies for inclusion criteria and assessing risk of bias, 61 studies were included in our final analysis. Data was extracted using a predefined 19-item extraction matrix. All studies assessed ambulatory or outpatient care services, although a variety of hospital departments or appointment types. The most common behaviour change intervention assessed was the use of reminders (n = 56). Results were mixed regarding the most effective methods of delivering reminders. There is significant evidence supporting the effectiveness of reminders (either by SMS, telephone, or mail) across various settings. However, there is a lack of evidence regarding alternative interventions and efforts to address other heuristics, leaving a majority of behavioural economic approaches unused and unassessed.
CONCLUSION: The studies in our review reflect a lack of diversity in intervention approaches but point to the effectiveness of reminder systems in reducing no-show rates across a variety of medical departments. We recommend future studies to test alternative behavioural economic interventions that have not been used, tested, and/or published before.",Kalin Werner; Sara Abdulrahman Alsuhaibani; Reem F Alsukait; Reem Alshehri; Christopher H Herbst; Mohammed Alhajji; Tracy Kuo Lin,2023,BMC health services research,Meta-Analysis; Systematic Review; Journal Article,eng,"Humans; Economics, Behavioral; Telephone; Patient Compliance; Behavior Therapy; Health Facilities; Randomized Controlled Trials as Topic",Attendance rates; Behavioural economics; No-show rates; Reminders; Systematic reviews,,,
36856705,10.1093/geronb/gbad037,https://pubmed.ncbi.nlm.nih.gov/36856705/,Change in Decision-Making Analysis and Preferences in Old Age.,"OBJECTIVES: To test the hypotheses that decision making ability declines in old age and that a higher level of cognitive reserve is associated with a reduced rate of decline.
METHODS: As part of an ongoing cohort study, 982 older adults without dementia at study enrollment completed measures of purpose in life and cognitive activity which were used as markers of cognitive reserve. At annual intervals thereafter, they completed 6 tests of decision making.
RESULTS: In a factor analysis of baseline decision making scores, 3 measures (financial/health literacy, financial/health decision making, scam susceptibility) loaded on an ""analytic"" factor and 3 (temporal discounting small stakes, temporal discounting large stakes, risk aversion) loaded on a ""preferences"" (for temporal discounting and avoiding risk) factor. During a mean of 4.7 years of follow-up (standard deviation = 2.9), analytic factor scores decreased (mean = 0.042-unit per year, standard error [SE] = 0.006, p < .001) and preferences factor scores increased (mean = 0.021-unit per year, SE = 0.006, p < .001), with a correlation of 0.13 (p < .001) between rates of change. Evidence of an association between cognitive reserve and decision making was mixed with purpose in life related to change in analytic decision making, whereas past (but not current) cognitive activity was related to change in decision making preferences.
DISCUSSION: Decision making analysis and preferences change over time in late life. Change over time in decision making components is relatively independent and differentially related to age and cognitive reserve.",Robert S Wilson; Lei Yu; Christopher C Stewart; David A Bennett; Patricia A Boyle,2023,"The journals of gerontology. Series B, Psychological sciences and social sciences","Journal Article; Research Support, N.I.H., Extramural; Research Support, U.S. Gov't, Non-P.H.S.",eng,Humans; Aged; Decision Making; Aging / psychology; Cohort Studies; Longitudinal Studies; Delay Discounting,Cognitive activity; Longitudinal study; Purpose in life; Risk aversion; Time horizons,,,
37738048,10.1001/jamanetworkopen.2023.35319,https://pubmed.ncbi.nlm.nih.gov/37738048/,Vulnerability of Older Adults to Government Impersonation Scams.,"IMPORTANCE: Financial fraud and scams targeting older adults are on the rise and pose serious public health and economic threats. Research on the vulnerability of older adults to fraud and scams relies almost exclusively on self-reported data, which have several intrinsic limitations. Thus, how older adults truly respond to fraud attempts remains unclear.
OBJECTIVE: To explore the vulnerability of older adults to a US government impersonation scam.
DESIGN, SETTING, AND PARTICIPANTS: This cross-sectional study, conducted from October to December 2021 among communities in the greater Chicago metropolitan area, was framed as a fictitious government agency reaching out to older adults about a potential compromise of personal information relevant to their Social Security and Medicare benefits. Participants were older adults participating in the Rush Memory and Aging Project, an ongoing cohort study of chronic conditions of aging. Data analysis was performed from February to August 2023.
EXPOSURES: Participants were exposed to deceptive materials through mailers, emails, and phone calls by a live agent.
MAIN OUTCOMES AND MEASURES: Based on the phone call data, participants were classified into 3 groups: no engagement (participants who did not answer the phone or call in), engagement (those who answered or called in but were skeptical about the legitimacy of the outreach and did not give away personal information), and conversion (participants who answered or called in without skepticism, or confirmed that they did not change their personal information, or provided the last 4 digits of their Social Security number).
RESULTS: A total of 644 older adults (501 [77.8%] female, 143 [22.2%] male), with a mean (SD) age of 85.6 (7.5) years, were included. A total of 441 (68.5%) participants did not engage, 97 (15.1%) engaged but raised skepticism, and 106 (16.4%) converted. Older adults who engaged but with skepticism had the highest cognition and financial literacy, while those in the conversion group had the lowest scam awareness. No differences were observed in psychological and other behavioral measures by the levels of engagement.
CONCLUSIONS AND RELEVANCE: In this cross-sectional study using a behavioral experiment that mimicked a real-world imposter scam, a sizable number of older adults engaged without skepticism. Results suggest that many older adults, including those without cognitive impairment, are vulnerable to fraud and scams.",Lei Yu; Gary Mottola; Christine N Kieffer; Robert Mascio; Olivia Valdes; David A Bennett; Patricia A Boyle,2023,JAMA network open,"Journal Article; Research Support, N.I.H., Extramural; Research Support, Non-U.S. Gov't",eng,"United States; Humans; Aged; Female; Male; Aged, 80 and over; Cohort Studies; Cross-Sectional Studies; Medicare; Government; Government Agencies",,,,
37952111,10.1080/08946566.2023.2281672,https://pubmed.ncbi.nlm.nih.gov/37952111/,Novel methods for assessment of vulnerability to financial exploitation (FE).,"Financial exploitation (FE) is a complex problem influenced by many factors. This article introduces two novel methods for assessment of FE vulnerability: (1) performance-based measures of financial skills using web-based simulations of common financial tasks; (2) scam vulnerability measures based on credibility ratings of common scam scenarios. Older adults who were male, younger, Hispanic, more educated, with higher incomes performed better on the simulated financial tasks. Better performance was also related to higher cognitive function and numeracy, and more experience with technology. On the scenario-based measures, older adults who were male, younger, African American, less educated, and lower income showed higher FE vulnerability. Higher scam vulnerability was also related to poorer performance on the simulated financial tasks, lower cognitive function, less experience with technology, more financial conflict/anxiety, more impulsivity, and more stranger-initiated FE. Findings indicate that these novel measures show promise as valid indicators of vulnerability to FE.",Scott R Beach; Sara J Czaja; Richard Schulz,2023,Journal of elder abuse & neglect,"Journal Article; Research Support, N.I.H., Extramural",eng,Aged; Humans; Male; Female; Elder Abuse / psychology; Anxiety; Anxiety Disorders,Assessment; Elder mistreatment; financial exploitation; risk factor models,,,
36803026,10.1177/07334648231157368,https://pubmed.ncbi.nlm.nih.gov/36803026/,Psychological Well-being Relates to Healthcare and Financial Decision Making in a Study of Predominantly White Older Adults.,"The purpose of this study was to test the hypotheses that psychological well-being is associated with healthcare and financial decision making in older adults and that this association varies by the level of cognitive function. Participants were 1082 older adults (97% non-Latino White; 76% women; mean age = 81.04 years; SD = 7.53) without dementia (median MMSE score = 29.00, IQR = 27.86-30.00). In a regression model adjusted for age, gender, and years of education, higher levels of psychological well-being were associated with better decision making (estimate = 0.39, standard error [SE] = 0.11, p < .001), as was better cognitive function (estimate = 2.37, SE = 0.14, p < .0001). In an additional model, an interaction of psychological well-being and cognitive function was significant (estimate = -0.68, SE = 0.20, p < .001), such that higher levels of psychological well-being were most beneficial for decision making among participants with lower levels of cognitive function. Higher levels of psychological well-being may help sustain decision making among older persons, particularly those with lower levels of cognitive function.",Crystal M Glover; Christopher C Stewart; Lei Yu; Robert S Wilson; Melissa Lamar; David A Bennett; Patricia A Boyle,2023,Journal of applied gerontology : the official journal of the Southern Gerontological Society,"Journal Article; Research Support, N.I.H., Extramural",eng,"Humans; Female; Aged; Aged, 80 and over; Male; Aging / psychology; Decision Making; Psychological Well-Being; Cognition; Delivery of Health Care; White People",cognitive aging; decision making; older adults; psychological well-being,,,
36644855,10.1093/arclin/acac112,https://pubmed.ncbi.nlm.nih.gov/36644855/,Item Response Analysis of the Financial Capacity Instrument-Short Form.,"OBJECTIVE: The Financial Capacity Instrument-Short Form (FCI-SF) is a performance-based measure of everyday financial skills that takes 15 min to administer. Although the FCI-SF has demonstrated excellent psychometric properties, advanced psychometric methods such as item response theory (IRT) can provide important information on the performance of individual test items in measuring financial capacity and in distinguishing between healthy and cognitively impaired individuals.
METHOD: Participants were 272 older adults diagnosed with mild cognitive impairment (MCI) and 1,344 cognitively healthy controls recruited from the Mayo Clinic Study of Aging at the Mayo Clinic in Rochester, Minnesota and also from the Cognitive Observations in Seniors study at the University of Alabama at Birmingham. Participants in each study were administered the FCI-SF, which evaluates coin/currency calculation, financial conceptual knowledge, use of a checkbook/register, and use of a bank statement.
RESULTS: A unidimensional two-parameter logistic model best fit the 37 FCI-SF Test items, and most FCI-SF items fit the unidimensional two-parameter model well. The results indicated that all FCI-SF items robustly distinguished cognitively healthy controls from persons with MCI.
CONCLUSIONS: The study results showed that the FCI-SF performed well under IRT analysis, further highlighted the psychometric properties of the FCI-SF as a valid and reliable measure of financial capacity, and demonstrated the clinical utility of the FCI-SF in distinguishing between cognitively normal and cognitively impaired individuals.",Adam Gerstenecker; Richard Kennedy; Yue Zhang; Roy C Martin; R Scott Mackin; Michael W Weiner; Taylor Howell; Ronald C Petersen; Erik D Roberson; Daniel C Marson,2023,Archives of clinical neuropsychology : the official journal of the National Academy of Neuropsychologists,Journal Article,eng,"Humans; Aged; Neuropsychological Tests; Cognitive Dysfunction / diagnosis, psychology; Aging / psychology; Psychometrics",Cognitive decline; Financial capacity; Financial capacity instrument-short form; Item response theory,,,
37425966,10.1055/s-0043-1770796,https://pubmed.ncbi.nlm.nih.gov/37425966/,"In the Hands of Hypnos: Associations between Sleep, Cognitive Performance and Financial Capacity in aMCI and Mild AD.","Objective The aim of this monocentric observational study is to assess whether sleep disorders can predict financial capacity in single-and multiple-domain aMCI (amnestic Mild Cognitive Impairment), mild Alzheimer's Disease (AD), and healthy controls. Methods Older participants from Northern Greece were examined with several neuropsychological tests, including Mini-Mental State Examination (MMSE), Geriatric Depression Scale (GDS-15), and the Legal Capacity for Property Law Transactions Assessment Scale (LCPLTAS). Sleep duration and quality were based on caregiver/family members' reports in the Sleep Disorders Inventory (SDI). Results These preliminary findings coming from 147 participants indicate for the first time that apart from MMSE, complex cognitive functions, such as financial capacity may be also directly linked to the frequency of sleep-disturbed behaviours as indicated by SDI frequency questions, both in aMCI and mild AD. Discussion An urgency for further investigation of the neglected sleep factor should be added in financial capacity assessment protocols.",Vaitsa Giannouli; Magda Tsolaki,2023,"Sleep science (Sao Paulo, Brazil)",Journal Article,eng,,Cognition; Financial capacity; Sleep; aMCI; mild AD,,,
34727785,10.1177/13634593211049891,https://pubmed.ncbi.nlm.nih.gov/34727785/,The mouth and oral health in the field of dementia.,"An ageing population, an estimated 47 million people currently living with dementia, and predictions of a threefold increase in people living with a diagnosis by 2050 have led the WHO to declare dementia a public health priority. Emerging research also suggests that dementia is linked to poor oral health and that oral health declines alongside cognitive decline. Drawing on Bourdieu's concepts of field and capital, this paper presents an analysis of interview data from participants with dementia, carers and carer/diagnosed dyads participating in a qualitative study of the mouth and oral health. We argue that Bourdieu's conceptual toolkit provides a way of contextualising experiences of oral health within dementia and un-picking the multi-layered impact of structure, institutions, biology, resource mobilisation and self in the context of a progressive disease which ultimately challenges knowledge of the self and the ability to interact with the world around us.",Sasha Scambler; Sarah Curtis; Jill Manthorpe; Kritika Samsi; Yvonne M Rooney; Jennifer E Gallagher,2023,"Health (London, England : 1997)",Journal Article,eng,Humans; Oral Health; Caregivers / psychology; Qualitative Research; Dementia / psychology; Mouth,chronic illness and disability; organisation of health services; theory,,,
39917255,10.1257/jel.20211660,https://pubmed.ncbi.nlm.nih.gov/39917255/,What Can Economics Say about Alzheimer's Disease?,"Alzheimer's disease (AD) affects one in ten people aged 65 or older and is the most expensive disease in the United States. We describe the central economic questions raised by AD. Although there is overlap with the economics of aging and health, the defining feature of the ""economics of Alzheimer's disease"" is an emphasis on choice by cognitively impaired patients that affects health and financial well-being, and situations in which dynamic contracts between patients and caregivers are useful but difficult to enforce. A focus on innovation in AD prevention, treatment, and care is also critical given the enormous social cost of AD and present lack of understanding of its causes, which raises questions of optimal resource allocation and alignment of private and social incentives. The enormous scope for economists to contribute to our understanding of AD-related issues including drug development, efficient care delivery, dynamic contracting, long-term care risk, financial decision-making, and the design of public programs for AD suggests a rich research program for many areas of economics.",Amitabh Chandra; Courtney Coile; Corina Mommaerts,2023,Journal of economic literature,Journal Article,eng,,G50; I10; I38; J14; JEL G22; L65; O31,,,
36952172,10.1007/s40120-023-00466-9,https://pubmed.ncbi.nlm.nih.gov/36952172/,Design of a Non-Interventional Study to Assess Neurologists' Perspectives and Pharmacological Treatment Decisions in Early Alzheimer's Disease.,"INTRODUCTION: The current therapeutic landscape of Alzheimer's disease (AD) is evolving rapidly. Our treatment options include new anti-amyloid-β protein disease-modifying therapies (DMTs) that decrease cognitive decline in patients with early AD (prodromal and mild AD dementia). Despite these advances, we have limited information on how neurologists would apply the results of recent DMT trials to make treatment decisions. Our goal is to identify factors associated with the use of new AD DMTs among neurologists applying concepts from behavioral economics.
METHODS: This non-interventional, cross-sectional, web-based study will assess 400 neurologists with expertise in AD from across Spain. Participants will start by completing demographic information, practice settings, and a behavioral battery to address their tolerance to uncertainty and risk preferences. Participants will then be presented with 10 simulated case scenarios or vignettes of common encounters in patients with early AD to evaluate treatment initiation with anti-amyloid-β DMTs (e.g., aducanumab, lecanemab, etc.). The primary outcomes will be therapeutic inertia and suboptimal decisions. Discrete choice experiments will be used to determine the weight of factors influencing treatment choices.
RESULTS: The results of this study will provide new insights into a better understanding of the most relevant factors associated with therapeutic decisions on the use of DMTs, assessing how neurologists handle uncertainty when making treatment choices, and identifying the prevalence of therapeutic inertia in the management of early AD.",Gustavo Saposnik; Gonzalo Sánchez-Benavidez; Elena García-Arcelay; Emilio Franco-Macías; Catalina Bensi; Sebastián Carmelingo; Ricardo F Allegri; David A Pérez-Martínez; Jorge Maurino,2023,Neurology and therapy,Journal Article,eng,,Alzheimer's disease; Decision making; Discrete choice; Disease-modifying therapies; Therapeutic inertia; Treatment preferences,,,
36764049,10.1016/j.cognition.2023.105390,https://pubmed.ncbi.nlm.nih.gov/36764049/,Default settings affect children's decisions about whether to be honest.,"Behavioral economics research has revealed that our decision-making can be biased by default settings. That is, all other things being equal, adults tend to choose default options even when the effort involved in choosing other options is minimal. Extensive evidence shows that default settings can systematically influence adult decisions in a wide variety of domains (e.g., pension choices, organ donation), but little is known about their developmental origin. Of interest in the present research is whether default settings can influence young children's decisions about whether to be honest. We investigated this question in two studies of 5- and 6-year-old Chinese children (total N = 120; 60 girls; Mage = 5.81, SDage = 0.14). Each study used a specially designed device that allowed children to play a guessing game in either a Cheating Default condition in which they would cheat by doing nothing or in an Honesty Default condition in which they would be honest by doing nothing. In each condition, they had the option of taking a trivially easy action to override the default (pushing a button in Study 1 or moving a screen in Study 2). In both studies, children decided to cheat significantly more often in the Cheating Default condition than in the Honesty Default condition. Additionally, overall cheating rates were significantly higher in Study 2 than in Study 1 (55% vs. 25%), which suggests that even though the default setting effect generalized across different actions, the specific action in question can also affect the cheating rate. Taken together, these results indicate that default setting effects that have been observed in adults have origins in childhood, and they point toward new ways to use nudges to promote positive social development and moral decision-making.",Li Zhao; Haiying Mao; Jiaxin Zheng; Genyue Fu; Brian J Compton; Gail D Heyman; Kang Lee,2023,Cognition,"Journal Article; Research Support, Non-U.S. Gov't",eng,"Adult; Female; Humans; Child; Child, Preschool; Infant; Deception; Child Behavior; Morals",Action; Cheating; Children; Default settings; Honesty; Moral development,,,
36600106,10.1007/s40211-022-00451-y,https://pubmed.ncbi.nlm.nih.gov/36600106/,"Stressful life events, general cognitive performance, and financial capacity in healthy older adults and Alzheimer's disease patients.","BACKGROUND: The influence of stressful life events on general cognition and for the first time on financial capacity performance of patients with a diagnosis of Alzheimer's disease (AD) and in healthy controls (HC) is assessed.
METHODS: A total of 268 participants (122 patients and 146 HCs with similar demographics) were examined with a number of neuropsychological tests, including Mini Mental State Examination (MMSE), Geriatric Depression Scale (GDS-15), and Legal Capacity for Property Law Transactions Assessment Scale (LCPLTAS) for measuring financial capacity. The life change unit (LCU) method was also used.
RESULTS: HCs reported more stressful events than AD patients before the onset of the disease as the LCU load was higher for them (51.80 vs. 27.50), but in both groups the level of LCU load was far below 100, which is the threshold suggested for the induction of a psychosomatic disorder. The most frequently reported life event for AD patients was increased family arguments (n = 45/122), followed by increase in responsibilities (n = 32/122) and financial difficulties (n = 29/122), while the HC group reported problems within the family (n = 56/146), change in health status (n = 32/146), and a death of a beloved family member (n = 27/146). Regressions indicate no causal role for recent life events in the etiopathogenesis of AD, but an influence only of MMSE and diagnosis on financial capacity.
CONCLUSIONS: Stressful life events do not seem to be important in financial capacity and relevant vulnerability to financial exploitation for either HCs or AD patients; therefore clinicians should not consider them per se as a possible aggravating factor for financial deficits.",Vaitsa Giannouli; Magda Tsolaki,2023,"Neuropsychiatrie : Klinik, Diagnostik, Therapie und Rehabilitation : Organ der Gesellschaft Osterreichischer Nervenarzte und Psychiater",Journal Article,eng,Humans; Aged; Alzheimer Disease / diagnosis; Cognition; Cognition Disorders; Neuropsychological Tests; Health Status; Cognitive Dysfunction / diagnosis,Assessment; Financial capacity; Neurocognitive disorders; Old age; Stress,,,
35583043,10.1080/13607863.2022.2076210,https://pubmed.ncbi.nlm.nih.gov/35583043/,Interpersonal dysfunction predicts subsequent financial exploitation vulnerability in a sample of adults over 50: a prospective observational study.,"OBJECTIVES: The goal of this study was to test whether interpersonal dysfunction, characterized by loneliness and/or dissatisfaction with relationships, is an imminent predictor of financial exploitation vulnerability (FEV) among adults age 50+ within a 6-month observation period. This study also tests whether FEV prospectively predicts interpersonal dysfunction.
METHODS: Twenty-six adults aged 50 or older completed a study involving baseline data collection and 13 follow-ups over 6 months. Linear mixed models were used for primary analyses.
RESULTS: After adjustment for demographic, psychological and cognitive covariates, there were between-person effects of FEV and interpersonal dysfunction across follow-ups, suggesting that those with generally higher interpersonal dysfunction compared to other participants also reported greater FEV (B(SE) = 1.09(.33), p = .003). There was a within-person effect (B(SE) = .08(.03), p = .007) of elevated interpersonal dysfunction predicting greater FEV two weeks later across all follow-ups. Within-person effect of FEV was not predictive of interpersonal dysfunction (B(SE) = .25(.15), p = .10). There was also a significant effect of age (B(SE) = -.06(.02), p = .007), such that older individuals had lower FEV throughout follow-ups.
CONCLUSION: Among adults age 50+, individuals with higher interpersonal dysfunction relative to others in the study reported greater FEV throughout the 6-month observation period. Increased loneliness and social dissatisfaction, relative to one's average level, predicts subsequent increases in FEV, and may be an imminent risk factor for exploitation.",Aaron C Lim; Laura Mosqueda; Annie L Nguyen; Tyler B Mason; Gali H Weissberger; Laura Fenton; Peter Lichtenberg; S Duke Han,2023,Aging & mental health,"Observational Study; Journal Article; Research Support, N.I.H., Extramural; Research Support, Non-U.S. Gov't",eng,Humans; Emotions; Loneliness / psychology; Prospective Studies; Mental Disorders; Risk Factors,Longitudinal change; abuse/neglect; cognitive functioning; financial; friendship; older adults; social network; social support,,,
36723055,10.23736/S1973-9087.23.07639-6,https://pubmed.ncbi.nlm.nih.gov/36723055/,Correlates of participation six months after stroke in an Italian population: results from the RIPS (Post-Stroke Intensive Rehabilitation) Study.,"BACKGROUND: Stroke survivors report physical, cognitive, and psychological impairments, with a consequent limitation of participation. Participation is the most context-related dimension of functioning, but the literature on participation in Italian stroke patients is scant.
AIM: This study aimed to describe the recovery of participation six months after stroke with a validated Italian version of the Frenchay Activity Index (FAI) and to investigate potential correlates with higher participation scores.
DESIGN: The study is a prospective observational study.
SETTING: The cohort of patients was enrolled in four intensive inpatient rehabilitation units of IRCCS Fondazione Don Carlo Gnocchi Onlus, Florence, Italy.
POPULATION: Adults addressing postacute intensive inpatient rehabilitation after an ischemic or hemorrhagic stroke occurred within 30 days from recruitment were prospectively enrolled.
METHODS: Data were collected at admission to intensive inpatient rehabilitation, and a six-month follow-up. The primary outcome was participation, measured by a validated Italian version of the FAI; only patients whose data included both anamnestic FAI and FAI at six months follow-up were included in this analysis. The data were analyzed by univariate and multivariate linear regressions.
RESULTS: A cohort of 105 patients (median age 78 years [interquartile range, IQR=21]; 46.7% males) with completed FAI at follow-up were included in this study. The sample reported a FAI median score of 28 (IQR=8) at admission (referred to the participation in the 3-6 months before the stroke) and 13 (IQR=20) at follow-up. All items were significantly affected, with the exception of reading and making trips. The multivariate regression for all patients with good participation before the stroke (N.=101), showed that 6 months after the stroke a higher FAI Score was independently associated with better functioning in activities of daily living (modified Barthel Index) (B=0.133; P=0.015), and absence of cognitive impairment (B=4.755; P=0.027); a lower stroke severity in the postacute phase (NIHSS B=-0.832; P=0.001) and a higher prestroke FAI Score (B=0.410; P=0.028) were also independently related to follow-up FAI Score.
CONCLUSIONS: In our cohort of patients addressing postacute stroke rehabilitation, prestroke participation levels were on average good, while they were severely reduced six months after stroke for all the considered items except reading and making trips. Higher FAI at follow-up was independently associated with a higher functional level and no cognitive impairment at follow-up, with lower stroke severity in the postacute phase, as well as a higher anamnestic participation score.
CLINICAL REHABILITATION IMPACT: Our results suggest that investigating prestroke participation may be highly relevant to predict, and possibly address, participation recovery after stroke.",Chiara Castagnoli; Silvia Pancani; Teresa Barretta; Leonardo Pellicciari; Silvia Campagnini; Benedetta Basagni; Camilla Gucci; Alessandro Sodero; Erika Guolo; Bahia Hakiki; Antonello Grippo; Andrea Mannini; Claudio Macchi; Francesca Cecchi,2023,European journal of physical and rehabilitation medicine,Observational Study; Journal Article,eng,Male; Adult; Humans; Aged; Female; Stroke Rehabilitation; Activities of Daily Living / psychology; Stroke; Cognitive Dysfunction; Prospective Studies,,,,
35696371,10.1080/13607863.2022.2087206,https://pubmed.ncbi.nlm.nih.gov/35696371/,Childhood socioeconomic status interacts with cognitive function to impact scam susceptibility among community-dwelling older adults.,"OBJECTIVES: We examined whether childhood socioeconomic status (SES) is related to scam susceptibility in old age and tested the hypothesis that childhood SES interacts with cognitive function to impact scam susceptibility.
METHODS: This study employed a cross-sectional design. All data were collected in participants' community-based residences. Participants were 1071 older adults (mean age = 81.05 years, SD = 7.53) without dementia (median MMSE score = 28.29, IQR = 27.86-30.00). Participants completed assessments of childhood SES, cognitive function, and scam susceptibility. We used linear regression models to examine the associations of childhood SES and cognitive function with scam susceptibility.
RESULTS: In a regression model adjusted for age, gender, and education, poorer cognitive function was associated with higher scam susceptibility, but childhood SES was not. However, in an additional model that included the interaction of childhood SES and cognitive function, the interaction was significant, such that lower childhood SES was associated with higher scam susceptibility among participants with lower cognitive function.
CONCLUSION: Lower childhood SES is associated with higher scam susceptibility among older adults with lower levels of cognitive function. Thus, older adults who experienced limited resources in childhood and have lower cognitive function may represent a specific group for interventions to increase scam awareness and prevent financial exploitation.",Crystal M Glover; Lei Yu; Christopher C Stewart; Robert S Wilson; David A Bennett; Melissa Lamar; Patricia A Boyle,2023,Aging & mental health,"Journal Article; Research Support, N.I.H., Extramural",eng,"Humans; Aged; Aged, 80 and over; Independent Living; Cross-Sectional Studies; Cognition; Social Class",Cognitive aging; childhood socioeconomic status; cognitive functioning; scam susceptibility,,,
35289011,10.1111/jocn.16283,https://pubmed.ncbi.nlm.nih.gov/35289011/,Associated factors of discrepancy between older adults and their family caregivers in reporting elder abuse.,"AIMS AND OBJECTIVES: This study focuses on elder abuse against older adults with mild-to-moderate cognitive and physical impairment who were receiving family care in Chinese context. Specifically, the study examined the associated factors of discrepancy between family caregiver and care recipient reports of elder abuse committed by the caregivers.
BACKGROUND: Many studies identified the discrepancies between caregivers and care recipients reports of elder abuse, but they did not examine factors contributing to such discrepancies. Various cultural factors may contribute to the accuracy of elder abuse reports.
METHODS: A consecutive sample of 1,002 older adults with mild-to-moderate cognitive and physical impairment and their family caregivers was surveyed.
DESIGN: Quantitative study with cross-sectional design.
RESULTS: Moderate-to-substantial agreement in caregiver and care recipient reports was found for all forms of abuse (Cohen's kappa = 0.39 to 0.76). Care recipient reports consistently generated higher rates than caregiver reports for psychological abuse (51.1% vs. 42.8%), physical abuse (1.2% vs. 1.0%), caregiver neglect (65.0% vs. 50.2%) and financial exploitation (40.8% vs. 34.2%). Similar factors were found for dyadic discrepancy in the reporting of various forms of elder abuse, which included desire to gain face, fear of losing face and sense of familism in the caregivers, as well as older age, cognitive impairment and female gender of the care recipient. This study was presented in adherence to the Strobe Checklist.
CONCLUSIONS: The results suggest that family caregivers might not be reliable as the sole informants to report their care recipients' victimization experiences. Information from multiple parties should be gathered and synthesized to obtain more accurate reporting of the frequency and severity of elder abuse. Meanwhile, cultural factors should be taken into account when seeking information related to elder abuse.
RELEVANCE TO CLINICAL PRACTICE: There is a need for multiple parties to provide and report information about the elder abuse. It is also need to consider cultural factors when detecting and intervening elder abuse.",Boye Fang; Danyu Li; Elsie Yan; Yi Zhou; Zhuopeng Yu; Jian Hu,2023,Journal of clinical nursing,Journal Article,eng,Humans; Female; Aged; Caregivers / psychology; Elder Abuse / psychology; Cross-Sectional Studies; Risk Factors; Surveys and Questionnaires,care recipient; dyadic discrepancy; elder abuse; family caregivers,,,
36833039,10.3390/healthcare11040505,https://pubmed.ncbi.nlm.nih.gov/36833039/,Beneath the Top of the Iceberg: Financial Capacity Deficits in Mixed Dementia with and without Depression.,"Nowadays, controversy exists regarding the influence of comorbid depression on cognition in old age. Additionally, we still know little about the influence of depression in mixed dementia (MD), that is, in cases where there is the co-existence of Alzheimer's disease and vascular dementia (VaD). Given that the assessment of financial capacity is pivotal for independent living as well as in the prevention of financial exploitation and abuse in old age, in this pilot study, we aimed to examine whether comorbid depression in MD patients can influence financial capacity performance. A total of 115 participants were recruited. They were divided into four groups: MD patients with and without depressive symptoms and healthy elderly without depression as well as older adults suffering from depression. Participants were examined with a number of neuropsychological tests, including the Mini-Mental State Examination (MMSE), Geriatric Depression Scale (GDS-15), and Legal Capacity for Property Law Transactions Assessment Scale (LCPLTAS). The results of this study suggested that financial capacity as measured with LCPLTAS in MD patients was severely impaired when depression co-existed compared to patients suffering only from depression and healthy controls. Deficits in financial capacity in MD and comorbid depression should be a point on which healthcare professionals should focus during neuropsychological assessment in order to prevent financial exploitation.",Vaitsa Giannouli; Magdalini Tsolaki,2023,"Healthcare (Basel, Switzerland)",Journal Article,eng,,depression; financial capacity; mixed dementia,,,
36759603,10.1038/s41467-023-36192-x,https://pubmed.ncbi.nlm.nih.gov/36759603/,Author Correction: Common variants in Alzheimer's disease and risk stratification by polygenic risk scores.,,"Itziar de Rojas; Sonia Moreno-Grau; Niccolo Tesi; Benjamin Grenier-Boley; Victor Andrade; Iris E Jansen; Nancy L Pedersen; Najada Stringa; Anna Zettergren; Isabel Hernández; Laura Montrreal; Carmen Antúnez; Anna Antonell; Rick M Tankard; Joshua C Bis; Rebecca Sims; Céline Bellenguez; Inés Quintela; Antonio González-Perez; Miguel Calero; Emilio Franco-Macías; Juan Macías; Rafael Blesa; Laura Cervera-Carles; Manuel Menéndez-González; Ana Frank-García; Jose Luís Royo; Fermin Moreno; Raquel Huerto Vilas; Miquel Baquero; Mónica Diez-Fairen; Carmen Lage; Sebastián García-Madrona; Pablo García-González; Emilio Alarcón-Martín; Sergi Valero; Oscar Sotolongo-Grau; Abbe Ullgren; Adam C Naj; Afina W Lemstra; Alba Benaque; Alba Pérez-Cordón; Alberto Benussi; Alberto Rábano; Alessandro Padovani; Alessio Squassina; Alexandre de Mendonça; Alfonso Arias Pastor; Almar A L Kok; Alun Meggy; Ana Belén Pastor; Ana Espinosa; Anaïs Corma-Gómez; Angel Martín Montes; Ángela Sanabria; Anita L DeStefano; Anja Schneider; Annakaisa Haapasalo; Anne Kinhult Ståhlbom; Anne Tybjærg-Hansen; Annette M Hartmann; Annika Spottke; Arturo Corbatón-Anchuelo; Arvid Rongve; Barbara Borroni; Beatrice Arosio; Benedetta Nacmias; Børge G Nordestgaard; Brian W Kunkle; Camille Charbonnier; Carla Abdelnour; Carlo Masullo; Carmen Martínez Rodríguez; Carmen Muñoz-Fernandez; Carole Dufouil; Caroline Graff; Catarina B Ferreira; Caterina Chillotti; Chandra A Reynolds; Chiara Fenoglio; Christine Van Broeckhoven; Christopher Clark; Claudia Pisanu; Claudia L Satizabal; Clive Holmes; Dolores Buiza-Rueda; Dag Aarsland; Dan Rujescu; Daniel Alcolea; Daniela Galimberti; David Wallon; Davide Seripa; Edna Grünblatt; Efthimios Dardiotis; Emrah Düzel; Elio Scarpini; Elisa Conti; Elisa Rubino; Ellen Gelpi; Eloy Rodriguez-Rodriguez; Emmanuelle Duron; Eric Boerwinkle; Evelyn Ferri; Fabrizio Tagliavini; Fahri Küçükali; Florence Pasquier; Florentino Sanchez-Garcia; Francesca Mangialasche; Frank Jessen; Gaël Nicolas; Geir Selbæk; Gemma Ortega; Geneviève Chêne; Georgios Hadjigeorgiou; Giacomina Rossi; Gianfranco Spalletta; Giorgio Giaccone; Giulia Grande; Giuliano Binetti; Goran Papenberg; Harald Hampel; Henri Bailly; Henrik Zetterberg; Hilkka Soininen; Ida K Karlsson; Ignacio Alvarez; Ildebrando Appollonio; Ina Giegling; Ingmar Skoog; Ingvild Saltvedt; Innocenzo Rainero; Irene Rosas Allende; Jakub Hort; Janine Diehl-Schmid; Jasper Van Dongen; Jean-Sebastien Vidal; Jenni Lehtisalo; Jens Wiltfang; Jesper Qvist Thomassen; Johannes Kornhuber; Jonathan L Haines; Jonathan Vogelgsang; Juan A Pineda; Juan Fortea; Julius Popp; Jürgen Deckert; Katharina Buerger; Kevin Morgan; Klaus Fließbach; Kristel Sleegers; Laura Molina-Porcel; Lena Kilander; Leonie Weinhold; Lindsay A Farrer; Li-San Wang; Luca Kleineidam; Lucia Farotti; Lucilla Parnetti; Lucio Tremolizzo; Lucrezia Hausner; Luisa Benussi; Lutz Froelich; M Arfan Ikram; M Candida Deniz-Naranjo; Magda Tsolaki; Maitée Rosende-Roca; Malin Löwenmark; Marc Hulsman; Marco Spallazzi; Margaret A Pericak-Vance; Margaret Esiri; María Bernal Sánchez-Arjona; Maria Carolina Dalmasso; María Teresa Martínez-Larrad; Marina Arcaro; Markus M Nöthen; Marta Fernández-Fuertes; Martin Dichgans; Martin Ingelsson; Martin J Herrmann; Martin Scherer; Martin Vyhnalek; Mary H Kosmidis; Mary Yannakoulia; Matthias Schmid; Michael Ewers; Michael T Heneka; Michael Wagner; Michela Scamosci; Miia Kivipelto; Mikko Hiltunen; Miren Zulaica; Montserrat Alegret; Myriam Fornage; Natalia Roberto; Natasja M van Schoor; Nazib M Seidu; Nerisa Banaj; Nicola J Armstrong; Nikolaos Scarmeas; Norbert Scherbaum; Oliver Goldhardt; Oliver Hanon; Oliver Peters; Olivia Anna Skrobot; Olivier Quenez; Ondrej Lerch; Paola Bossù; Paolo Caffarra; Paolo Dionigi Rossi; Paraskevi Sakka; Patrizia Mecocci; Per Hoffmann; Peter A Holmans; Peter Fischer; Peter Riederer; Qiong Yang; Rachel Marshall; Rajesh N Kalaria; Richard Mayeux; Rik Vandenberghe; Roberta Cecchetti; Roberta Ghidoni; Ruth Frikke-Schmidt; Sandro Sorbi; Sara Hägg; Sebastiaan Engelborghs; Seppo Helisalmi; Sigrid Botne Sando; Silke Kern; Silvana Archetti; Silvia Boschi; Silvia Fostinelli; Silvia Gil; Silvia Mendoza; Simon Mead; Simona Ciccone; Srdjan Djurovic; Stefanie Heilmann-Heimbach; Steffi Riedel-Heller; Teemu Kuulasmaa; Teodoro Del Ser; Thibaud Lebouvier; Thomas Polak; Tiia Ngandu; Timo Grimmer; Valentina Bessi; Valentina Escott-Price; Vilmantas Giedraitis; Vincent Deramecourt; Wolfgang Maier; Xueqiu Jian; Yolande A L Pijnenburg; EADB contributors; GR@ACE study group; DEGESCO consortium; IGAP (ADGC, CHARGE, EADI, GERAD); PGC-ALZ consortia; Patrick Gavin Kehoe; Guillermo Garcia-Ribas; Pascual Sánchez-Juan; Pau Pastor; Jordi Pérez-Tur; Gerard Piñol-Ripoll; Adolfo Lopez de Munain; Jose María García-Alberca; María J Bullido; Victoria Álvarez; Alberto Lleó; Luis M Real; Pablo Mir; Miguel Medina; Philip Scheltens; Henne Holstege; Marta Marquié; María Eugenia Sáez; Ángel Carracedo; Philippe Amouyel; Gerard D Schellenberg; Julie Williams; Sudha Seshadri; Cornelia M van Duijn; Karen A Mather; Raquel Sánchez-Valle; Manuel Serrano-Ríos; Adelina Orellana; Lluís Tárraga; Kaj Blennow; Martijn Huisman; Ole A Andreassen; Danielle Posthuma; Jordi Clarimón; Mercè Boada; Wiesje M van der Flier; Alfredo Ramirez; Jean-Charles Lambert; Sven J van der Lee; Agustín Ruiz",2023,Nature communications,Published Erratum,eng,,,,,
36635684,10.1186/s12877-022-03674-4,https://pubmed.ncbi.nlm.nih.gov/36635684/,A digital divide in the COVID-19 pandemic: information exchange among older Medicare beneficiaries and stakeholders during the COVID-19 pandemic.,"BACKGROUND: The COVID-19 pandemic resulted in unprecedented challenges for older adults. Medicare enrollment was already an overwhelming process for a high fraction of older adults pre-pandemic. Therefore, the purpose of this qualitative study was to gain understanding from community organizations and stakeholders about their pre-pandemic and during-pandemic experiences while adapting to continue offering insurance advice to seniors, what resources are available to seniors, and what needs to be done to help seniors make higher quality insurance choices in the Medicare program. In addition, we wanted to explore how the COVID-19 pandemic may have changed the ways that these stakeholders interacted with Medicare beneficiaries.
METHODS: We employed a qualitative strategy to gain a deep understanding of the challenges that these organizations may have faced while offering advice/counseling to older adults. We accomplished this by interviewing a group of 30 stakeholders from different states.
RESULTS: Every stakeholder mentioned that some older adults have difficulty making Medicare decisions, and 16 stakeholders mentioned that their system is complex and/or overwhelming for older adults. Twenty-three stakeholders mentioned that Medicare beneficiaries are often confused about Medicare, and this is more noticeable among new enrollees. With the onset of the pandemic, 22 of these organizations mentioned that they had to move to a virtual model in order to assist beneficiaries, especially at the beginning of the pandemic. However, older adults seeking advice/meetings have a strong preference for in-person meetings even during the pandemic. Given that the majority of the beneficiaries that these stakeholders serve may not have access to technology, it was difficult for some of them to smoothly transition to a virtual environment. With Medicare counseling moving to virtual or telephone methods, stakeholders discussed that many beneficiaries had difficulty utilizing these options in a variety of ways.
CONCLUSIONS: Findings from our interviews with stakeholders provided information regarding experiences providing Medicare counseling pre- and during-COVID-19 pandemic. Some of the barriers faced by older adults included a complex and overwhelming system, a strong preference for in-person meetings among beneficiaries, challenges with technology, and an increased risk of information overload and misinformation. While bias may exist within the study and sample, given that technology-savvy beneficiaries may not seek help from organizations our study participants work in, they show how the current Medicare system may impact vulnerable older adults who may need support with access to high-speed internet and digital literacy.",Aaron Castillo; Maricruz Rivera-Hernandez; Kyle A Moody,2023,BMC geriatrics,"Journal Article; Research Support, N.I.H., Extramural; Research Support, Non-U.S. Gov't",eng,Humans; Aged; United States / epidemiology; Medicare; Pandemics; Digital Divide; COVID-19 / epidemiology; Communication,Advertising; Cognitive dysfunction; Digital divide; Fraud; Internet access; Literacy; Medicare Part C; Medicare fee-for-service; Social media; Television,,,
36302666,10.1212/WNL.0000000000201345,https://pubmed.ncbi.nlm.nih.gov/36302666/,Impact and Risk Factors of Limbic Predominant Age-Related TDP-43 Encephalopathy Neuropathologic Change in an Oldest-Old Cohort.,"BACKGROUND AND OBJECTIVES: Limbic predominant age-related TAR DNA binding protein 43 (TDP-43) encephalopathy neuropathologic change (LATE-NC) is a prevalent degenerative pathology in the oldest-old who are the fastest-growing segment of our population with the highest rates of dementia. We aimed to determine the relationship between LATE-NC and cognitive impairment and to identify its potential risk factors by studying its relationship with common past medical histories in an oldest-old cohort.
METHODS: Participants from The 90+ Study with longitudinal evaluations and autopsy data were included. Dementia status and impairment in 5 main cognitive domains were determined at postmortem conferences leveraging all clinical and neuropsychological data blind to neuropathologic diagnosis. Medical history information was obtained from patients and their informants. LATE-NC and Alzheimer disease neuropathologic change (ADNC) were considered present in those with TDP-43 pathology in the hippocampus and/or neocortex and those with high likelihood of ADNC according to NIA-AA guidelines, respectively. We examined the association of degenerative pathologies with cognitive outcomes and multiple comparisons-adjusted relationship of medical history variables with LATE-NC and ADNC using logistic regressions adjusted for age at death, sex, and education.
RESULTS: Three hundred twenty-eight participants were included in this study. LATE-NC was present in 32% of the participants. It had a significant association with the presence of dementia (OR 2.8, 95% CI 1.7-4.6) and impairment in memory (OR 3.0, 95% CI 1.8-5.1), language (OR 2.6, 95% CI 1.6-4.3), and orientation (OR 3.5, 95% CI 2.1-5.9). The association with impaired orientation was unique to LATE-NC, and the strength and significance of the other associations were comparable to ADNC. Furthermore, we found that history of osteoarthritis (OR 0.37, adjusted 95% CI 0.21-0.66) and hypertension (OR 0.52, adjusted 95% CI 0.28-0.98) were associated with a reduced likelihood of LATE-NC, but not ADNC.
DISCUSSION: Our results suggest that LATE-NC is a prevalent degenerative pathology in the oldest-old and has significant associations with dementia and impairment in cognitive domains with magnitudes that are comparable to ADNC. We also found that past medical histories of hypertension and osteoarthritis were associated with a lower likelihood of LATE-NC. This might help identify upstream mechanisms leading to this important pathology.",Seyed Ahmad Sajjadi; Syed Bukhari; Kiana A Scambray; Rui Yan; Claudia Kawas; Thomas J Montine; Maria M Corrada,2023,Neurology,"Journal Article; Research Support, N.I.H., Extramural",eng,"Humans; Aged, 80 and over; Alzheimer Disease / pathology; Limbic Encephalitis / complications; DNA-Binding Proteins; Hypertension / complications; Osteoarthritis / complications; Risk Factors; TDP-43 Proteinopathies / pathology; Dementia",,,,
37990708,10.20900/agmr20230007,https://pubmed.ncbi.nlm.nih.gov/37990708/,Financial Fraud and Deception in Aging.,"Financial exploitation among older adults is a significant concern with often devastating consequences for individuals and society. Deception plays a critical role in financial exploitation, and detecting deception is challenging, especially for older adults. Susceptibility to deception in older adults is heightened by age-related changes in cognition, such as declines in processing speed and working memory, as well as socioemotional factors, including positive affect and social isolation. Additionally, neurobiological changes with age, such as reduced cortical volume and altered functional connectivity, are associated with declining deception detection and increased risk for financial exploitation among older adults. Furthermore, characteristics of deceptive messages, such as personal relevance and framing, as well as visual cues such as faces, can influence deception detection. Understanding the multifaceted factors that contribute to deception risk in aging is crucial for developing interventions and strategies to protect older adults from financial exploitation. Tailored approaches, including age-specific warnings and harmonizing artificial intelligence as well as human-centered approaches, can help mitigate the risks and protect older adults from fraud.",Natalie C Ebner; Didem Pehlivanoglu; Alayna Shoenfelt,2023,Advances in geriatric medicine and research,Journal Article,eng,,Alzheimer’s Disease; aging; brain structure/function; cognitive decline; deception detection; decision making; elder maltreatment; financial exploitation; fraud; socioemotional function,,,
37742640,10.3233/JAD-230238,https://pubmed.ncbi.nlm.nih.gov/37742640/,Characterizing Limbic-Predominant Age-Related TDP-43 Encephalopathy Without Alzheimer's Disease and Lewy Body Dementia in the Oldest Old: A Case Series.,"BACKGROUND: Limbic-predominant age-related TDP-43 encephalopathy neuropathologic change (LATE-NC) is a clinicopathological construct proposed to facilitate studying TDP-43 pathology in older individuals.
OBJECTIVE: Our aim was to describe clinical and cognitive characteristics of LATE-NC without Alzheimer's disease neuropathologic change (ADNC) and Lewy body (LB) and to compare this with ADNC and primary age related tauopathy (PART).
METHODS: In 364 autopsies of the oldest old of The 90+ Study, we identified those with LATE-NC without ADNC and LB. Control groups were participants with ADNC and PART.
RESULTS: Of 31% of participants who had LATE-NC, only 5 (1.4%) had LATE-NC without ADNC and LB, all of whom had tau. These participants had a gradual and progressive cognitive decline. Four (80%) had dementia at death, a rate that was higher than ADNC (50%) and PART (21.7%). Mean duration of cognitive impairment was twice as long in LATE-NC without ADNC and LB (6.2 years) compared to ADNC (2.9 years) and PART (3 years). LATE-NC without ADNC and LB group had a higher prevalence of syncope, depression, and extrapyramidal signs than the ADNC and PART groups.
CONCLUSIONS: Despite the high prevalence of LATE-NC, LATE-NC without ADNC and LB was rare in this large oldest-old cohort, highlighting the very high prevalence of multiple pathologic changes in the oldest old. Slowly progressive cognitive decline, ubiquitous memory impairment, history of syncope and depression, and extrapyramidal signs were prominent features among our LATE-NC without ADNC and LB group.",Anne-Marie C Leiby; Kiana A Scambray; Hannah L Nguyen; Farheen Basith; Shahrzad Fakhraee; Zarui A Melikyan; Syed A Bukhari; Thomas J Montine; María M Corrada; Claudia H Kawas; S Ahmad Sajjadi,2023,Journal of Alzheimer's disease : JAD,"Journal Article; Research Support, N.I.H., Extramural",eng,"TDP-43 Proteinopathies / pathology; Alzheimer Disease / pathology; Aged, 80 and over; Syncope; Dementia; Aged; Lewy Body Disease; Tauopathies; Humans; DNA-Binding Proteins / genetics",Alzheimer’s disease; TDP-43 protein; case studies; dementia; oldest old,,,
37231845,10.1159/000531193,https://pubmed.ncbi.nlm.nih.gov/37231845/,Cognition and Financial Decision-Making in Older Adult Spouses.,"INTRODUCTION: Age-related decline in executive functioning has been found to negatively impact one's capacity to make prudent financial decisions. The broader literature also speaks to the importance of considering interrelatedness in older spouses' functioning, as these individuals typically represent one's longest and closest relationship that involves an extended history of shared experiences. Accordingly, the aim of the present study was to provide the first examination of whether older adults' financial decision-making capacity is impacted not only by their own but also by their partner's, level of cognitive functioning.
METHOD: Sixty-three heterosexual spousal dyads comprising older adults aged 60-88 participated. The contribution of executive functioning and perceptions of partner's cognitive decline on financial decision-making behavior and financial competency was assessed through two actor-partner interdependence models.
RESULTS: As predicted, for both genders, one's own executive functioning was predictive of one's own financial decision-making capacity. However, of particular interest was the finding that for females (but not males) perceiving greater cognitive decline in their spouse predicted their own (greater) financial competency.
CONCLUSION: Examining whether partner interdependence extends to the realm of financial decision-making is not only a theoretically but also practically important question. These data provide initial insights that such a relationship does exist and highlight further important avenues for future research.",Sarah P Coundouris; Sylvain Hohn; Anup Basu; Uwe Dulleck; Julie D Henry; Nicolas Cherbuin,2023,Gerontology,"Journal Article; Research Support, Non-U.S. Gov't",eng,Humans; Male; Female; Aged; Spouses / psychology; Cognition; Cognitive Dysfunction; Executive Function,Aging; Dyads; Executive function; Financial decision-making,,,
36315115,10.1001/jamaneurol.2022.3711,https://pubmed.ncbi.nlm.nih.gov/36315115/,Association of Stroke and Cerebrovascular Pathologies With Scam Susceptibility in Older Adults.,"IMPORTANCE: Scam susceptibility is associated with adverse financial and health outcomes, including an increased risk of cognitive decline and dementia. Very little is known about the role of cerebrovascular pathologies with scam susceptibility.
OBJECTIVE: To examine the association of diverse cerebrovascular pathologies (globally and regionally) with scam susceptibility.
DESIGN, SETTING, AND PARTICIPANTS: This clinical-pathological cohort study included participants from 2 ongoing studies of aging that began enrollment in 1994 and 1997. In 2010, participants were enrolled in the decision-making and behavioral economics substudy and were followed up for a mean (SD) of 3.4 (2.6) years prior to death. From 1365 older persons with clinical evaluations, 69 were excluded for having dementia at baseline. From 538 older persons who died, 408 had annual assessments for scam susceptibility, cardiovascular risk burden, and cognitive function and consented to brain donation for detailed neuropathologic examination. Data were analyzed from June 2021 through September 2022.
EXPOSURES: Neuropathologic examination identified the presence of macroscopic and microscopic infarcts, atherosclerosis, arteriolosclerosis, cerebral amyloid angiopathy, and common neurodegenerative pathologies (Alzheimer disease, limbic-predominant age-related transactive response DNA-binding protein 43 encephalopathy, and Lewy bodies).
RESULTS: There was a total of 408 participants. The mean (SD) age at death was 91 (6.1) years, the mean (SD) amount of education was 15.6 (3.1) years, and 297 (73%) were women. Participants included 4 Latino individuals (1%), 7 non-Latino Black individuals (2%), and 397 non-Latino White individuals (97%). The frequency of participants with macroscopic infarcts was 38% (n = 154), microinfarcts was 40% (n = 163), and moderate to severe vessel disease; specifically, atherosclerosis was 20% (n = 83), arteriolosclerosis was 25% (n = 100), and cerebral amyloid angiopathy was 35% (n = 143). In linear regression models adjusted for demographics and neurodegenerative pathologies, macroscopic infarcts were associated with greater scam susceptibility (estimate [SE], 0.18 [0.07]; P = .009). This association persisted after adjusting for cardiovascular risk burden and global cognition. Regionally, infarcts localized to the frontal, temporal, and occipital lobes and thalamus were associated with greater scam susceptibility. Neither arteriosclerosis, atherosclerosis, cerebral amyloid angiopathy, nor microinfarcts were associated with scam susceptibility.
CONCLUSIONS AND RELEVANCE: Cerebrovascular pathologies, specifically cerebral infarcts, is linked with greater scam susceptibility in older adults, independent of common neurodegenerative diseases such as Alzheimer disease. Future studies examining in vivo magnetic resonance imaging markers of cerebrovascular pathologies with scam susceptibility and related decision-making outcomes will be important.",Alifiya Kapasi; Julie A Schneider; Lei Yu; Melissa Lamar; David A Bennett; Patricia A Boyle,2023,JAMA neurology,"Journal Article; Research Support, N.I.H., Extramural",eng,"Humans; Female; Aged; Aged, 80 and over; Male; Alzheimer Disease / pathology; Cohort Studies; Arteriolosclerosis / complications, metabolism, pathology; Brain / pathology; Cerebral Amyloid Angiopathy / complications; Stroke / epidemiology, complications; Infarction / pathology; Atherosclerosis / complications",,,,
36538552,10.1371/journal.pone.0277409,https://pubmed.ncbi.nlm.nih.gov/36538552/,A pragmatic parallel arm randomized-controlled trial of a multi-pronged electronic health record-based clinical decision support tool protocol to reduce low-value antipsychotic prescriptions among older adults with Alzheimer's and related dementias.,"Among patients with Alzheimer's disease and its related dementias (ADRD) with behavioral disturbances, antipsychotic prescriptions have limited efficacy and increase the risk of death. Yet, physicians continue to routinely prescribe low-value antipsychotic medications for behavioral disturbances among patients with ADRD. We designed a pragmatic randomized-controlled trial to measure the impact of a behavioral economic electronic health record (EHR) clinical decision support (CDS) intervention to reduce physician prescriptions of new antipsychotic medications among patients with ADRD. Utilizing a pragmatic parallel arm randomized-controlled trial design, the study will randomize eligible physicians from a large academic health system to either receive a EHR CDS intervention or not (control) when they prescribe a new antipsychotic medication during visits with patients with ADRD. The intervention will include three components: 1) alerts prescribers that antipsychotic prescriptions increase mortality risk (motivating physicians' intrinsic desire for non-malfeasance); 2) offers non-pharmacological behavioral resources for caregivers; 3) auto-defaults the prescription to contain the lowest dose and number of pill-days (n = 30) without refills if the prescriber does not cancel the order (appealing to default bias). Over 1 year, we will compare the cumulative total of new antipsychotic pill-days prescribed (primary outcome) by physicians in the intervention group versus in the control group. The study protocol meets international SPIRIT guidelines. Behavioral economics, or the study of human behavior as a function of more than rational incentives, considering a whole host of cognitive and social psychological preferences, tendencies, and biases, is increasingly recognized as an important conceptual framework to improve physician behavior. This pragmatic trial is among the first to combine two distinct behavioral economic principles, a desire for non-malfeasance and default bias, to improve physician prescribing patterns for patients with ADRD. We anticipate this trial will substantially advance understanding of how behavioral-economic informed EHR CDS tools can potentially reduce harmful, low-value care among patients with ADRD.",John N Mafi; Anne M Walling; Chad Villaflores; Sitaram Vangala; Andrea Sorensen; Eric Cheng; Ashley Turner; Zoe Trutner; Grace Cheng; Julia Cave Arbanas; Benjamin Waterman; Suzanne Shu; Noah Goldstein; Catherine Sarkisian,2022,PloS one,"Clinical Trial Protocol; Journal Article; Research Support, N.I.H., Extramural",eng,"Humans; Aged; Antipsychotic Agents / therapeutic use; Alzheimer Disease / drug therapy; Electronic Health Records; Decision Support Systems, Clinical; Prescriptions; Randomized Controlled Trials as Topic; Pragmatic Clinical Trials as Topic",,,,
36525296,10.2196/39984,https://pubmed.ncbi.nlm.nih.gov/36525296/,Facebook Experiences of Users With Traumatic Brain Injury: A Think-Aloud Study.,"BACKGROUND: A critical gap in our knowledge about social media is whether we can alleviate accessibility barriers and challenges for individuals with traumatic brain injury (TBI), to improve their social participation and health. To do this, we need real-time information about these barriers and challenges, to design appropriate aids.
OBJECTIVE: The aim of this study was to characterize the ways people with TBI accessed and used social media websites and understand unique challenges they faced.
METHODS: We invited 8 adults with moderate to severe TBI to log onto their own Facebook page and use it as they regularly would while thinking aloud. Their comments were recorded and transcribed for qualitative analysis. We first analyzed participants' utterances using a priori coding based on a framework proposed by Meshi et al to classify adults' motives for accessing social media. We next used an open coding method to understand the challenges that people with TBI faced while using Facebook. In other words, we analyzed participants' needs for using Facebook and then identified Facebook features that made it challenging for them to meet those needs.
RESULTS: Participants used all categories of codes in the framework by Meshi et al and provided detailed feedback about the Facebook user interface. A priori coding revealed 2 dimensions that characterized participants' Facebook use: whether they were active or passive about posting and self-disclosure on Facebook and their familiarity and fluency in using Facebook. The open coding analysis revealed 6 types of challenges reported by participants with TBI, including difficulty with language production and interpretation, attention and information overload, perceptions of negativity and emotional contagion, insufficient guidance to use Facebook, concerns about web-based scams and frauds, and general accessibility concerns.
CONCLUSIONS: Results showed that individuals with TBI used Facebook for the same reasons typical adults do, suggesting that it can help increase social communication and reduce isolation and loneliness. Participants also identified barriers, and we propose modifications that could improve access for individuals with brain injury. On the basis of identified functions and challenges, we conclude by proposing design ideas for social media support tools that can promote more active use of social media sites by adults with TBI.",Reihaneh Ahmadi; Hajin Lim; Bilge Mutlu; Melissa Duff; Catalina Toma; Lyn Turkstra,2022,JMIR rehabilitation and assistive technologies,Journal Article,eng,,cognitive communication; disability; rehabilitation; social media; traumatic brain injury,,,
36041403,10.22365/jpsych.2022.090,https://pubmed.ncbi.nlm.nih.gov/36041403/,Elder financial abuse and the COVID-19 pandemic: A call to action through training programmes?,"Within the last decade, there has been a growing debate regarding financial capacity and abuse as one of the most important challenges that older adults are facing in their everyday lives.1 Currently older adults are highly impacted by pre-and post-COVID-19 measures and there is a massive increase in financial exploitation reports involving older adults worldwide,2 an increase that can be attributed to a number of reasons, such as the higher rates of depression among socially isolated seniors (a diagnosis itself linked to abuse, as it can worsen elders' cognitive and physical condition by making them dependent and vulnerable), but also due to of mass redundancies, financial pressure and stress faced by younger family members (childrenandgrandchildren).3 Althoughpriorresearchemphasizedmainlyindividualcognitive aspects (e.g. financial knowledge/self-beliefs/behaviors in the financial decision-making process), the interaction with emotional and socio-cultural factors are not thoroughly examined. Unfortunately, there are scarce organized large-scale research attempts at national and none at international level to focus on financial abuse of elders suffering from different types of neurocognitive disorders as well as healthy elders, not only before the COVID-19 era, but especially during and after COVID-19 health and social crisis.4 In addition to the lack of research neglecting the cross-cultural perspective, there is also a dire need to refocus previous research attempts that mainly examine perceptions of financial abuse with experimental manipulations, not in real world situations and only from the viewpoint of the patient/family, while disregarding the attitudes and education /educational needs of healthcare experts.5 Future research questions that deserve to be examined, but still remain unanswered, are: What are the cognitive-emotional characteristics of elders prone to abuse and of the persons in their social environment? How do medical-psychiatric conditions influence elders financial abuse? What and how do individuals and groups from different social and cultural settings define-perceive financial abuse and the characteristics of the 'offender' and 'victim'? Under what real-life conditions we-as-'guardians' detect and are willing to report elder financial abuse and how can we 'protect' elders? What do we expect from the state, legal systems and the important others to do? What do elders themselves think and feel about financial abuse and how do they react? What is the 'correct reaction/directives'? What are healthcare professionals' attitudes and knowledge on this topic? Could all the above-mentioned points be taught in programmes? All the above will not only give an alternative viewpoint on this hot, complex multifaceted ethical, legal and practical issue (that many of us are concerned with, but at the same time are unwilling to systematically explore), but may assist us in understanding, planning and acting 'appropriately'. For that to happen, different questions should be addressed and a combination of methods is needed (mixed quantitative and qualitative designs in cross-cultural settings). A final point that may help to elucidate this confusing problem is the introduction of new statistical approaches such as multilevel analyses, which allow simultaneous examination of group-level (society) and individual-level (elder) factors and thus reveal to us the broader context. Financial education programmes for the prevention of financial exploitation use a wide and appropriate range of delivery methods and dissemination channels focusing on the deficits, strengths as well as needs of the target groups (older adults, family members/caregivers, healthcare professionals). Due to the complex social situation, it is imperative to educate older adults as well as their caregivers to make sound financial decisions with the resources available. Such programmes have already success, because they provide not only access to financial advisors available for advice and questions on financial issues, they provide resources which are user-friendly (based on the reading level of the older individuals and caregivers), but include enough detail to be useful in planning.6 In the cases of individuals without computer access or without computer literacy, alternative options are offered, such as services accessible over the phone or in person, brochures, handouts, or other written materials, or individual sessions and classes.6 The aim of promotion of financial education on a regular basis, (both via interactive online and with the use of offline resources), includes information fostering knowledge of money management and scam prevention, not only on an individual, but at the community level.7 Revisiting existing research and asking for an update on emerging issues and unexplored realms is a researchers' obligation. So, are existing educational programmes adequate? A contemporary empirical re-assessment will tell us and old and new questions will make us ponder where to go next.",Vaitsa Giannouli; Magda Tsolaki,2022,Psychiatrike = Psychiatriki,Journal Article,eng,Humans; Aged; Pandemics / prevention & control; COVID-19 / epidemiology; Caregivers; Family; Health Personnel,,,,
36423650,10.1016/S0140-6736(22)01546-X,https://pubmed.ncbi.nlm.nih.gov/36423650/,The path to healthy ageing in China: a Peking University-Lancet Commission.,"UNLABELLED: Around the world, populations are ageing at a faster pace than in the past and this demographic transition will have impacts on all aspects of societies. In May 2020, the UN General Assembly declared 2021–2030 the Decade of Healthy Ageing, highlighting the importance for policymakers across the world to focus policy on improving the lives of older people, both today and in the future. While rapid population ageing poses challenges, China’s rapid economic growth over the last forty years has created space for policy to assist older persons and families in their efforts to improve health and well-being at older ages. As China is home to 1/5 of the world’s older people, China is often held up as an example for other middle-income countries. This Commission Report aims to help readers to understand the process of healthy ageing in China as a means of drawing lessons from the China experience. In addition, with the purpose of informing the ongoing policy dialogue within China, the Commission Report highlights the policy challenges on the horizon and draws lessons from international experience.
THE UNIQUENESS OF CHINA’S AGEING SOCIETY: From a global perspective, China shares some of the economic and social challenges faced by other countries with rapidly ageing populations. China stands out, however, as it already has the world’s largest older population, and China’s ageing burdens will increase further as the ‘second baby boomers’ (those born between 1962 and 1975) start to enter retirement in 2022. In addition, China’s rapid demographic transition over the last four decades will lead to a dramatic decline in the number of living children for each older person in China and bring substantial challenges for both family-based care and social care. Compounding demographic changes, personnel planning in geriatric and rehabilitation medicine has not kept pace with the growth of the older age population, and there is a shortage of medical resources targeted at the ageing population. In Section 1, the report stresses the importance of achieving “healthy ageing” in light of socio-economic progress, urbanization and migration, and China’s demographic transition.
HEALTH COMPLEXITY AND INEQUALITIES AMONG CHINA’S OLDER POPULATION: China completed its epidemiological transition from infectious diseases to non-communicable diseases (NCDs) during the past three decades. As in many other ageing countries, the upward trend in the incidence of NCDs and the presence of multimorbidity pose special challenges for China’s healthcare sector. Even as some older Chinese continue to suffer from such communicable diseases as hepatitis, tuberculosis, and sexually transmitted diseases, chronic conditions, such as cognitive impairments, mental disorders, and frailty, are becoming much more prominent. These chronic conditions are complex to treat and manage and are associated with more functional disability and greater care needs. Along with the emergence of NCDs, substantial gaps in health are apparent by gender, rural versus urban residence, ethnicity, and socio-economic status. Investments in healthy ageing, from promoting education in health literacy to improving access to health care, are promising means of improving the well-being of older adults and reducing the gaps in health across socioeconomic groups in China. Even as China’s population ages, investments in healthy ageing offer a path for older Chinese to play meaningful and productive social roles in society, while limiting burdens on their families. The latest facts on health status and health inequities among China’s older adults are presented in Section 2 of the report.
MODIFIABLE FACTORS OF HEALTHY AGEING: EVIDENCE FROM CHINA.: Current evidence on the determinants of health and functioning status of China’s older population is summarized in Section 3. In China, as elsewhere, health at older ages results from the cumulative effects of behaviours and events that occur across the life cycle. These include exposures to unhealthy environments and parental decisions influencing in-utero and childhood health, later health behaviours as teenagers and adults (including decisions on educational investments, smoking, drinking, and physical activity), and decisions over food consumption which influence diet and nutritional status. Many of these decisions and behaviors are influenced by health literacy and socio-economic conditions, but they may also be influenced by policy (Section 5). Finally, Section 3 highlights the health benefits of social connections and participating in leisure activities such as square dancing and promoting age-friendly environments in China.
INTEGRATING MEDICAL AND SOCIAL CARE FOR CHINESE OLDER PEOPLE.: Older people require access to high-quality health services that include prevention, promotion, curative, rehabilitative, palliative and end-of-life care. An update on China’s policy initiatives regarding healthcare and social care relevant to the ageing population is provided in Section 4. In addition to achieving universal health insurance coverage, China has invested heavily in public health promotion and the consolidation of the primary healthcare system. Further, as the role of the family in providing care for older people is eroded by dwindling family size and changing living arrangements, especially with the outmigration of adult children, China is taking steps to build up institutional and community care infrastructure as both a substitute for, and complement to, family care. Furthermore, long-term care insurance (LTCI) has been piloted in many cities as a financing mechanism. China’s experience with the LTCI pilots suggests that it will be difficult to sustain LTCI under the current pay-as-you-go framework, and that there will be a considerable public financial risk as the population ages. Although China’s government has placed the integration of health care with long-term care (LTC) at the forefront of its policy agenda, the progress for the integration has been slow.
LESSONS LEARNED FROM CHINA AND IMPLICATIONS FOR THE FUTURE.: An overview of the evidence presented earlier in the report is presented in Section 5, followed by policy recommendations for supporting healthy ageing in China. Policy recommendations outlined here can be generalized to other countries, especially low- and middle-income countries (LMICs). First, health promotion initiatives should focus on changing people’s behavior, especially smoking cessation, weight control, and health literacy education to reduce the incidence of NCDs and care burdens. Second, there is an urgent need to move away from disease-centred care to person-centred care and to increase the supply of health care workers, particularly in geriatric medicine, rehabilitation medicine, and hospice care. Third, innovative measures should be taken to remove obstacles to upgrading community and home environments and thus facilitate mobility and social engagement among older people. There are several other policy areas that should be addressed, given China’s unique institutional environment. These include regional segmentation of health insurance systems and the regulatory environment for healthcare delivery. Specifically, the report suggests that policy in China should focus on: (1) national integration of the health insurance system to eliminate the current segmentation across regions and occupations; (2) capping regionally segmented LTCI initiatives, and striving for a national scheme that is independently funded; (3) switching government subsidies in the aged care sector from subsidising providers to subsidising consumers to facilitate market competition and to help existing care facilities to meet safety regulations; (4) strengthing the capacity to regulate medical service providers, especially in screening for fraud against the national medical insurance schemes and reforming the healthcare delivery sector by lowering barriers to entry and facilitating choice. Older people are an important part of a family and an invaluable asset to society. Healthy ageing will not only enable older people to enjoy their later life to the fullest but has the potential to unleash the intellectual and vocational capacities of society as a whole. Recognizing that China’s older population will continue to grow, it is important to take their needs into account and prepare well in advance by creating an age-friendly environment for the ageing population. As China’s “second baby boomers” start to reach retirement age in 2022, it is imperative to take the window of opportunity afforded by China’s economic growth to make coordinated efforts across sectors to address the concerns of an ageing nation.",Xinxin Chen; John Giles; Yao Yao; Winnie Yip; Qinqin Meng; Lisa Berkman; He Chen; Xi Chen; Jin Feng; Zhanlian Feng; Elena Glinskaya; Jinquan Gong; Perry Hu; Haidong Kan; Xiaoyan Lei; Xiao Liu; Andrew Steptoe; Gewei Wang; Harold Wang; Huali Wang; Xiaoyu Wang; Yafeng Wang; Li Yang; Luxia Zhang; Quan Zhang; Jing Wu; Zunyou Wu; John Strauss; James Smith; Yaohui Zhao,2022,"Lancet (London, England)",Journal Article; Review,eng,Humans; Healthy Aging; Universities; China,,,,
36350147,10.1111/hsc.14101,https://pubmed.ncbi.nlm.nih.gov/36350147/,Understanding the role of financial health literacy in midlife and old age: A scoping review.,"As global population ageing persists, understanding older adults' capacity to navigate the financial and healthcare system is essential. This scoping review examines how the concept of financial health literacy (FHL) is described and measured in the existing literature, the factors that may affect it, and its potential outcomes in middle-aged and older adults. The review follows the PRISMA (Preferred Reporting Items for Systematic Reviews and Meta-Analysis) extension guidelines to synthesise the available evidence on this topic. We utilised electronic databases and hand searching to identify relevant literature published between 2010 and 2022. A total of 29 articles were included in this review. The results showed that FHL involved accessing, understanding and utilising financial information for planning/management of healthcare expenses and selecting appropriate health services. However, FHL is not particularly depicted as a concept in the current literature, as most studies investigated health literacy, financial literacy and health insurance literacy as separate domains that were interrelated to one another. No validated measurement tool was developed for FHL. We propose five domains to indicate the concept and measurement of FHL in middle-aged/older adults: money management, management of medical bills, understanding health insurance, deciding on appropriate health services, and planning for long-term care needs. Demographic variables, such as sex (females), advanced age, cognitive impairment, low education and income and racial and ethnic minorities, were found to be related to low FHL. The reviewed studies also showed that FHL was related to several outcomes, including healthcare decision-making, physical health and psychological well-being. Hence, future studies to develop and validate assessment tools of FHL, together with the involvement of vulnerable groups, are imperative to understanding the concept of FHL. This could also facilitate the development of appropriate interventions that could enhance this capacity in the ageing population.",Angela Y M Leung; Laurence Lloyd B Parial; Stephanie S Szeto; Adwoa O Koduah,2022,Health & social care in the community,"Journal Article; Research Support, Non-U.S. Gov't; Scoping Review",eng,Aged; Female; Humans; Middle Aged; Aging; Delivery of Health Care; Health Literacy; Health Services; Income,financial; financial literacy; health literacy; healthcare decision- making; middle-aged; older adults; scoping review,,,
36330061,10.3389/fmed.2022.997277,https://pubmed.ncbi.nlm.nih.gov/36330061/,Decision making under uncertainty in the diagnosis and management of Alzheimer's Disease in primary care: A study protocol applying concepts from neuroeconomics.,"BACKGROUND: The current management of patients with Dementia, primarily with Alzheimer's Disease (AD) is rapidly evolving. However, limited information is available about the current gaps and decision-making in primary care.
OBJECTIVES: To evaluate factors associated with gaps, risk preferences regarding diagnostic and therapeutic choices in the management of patients with AD by primary care physicians (PCP) from across Canada.
METHODS: We propose a non-interventional, cross-sectional pilot study involving 120 primary care physicians referred from the College of Family Physicians of Canada to assess diagnostic and therapeutic decisions in the management of ten simulated AD-related case-scenarios commonly encountered in clinical practice. We initially describe the current landscape and gaps regarding diagnostic and therapeutic challenges in the management of patients with AD in primary care. Then, we provide concepts from behavioral economics and neuroeconomics applied to medical decision-making. Specifically, we include standardized tests to measure risk aversion, physicians' reactions to uncertainty, and questions related to risk preferences in different domains. Finally, we summarize the protocol to be implemented to address our goals. The primary study outcome is the proportion of participants that elect to defer initial investigations to the specialist and the associated factors. Secondary outcomes include the proportion of PCP willing to order cerebral spinal fluid studies, PET scans, or initiate treatment according to the simulated case-scenarios. The study will be conducted in English and French.
CONCLUSIONS: The study findings will contribute a better understanding of relevant factors associated with diagnostic and therapeutic decisions of PCP in the management of AD, identifying participant's preferences and evaluating the role of behavioral aspects such tolerance to uncertainty, aversion to ambiguity, and therapeutic inertia.",Gustavo Saposnik; Zahinoor Ismail; Anne-Marie Rivard; Debbie Knifton; Gillian Bromfield; Maria Terzaghi; Alonso Montoya; Marie-Chantal Menard,2022,Frontiers in medicine,Journal Article,eng,,Alzheimer's Disease; ambiguity; cognitive impairment; decision-making; disease-modifying therapy; inertia; risk; therapeutic inertia,,,
36237693,10.3389/fpsyg.2022.790088,https://pubmed.ncbi.nlm.nih.gov/36237693/,Enhancing older adult financial decision making through the use of self-evaluation worksheets.,"Financial products and options are frequently complex and difficult for consumers to understand, which, alongside positively oriented sales pitches and predatory practices, may lead to uninformed and hazardous financial decisions. While several legal reforms have been implemented to improve consumers' understanding of financial products, these modifications have only achieved mixed results. An ongoing challenge is the passive nature of such modifications, giving rise to confirmation bias-noticing the information which confirms one's belief about a product, while ignoring or not paying enough attention to the potential risks. The aim of this study was to test an implementable form of public policy to help older adults successfully navigate these financial decisions. We tested whether a self-evaluation worksheet (in conjunction with a written disclosure), involving an active manipulation of financial content, would significantly impact older adult participants' responses in an experimental reverse mortgage scenario. Forty community-dwelling, healthy older adults were randomized to one of two conditions: Control Condition (passive manipulation of financial content) and Manipulation Condition (active manipulation of financial content). In addition to completing a comprehensive neuropsychological examination, participants were administered the Reverse Mortgage Task (RM Task). Results indicated that a simple yet active manipulation-imparting accurate and understandable information regarding a complex financial product that must be further manipulated-led to the following among participants in the Manipulation Condition: (1) declines in mood; (2) superior understanding of the financial product; and (3) reduced intention of purchasing the financial product. In order for older adults to be well informed about reverse mortgages, policies must be put in place to ensure that adequate and accurate information has been not only provided but also actively processed by the individual.",Natalie L Denburg; Sam M Collins; Norma P Garcia; Prescott Cole,2022,Frontiers in psychology,Journal Article,eng,,aging; decision making; enhancement; financial; intervention; reverse mortgage,,,
36132192,10.3389/fpsyg.2022.912242,https://pubmed.ncbi.nlm.nih.gov/36132192/,The psychology of the internet fraud victimization of older adults: A systematic review.,"Criminals targeting and exploiting older adults in online environments are of great concern. This study systematically retrieved and analyzed articles on the psychological characteristics of older adult victims of online fraud. First, we found that there was no evidence that older adults were more prevalent than other individuals of other ages among online fraud victims, and current researchers have focused more on why older adults are easy targets for fraud (susceptibility to being cheated). Second, research on psychological factors of older adults' susceptibility to online fraud has mainly focused on cognitive function, trust traits, and other personality traits, such as social loneliness, the Big Five personality traits, and self-control. Among them, most researchers claim that the cyber-cheating of older adults may be due to a decline in their cognitive function. However, there has not been a consensus on how cognitive function and physical and mental conditions affect older people who are cheated. Third, techniques (i.e., methods and techniques used by fraudsters) and experience (i.e., familiarity with internet technology or fraud) may be related to the susceptibility of older adults to fraud, and these studies have also not yet generated a consensus supported by reliable data. Based on the above research uncertainties, we propose that fraud prevention and control strategies for older adults should be applied with caution.",Yuxi Shang; Zhongxian Wu; Xiaoyu Du; Yanbin Jiang; Beibei Ma; Meihong Chi,2022,Frontiers in psychology,Systematic Review; Journal Article,eng,,cognitive function; internet fraud victims; older adults; personality traits; technology and experience,,,
36052182,10.1007/s10433-021-00643-5,https://pubmed.ncbi.nlm.nih.gov/36052182/,Age differences in facial trustworthiness perception are diminished by affective processing.,"While perceptions of facial trustworthiness usually serve as our first references for social interactions, these impressions may ultimately turn out to be inaccurate or unreliable. Compared with younger adults, older adults generally face a higher risk of fraudulent exploitation; the characteristics of older adults' facial trustworthiness perception may play an important role in revealing the underlying mechanism of their being cheated. Previous studies have demonstrated that, in comparison with their younger counterparts, older adults tend to overestimate strangers' facial trustworthiness. In the present study, two experiments were conducted, aiming at testing (1) the age-related differences in facial trustworthiness perceptions (Experiment 1) and (2) whether any interventions (e.g., encouraging more deliberative processing or more affective processing) could be applied to help older adults reduce their tendency to overestimate trustworthiness, thus reducing their facial trustworthiness ratings to a lower level (Experiment 2). The results indicated that (1) consistent with previous studies, older adults provided higher trustworthiness ratings for unfamiliar faces than did younger adults (Experiment 1) and (2) more importantly, affective processing instead of deliberative processing could benefit older adults in their assessments of facial trustworthiness, leading them toward demonstrating similar-not significantly higher-levels of trust toward strange faces as younger adults (Experiment 2). A possible mechanism was offered, suggesting that affective processing might help older adults to detect negative cues in unfamiliar faces.",Chao Chen; Ye Xu; Yi Sun; Xin Zhang,2022,European journal of ageing,Journal Article,eng,,Affective processing; Deliberative processing; Facial trustworthiness perception; First impression,,,
35811006,10.1016/j.neubiorev.2022.104773,https://pubmed.ncbi.nlm.nih.gov/35811006/,Cognitive and neuroimaging correlates of financial exploitation vulnerability in older adults without dementia: Implications for early detection of Alzheimer's disease.,"Neuropathology characteristic of Alzheimer's disease (AD) begins to accumulate years to decades before cognitive changes are clinically detectable on standard neuropsychological tests. This presents a challenge for early intervention efforts and has spurred research on the identification of behavioral correlates of early neuropathological changes. Recent evidence suggests that financial exploitation vulnerability (FEV) due to impaired decision making may serve as an early behavioral manifestation of AD neuropathology, thereby indicating an increased likelihood for subsequent cognitive decline. An understanding of the underlying mechanisms of FEV is therefore warranted for the identification of individuals at risk for cognitive decline due to AD, and for empowering and protecting older adults vulnerable to financial exploitation. In the current review, we first highlight the devastating consequences of financial exploitation of older adults. We then summarize research on the cognitive, neuroimaging, and neuropathological correlates of FEV in older adults without dementia and propose a theoretical model in which early accumulation of AD pathology manifests as FEV. We conclude with clinical implications and directions for future research.",Laura Fenton; Gali H Weissberger; Patricia A Boyle; Laura Mosqueda; Hussein N Yassine; Annie L Nguyen; Aaron C Lim; S Duke Han,2022,Neuroscience and biobehavioral reviews,"Journal Article; Review; Research Support, Non-U.S. Gov't; Research Support, N.I.H., Extramural",eng,Aged; Alzheimer Disease; Cognition; Cognitive Dysfunction; Humans; Neuroimaging; Neuropsychological Tests,Alzheimer’s disease; Financial exploitation; Older adults,,,
35597431,10.1016/j.bpsc.2022.05.002,https://pubmed.ncbi.nlm.nih.gov/35597431/,Alcohol Use Disorder Displays Trait-Related Reductions in Prosocial Decision Making.,"BACKGROUND: Alcohol use disorder (AUD) is associated with deficits in social cognition, but the relationship between harmful alcohol use and the processes underlying interactive social behavior is still unknown. We hypothesized that prosocial decision making is reduced in AUD and that individual differences in the underlying processes are key to better understanding these reductions.
METHODS: In one laboratory study (Swedish participants, n = 240) and one confirmatory online study (American participants, n = 260), we compared young adults with AUD with age-, gender-, and education-matched healthy control subjects on 6 facets of prosocial decision making. We used standardized behavioral economic tasks, namely the dictator game, ultimatum game, trust game, and third-party game. To better understand the expected differences in prosociality, we evaluated attention by tracking eye gaze, decision response time, clinical symptoms, and social cognition.
RESULTS: Altruism (lab study: p = .007; online study: p < .001), fairness (lab study: p = .003; online study: p = .007), and reciprocal trust (lab study: p = .007; online study: p = .039) were reduced in individuals with AUD compared with healthy control subjects, whereas trust and third-party punishment and compensation were comparable in both studies. Reduced prosociality was associated with attending to the selfish response option, faster response time, and moral attitudes, while being dissociated from both psychiatric symptoms and drinking history in AUD.
CONCLUSIONS: Individuals with AUD have trait-related reductions in prosocial decision making that do not vary with drinking history or psychiatric symptom load. These reductions were confined to one-to-one interactions accompanied by differences in attention, decision time, and moral attitudes.",Simon Jangard; Björn Lindström; Lotfi Khemiri; Philip Pärnamets; Nitya Jayaram-Lindström; Andreas Olsson,2022,Biological psychiatry. Cognitive neuroscience and neuroimaging,"Journal Article; Research Support, Non-U.S. Gov't",eng,Alcoholism; Altruism; Decision Making / physiology; Humans; Reaction Time; Social Behavior; Young Adult,Alcohol use disorder; Behavioral economics; Prosocial behavior; Social cognition; Social decision making,,,
36046580,10.1177/23337214221119053,https://pubmed.ncbi.nlm.nih.gov/36046580/,Neuropsychological Performance and Engagement in Estate Planning and Advance Care Planning Preparation of Patients With Neurocognitive Disorders and Healthy Older Adults: Is the Situation Alarming or Reassuring in Greece?,"BACKGROUND/OBJECTIVE: This study examined for the first time in Greece, the estate planning and advance care planning (ACP) of healthy older adults and older patients diagnosed with different types of neurocognitive disorders for the presence of a valid will, a durable power of attorney for healthcare, and a living will, while the associations between general cognition, education, depression, actual financial capacity, and demographic and socioeconomic characteristics were examined.
METHODS: A total of 543 participants were examined with neuropsychological tests including Legal Capacity for Property Law Transactions Assessment Scale (LCPLTAS). Along with the neuropsychological examination, all participants responded to relevant ACP questions.
RESULTS: Surprisingly, the majority of the participants regardless of their diagnostic group did not have a valid will, had not assigned a durable power of attorney for healthcare, and had not a written living will. Logistic regression revealed that biological sex, age, education, marital status, diagnostic group, MMSE, GDS, and actual financial capacity as measured with LCPLTAS did not predict the existence of a valid will, durable power of attorney, and written living will.
CONCLUSIONS: A diagnosis of AD is not associated with more engagement in ACP as supported by research in USA. Concerns are raised about possible exploitation and abuse of older patients.",Vaitsa Giannouli; Magda Tsolaki,2022,Gerontology & geriatric medicine,Journal Article,eng,,advance care planning (ACP); estate planning; healthy older adults; neurocognitive disorders; will,,,
36010753,10.3390/e24081089,https://pubmed.ncbi.nlm.nih.gov/36010753/,Catastrophe Theory Applied to Neuropsychological Data: Nonlinear Effects of Depression on Financial Capacity in Amnestic Mild Cognitive Impairment and Dementia.,"Financial incapacity is one of the cognitive deficits observed in amnestic mild cognitive impairment and dementia, while the combined interference of depression remains unexplored. The objective of this research is to investigate and propose a nonlinear model that explains empirical data better than ordinary linear ones and elucidates the role of depression. Four hundred eighteen (418) participants with a diagnosis of amnestic MCI with varying levels of depression were examined with the Geriatric Depression Scale (GDS-15), the Functional Rating Scale for Symptoms of Dementia (FRSSD), and the Legal Capacity for Property Law Transactions Assessment Scale (LCPLTAS). Cusp catastrophe analysis was applied to the data, which suggested that the nonlinear model was superior to the linear and logistic alternatives, demonstrating depression contributes to a bifurcation effect. Depressive symptomatology induces nonlinear effects, that is, beyond a threshold value sudden decline in financial capacity is observed. Implications for theory and practice are discussed.",Dimitrios Stamovlasis; Vaitsa Giannouli; Julie Vaiopoulou; Magda Tsolaki,2022,"Entropy (Basel, Switzerland)",Journal Article,eng,,amnestic mild cognitive impairment; complexity; cusp catastrophe; depressive symptoms; financial capacity; nonlinear dynamics,,,
36186725,10.3233/ADR-220037,https://pubmed.ncbi.nlm.nih.gov/36186725/,"What Biological Factors, Social Determinants, and Psychological and Behavioral Symptoms of Patients with Mild Alzheimer's Disease Correlate with Caregiver Estimations of Financial Capacity? Bringing Biases Against Older Women Into Focus.","This study examines the connection between biological factors, social determinants, and behavioral and psychological symptoms of dementia (BPSD) and the estimations of financial capacity made by caregivers of mild AD patients in Greece. Financial capacity estimations negatively correlated with biological sex of the patients (female), but Neuropsychiatric Inventory (NPI) scores were statistically lower for older females. BPSD (measured with NPI) was found to negatively correlate with estimates of financial capacity. The existence of delusions-hallucinations was reported in all males. No correlations were found between financial capacity estimations, actual cognitive and financial capacity performance, and all other included biological and social characteristics of the patients as well as their caregivers.",Vaitsa Giannouli; Magda Tsolaki,2022,Journal of Alzheimer's disease reports,Journal Article,eng,,Behavioral and psychological symptoms of dementia; biological factors; caregivers; financial capacity estimations; social determinants,,,
35958036,10.1177/23337214221116233,https://pubmed.ncbi.nlm.nih.gov/35958036/,A Scoping Review and Conceptual Framework Examining the Role of Sleep Disturbance in Financial Exploitation in Older Adults.,"Sleep disturbances and financial exploitation have both been linked to impaired cognitive ability, loneliness, and depressed mood in older adults, suggesting a potential role of sleep disturbances in increasing vulnerability to financial exploitation. We sought to identify evidence linking sleep disturbances to financial exploitation. We conducted a systematic search of MEDLINE, PubMed Central, and National Center for Biotechnology Information Bookshelf for relevant published articles on sleep and financial exploitation. Three studies examining both sleep and financial exploitation were identified. None of the studies explored sleep disturbances as a cause of financial exploitation. More work needs to be done to examine the role of sleep disturbances in financial exploitation. We propose a conceptual framework for identifying possible associations among sleep disturbance, biopsychosocial, and decision-related situational factors to guide further exploration of relationships between sleep and financial exploitation.",Jessica R Armendariz; S Duke Han; Constance H Fung,2022,Gerontology & geriatric medicine,Journal Article; Scoping Review,eng,,abuse; aging; sleep health; social determinants of health,,,
35543174,10.1177/07334648221095514,https://pubmed.ncbi.nlm.nih.gov/35543174/,Purpose in Life and Cognition Interact to Impact Healthcare and Financial Decision Making in Old Age.,"Objectives: Little is known about the contribution of positive psychological factors, such as purpose in life, to healthcare and financial decision making in aging. Here, we examined the relationship between purpose and decision making and tested the hypothesis that purpose benefits decision making, particularly when cognition is limited. Methods: Participants were 1081 community-based older adults without dementia. Healthcare and financial decision making was measured via a 12-item performance-based instrument. Purpose was measured via a 10-item scale. Results: In a linear regression model adjusted for age, sex, and education, higher global cognition was associated with better performance on the decision making measure, as expected. Purpose was not directly related to decision making. However, the interaction of purpose with cognition was significant, such that greater purpose was associated with better decision making among persons with lower cognition. Discussion: Purpose in life may promote better decision making among older adults with lower cognition.",Christopher C Stewart; Lei Yu; Crystal M Glover; David A Bennett; Robert S Wilson; Patricia A Boyle,2022,Journal of applied gerontology : the official journal of the Southern Gerontological Society,"Journal Article; Research Support, N.I.H., Extramural",eng,Aged; Aging / psychology; Cognition; Decision Making; Delivery of Health Care; Educational Status; Humans,health; psychological strengths; successful aging; well-being,,,
35286588,10.1007/s11682-022-00663-4,https://pubmed.ncbi.nlm.nih.gov/35286588/,Correction to: Self-awareness for financial decision making abilities is linked to right temporal cortical thickness in older adults.,,Preeti Sunderaraman; Seonjoo Lee; Eleanna Varangis; Christian Habeck; Silvia Chapman; Jillian L Joyce; Whitney Hartstone; Adam M Brickman; Yaakov Stern; Stephanie Cosentino,2022,Brain imaging and behavior,Published Erratum,eng,,,,,
35898521,10.1002/dad2.12331,https://pubmed.ncbi.nlm.nih.gov/35898521/,Development and implementation of an electronic Clinical Dementia Rating and Financial Capacity Instrument-Short Form.,"INTRODUCTION: To address the need for remote assessments of cognitive decline and dementia, we developed and administered electronic versions of the Clinical Dementia Rating (CDR®) and the Financial Capacity Instrument-Short Form (FCI-SF) (F-CAP®), called the eCDR and eFCI, respectively.
METHODS: The CDR and FCI-SF were adapted for remote, unsupervised, online use based on item response analysis of the standard instruments. Participants completed the eCDR and eFCI first in clinic, and then at home within 2 weeks.
RESULTS: Of the 243 enrolled participants, 179 (73%) cognitively unimpaired (CU), 50 (21%) with mild cognitive impairment (MCI) or dementia, and 14 (6%) with an unknown diagnosis, 84% and 85% of them successfully completed the eCDR and eFCI, respectively, at home.
DISCUSSION: These results show initial feasibility in developing and administering online instruments to remotely assess and monitor cognitive decline along the CU to MCI/very mild dementia continuum. Validation is an important next step.",Taylor Howell; Shilpa Gummadi; Chau Bui; Jessica Santhakumar; Kristen Knight; Erik D Roberson; Daniel Marson; Carol Chambless; Adam Gersteneker; Roy Martin; Richard Kennedy; Yue Zhang; John C Morris; Krista L Moulder; Connie Mayo; Maria Carroll; Yan Li; Ronald C Petersen; Nikki H Stricker; Rachel L Nosheny; Scott Mackin; Michael W Weiner,2022,"Alzheimer's & dementia (Amsterdam, Netherlands)",Journal Article,eng,,Alzheimer's disease; Brain Health Registry; aging research; internet; remote online instruments,,,
35312043,10.1111/cdev.13755,https://pubmed.ncbi.nlm.nih.gov/35312043/,The developmental origins of a default moral response: A shift from honesty to dishonesty.,"People are sometimes tempted to lie for their own benefit if it would not harm others. For adults, dishonesty is the default response in these circumstances. The developmental origins of this phenomenon were investigated between 2019 and 2021 among 6- to 11-year-old Han Chinese children from China (N = 548, 49% female). Children had an opportunity to win prizes in a behavioral economics game (Experiment 1) or a temptation resistance game adapted from developmental psychology (Experiment 2). In each experiment, the youngest children showed a default tendency of honesty and there was an overall age-related shift toward a default tendency of dishonesty. These findings provide direct evidence of developmental change in the automatic and controlled processes that underlie moral behavior.",Liyang Sai; Siyuan Shang; Changzhi Zhao; Xinchen Liu; Yuanyuan Jiang; Brian J Compton; Genyue Fu; Gail D Heyman,2022,Child development,"Journal Article; Research Support, Non-U.S. Gov't",eng,Adult; Child; China; Deception; Female; Humans; Male; Morals; Motivation,,,,
32795202,10.1080/23279095.2020.1805745,https://pubmed.ncbi.nlm.nih.gov/32795202/,Assessing numerical reasoning provides insight into financial literacy.,"Financial literacy is linked to financial well-being and decision making. While financial literacy and numeracy skills are strongly related, the relevance of different aspects of numeracy (mental arithmetic, math achievement, and numerical reasoning) for financial literacy has not yet been examined. Data were collected from 88 cognitively healthy adults, mean age = 50 years (SD = 15); mean education = 15 years (SD = 2); 61% females; with 56% Caucasian, 36% Black, and 90% non-Hispanic. Financial literacy was measured with the widely used Big Three scale, and numeracy was measured with the Wechsler Adult Intelligence Scale-III, Arithmetic subtest; the Wide Range Achievement Test-IV, Math Computation subtest; and the Weller's Abbreviated Numeracy Scale (WANS). Regressions analyses were conducted with financial literacy as the outcome variable and each numeracy measure along with demographics (age, sex, and education) as the predictors. In all the models, only the numeracy measures were significant as individual predictors, with numerical reasoning holding the strongest association with financial literacy, followed by mental arithmetic and math achievement. The current study supports the existing literature that numeracy is important for financial literacy, and provides empirical evidence for the specific contributions of individual numeracy measures that clinicians may use to garner impressions about financial skills.",Preeti Sunderaraman; Megan Barker; Silvia Chapman; Stephanie Cosentino,2022,Applied neuropsychology. Adult,Journal Article,eng,Adult; Educational Status; Female; Humans; Literacy; Male; Mathematics; Middle Aged; Regression Analysis,Financial literacy; math achievement; mathematical and numerical skills; mental math; numerical reasoning,,,
35262231,10.1111/pcn.13348,https://pubmed.ncbi.nlm.nih.gov/35262231/,Liberating older adults from the bonds of vascular risk factors: What is their impact on financial capacity in amnestic mild cognitive impairment?,"BACKGROUND: There is a pressing need to clarify whether vascular risk factors (VRFs) are related to the heterogeneous cognitive performance found in mild cognitive impairment (MCI) and whether the number of VRFs relates to financial capacity impairment in patients with amnestic MCI (aMCI).
METHODS: A total of 112 participants were divided into three groups: patients with single-domain aMCI, patients with multiple-domain aMCI, and healthy controls (HCs), while taking into consideration whether participants had a diagnosis of one VRF or disease, or more than one VRF or disease. Patients with aMCI with VRFs (one and more than one VRF) and HCs did not differ significantly in age, education, and sex. Mini-Mental State Examination, 15-item Geriatric Depression Scale, and Legal Capacity for Property Law Transactions Assessment Scale (LCPLTAS) were administered to all groups.
RESULTS: Diagnosis (P <0.001) and VRFs (P = 0.006) showed significant main effects on LCPLTAS but no interaction (P = 0.654). Patients with aMCI with high vascular burden were more frequently of the multiple-domain subtype, whereas patients with no vascular burden were more frequently of the single-domain subtype. A larger vascular burden is correlated with lower LCPLTAS scores.
DISCUSSION: Vascular burden plays an important role in the heterogeneity of aMCI by impairing financial capacity.",Vaitsa Giannouli; Magda Tsolaki,2022,Psychiatry and clinical neurosciences,Journal Article,eng,Aged; Cognitive Dysfunction / diagnosis; Humans; Mental Status and Dementia Tests; Neuropsychological Tests; Risk Factors,aMCI; cognitive function; financial capacity; vascular risk factors,,,
34761323,10.1007/s11682-021-00590-w,https://pubmed.ncbi.nlm.nih.gov/34761323/,Self-awareness for financial decision making abilities is linked to right temporal cortical thickness in older adults.,"Everyday financial decision making and the awareness of the integrity of one's financial decision making abilities (or financial awareness) are both critical to study in older adults as they can help identify those at risk for making suboptimal financial decisions and prevent financial loss. In the current study, we examined the cognitive and cortical thickness correlates of financial decision making and financial awareness in 59 community-dwelling participants co-enrolled in a larger study (mean age=68.35 years (SD=5.5), mean education=15.91 (SD=2.36), 61% = women, 67% = White, 30% = Black participants). Data from standardized measures of financial decision making and cognition was investigated along with FreeSurfer (v. 5.3) derived thickness regions. Based on metacognitive frameworks, financial awareness was measured along with a well-validated measure of memory awareness. Results revealed that numeracy, executive functioning and vocabulary were associated with financial decision making, whereas in analysis adjusted for financial decision making, memory awareness relative to cognition was most strongly linked to financial awareness. No significant associations between thickness and financial decision making were found. However, both financial and memory awareness were associated with the same right-hemisphere temporal thickness regions underscoring the idea of a common substrate of awareness. Interestingly, our findings converge with the emerging work on financial exploitation in which the right sided temporal regions have been found to play a prominent role. Incorporating the contributing role of self-awareness in various models of financial exploitation will be an important consideration for future studies.",Preeti Sunderaraman; Seonjoo Lee; Eleanna Varangis; Christian Habeck; Silvia Chapman; Jillian L Joyce; Whitney Hartstone; Adam M Brickman; Yaakov Stern; Stephanie Cosentino,2022,Brain imaging and behavior,Journal Article,eng,Aged; Aging / psychology; Cognition; Decision Making; Female; Humans; Magnetic Resonance Imaging; Temporal Lobe / diagnostic imaging,cognition; cortical thickness; financial decision making; medial temporal region; self-awareness,,,
35795136,10.1093/geroni/igac038,https://pubmed.ncbi.nlm.nih.gov/35795136/,The WALLET Study: Examining Early Memory Loss and Personal Finance.,"BACKGROUND AND OBJECTIVES: This feasibility study tests a new approach for assessing personal finance in older persons with early memory loss. The project examines 2 primary outcomes that gauge the financial viability and well-being of older adults: wealth loss and financial exploitation. The overall objective is to determine the association of financial literacy and management, financial decision-making, and cognition with wealth loss and financial exploitation.
RESEARCH DESIGN AND METHODS: This cross-sectional study recruited 46 participants who were 60 years of age or older. Participants were classified as having mild cognitive impairment, perceived cognitive impairment, or no cognitive impairment. The study coordinator arranged with each participant to obtain copies of their main checking account statements for 12 consecutive months within the previous 2 years and, if appropriate, credit card statements. All statements were de-identified and assigned a random ID number. Participants then completed 2 telephone interviews.
RESULTS: The average participant age was 72 years (standard deviation [SD] = 7.7); 84% were female, 39% White, and 35% currently married. Average education was 16.2 years (SD = 2.4); mean yearly household income was almost $42,000 (SD = 25,752); and monthly social security payments averaged $1,446 (SD = 1,244). Our results indicate that the methods used to analyze checking account statements, followed by telephone interviews to verify identified trends, were useful in developing a financial behavior index to measure wealth loss.
DISCUSSION AND IMPLICATIONS: We demonstrate an alternative method for assessing personal finance using person-centered principles, which we believe are critical in the presence of diminished or impaired cognition. Our findings offer an innovative method for assessing the risk for wealth loss and financial exploitation.",Peter A Lichtenberg; Wassim Tarraf; Vanessa O Rorai; Matthew Roling; Juno Moray; Evan Z Gross; Patricia A Boyle,2022,Innovation in aging,Journal Article,eng,,Financial decision-making; Financial exploitation; Financial management,,,
34983334,10.1080/07317115.2021.2017377,https://pubmed.ncbi.nlm.nih.gov/34983334/,Longitudinal Study of Depression on Amnestic Mild Cognitive Impairment and Financial Capacity.,"OBJECTIVES: Amnestic mild cognitive impairment (aMCI) among other cognitive deficits also includes impairments in financial capacity, but so far the role of depression in time has not been examined. We aimed to examine the hypothesis that individuals with aMCI and comorbid worsening depression levels would demonstrate greater deficits in financial capacity atone year in relation to multiple-domain aMCI patients with stable levels of depression, aMCI patients without depression and healthy individuals.
METHODS: Ninety-six Greek women and 24 men aged 54 and older (multiple-domain aMCI with, stable and increased levels of depression at one year, aMCI without depressive symptoms, and cognitively intact elders with and without depression) were examined with the Mini-mental State Examination (MMSE), the Geriatric Depression Scale (GDS-15), and the Legal Capacity for Property Law Transactions Assessment Scale (LCPLTAS).
RESULTS: Bootstrapped ANCOVA was implemented. Multiple-domain aMCI patients' performance regarding financial capacity is severely impaired when depression co-exists, resembling the performance of patients with mild Alzheimer's disease, and it declines further when depression deteriorates.
CONCLUSIONS: Findings contribute to the limited evidence in financial capacity assessment when depression co-exists showing that higher depressive symptom scores are associated with reduced financial capacity scores and deterioration of depressive symptomatology worsens not only general cognitive outcome, but financial capacity in particular.
CLINICAL IMPLICATIONS: Proactive care for individuals with depression is needed as this condition severely influences financial capacity in aMCI.",Vaitsa Giannouli; Dimitrios Stamovlasis; Magda Tsolaki,2022,Clinical gerontologist,Journal Article,eng,"Aged; Cognitive Dysfunction / complications, diagnosis; Depression / complications, psychology; Female; Humans; Longitudinal Studies; Male; Mental Status and Dementia Tests; Neuropsychological Tests",Longitudinal research; amnestic mild cognitive impairment; depressive symptoms; financial capacity,,,
34793191,10.1037/pag0000657,https://pubmed.ncbi.nlm.nih.gov/34793191/,Age declines in numeracy: An analysis of longitudinal data.,"Numeracy, the ability to understand and use basic probability and numerical concepts, is associated with diverse positive outcomes across the lifespan. Prior cross-sectional research on numeracy has generally found a negative association with age, but positive correlations with male gender, education attainment, and measures of fluid and crystallized intelligence have been more robust. Age effects on cognitive functioning are well established, but little is known about longitudinal trends of numeracy into older age. The present study investigates longitudinal age effects on numeracy using a sample of 524 adults (2008 Agerange = 20-78) from the RAND American Life Panel. Participants completed a numeracy measure in both 2008 and 2019, a span of 11 years. Using a linear mixed-effect model to predict numeracy scores, a significant interaction between the year of testing and the quadric age term shows a decline in numeracy scores beginning in later middle age, a trend that falls in between those previously found for crystallized and fluid cognitive abilities. Numeracy declines are somewhat mitigated for males and those with higher education, but the interaction of the two variables did not return a clear pattern of results. Prior research has shown that numeracy is positively related to the quality of health and financial decisions and, ultimately, more positive health and economic outcomes. The implications of age declines in numeracy are discussed in relation to health and financial decision-making, tasks that remain relevant into old age. (PsycInfo Database Record (c) 2022 APA, all rights reserved).",Ryan Best; Katherine G Carman; Andrew M Parker; Ellen Peters,2022,Psychology and aging,Journal Article,eng,Aging / psychology; Cognition; Cross-Sectional Studies; Decision Making; Humans; Intelligence; Male,,,,
34542026,10.1080/0361073X.2021.1974269,https://pubmed.ncbi.nlm.nih.gov/34542026/,Assessment of the Financial Capacity in the Context of Normal and Pathological Cognitive Aging. Preliminary Analysis of the Portuguese Version of the Numerical Activities of Daily- Living- Financial (NADL-F).,"Financial capacity (FC) is conceptualized as a dimension that encompasses a wide range of basic aptitudes and the capacity to judge and assess situations and make decisions according to one best interests. The Numerical Activities of Daily-Living-Financial (NADL-F) is an instrument of FC for clinical use developed in Italy. This study aims to perform a preliminary analysis on the psychometric characteristics of the Portuguese version of NADL-F. NADL-F as well as other neuropsychological instruments were administered to three groups: Healthy Control (n = 11); Mild Neurocognitive Disorder group (n = 19); Major Neurocognitive Disorder group (n = 19). NADL-F and its tasks were considered acceptable, showed good reliability for the entire sample (α = .808) and the majority of the domains correlated significantly with each other and with the total scale. Between group comparisons showed significant differences regarding all domains. Arithmetic, schooling and executive functioning accounted for 54.1% of the variance on the test. The Portuguese version of NADL-F proved to be an acceptable and valid instrument of assessing FC in the context of cognitive aging. NADL-F is an instrument that emulates real life financial situations, and it can be used in a second level of evidence in the clinical model of FC assessment.",Luísa Sousa; Nicole Baptista; Carina Gomes; Miguel Peixoto; Élia Baeta; J C Rocha; Emanuela Lopes; Bruno Peixoto,2022,Experimental aging research,Journal Article,eng,Activities of Daily Living / psychology; Aging; Cognitive Aging; Humans; Neuropsychological Tests; Portugal; Psychometrics; Reproducibility of Results,,,,
35607367,10.1093/ppar/prac003,https://pubmed.ncbi.nlm.nih.gov/35607367/,Degraded Rationality and Suboptimal Decision-Making in Old Age: A Silent Epidemic With Major Economic and Public Health Implications.,,Patricia A Boyle; Lei Yu; Gary Mottola; Kyle Innes; David A Bennett,2022,The Public policy and aging report,Journal Article,eng,,Alzheimer’s disease; Cognitive aging; Dementia; Financial decision-making; Neuropathology,,,
35624916,10.3390/brainsci12050529,https://pubmed.ncbi.nlm.nih.gov/35624916/,Financial Decision-Making in Neurological Patients.,"Financial abilities (FA) are a multi-dimensional domain comprising a wide range of conceptual, pragmatical, and judgmental skills ranging from basic abilities, such as bill payment, to high level abilities, such as financial decision-making (FDM). Preserved FDM abilities include the capacity to recognize fraud attempts, and they are fundamental for a person's independence. Previous studies have reported decreased FDM in older adults and in patients with mild cognitive impairment (MCI), who consequently become more susceptible to fraud attempts. However, FDM has scarcely been investigated in other neurological populations, and it is unclear whether FDM may be predicted by more basic FA. The aim of the present study was to investigate FDM across patients with MCI, Parkinson's disease (PD), or stroke, as well as healthy controls (HC), and to explore to what extent FDM could be inferred by other FA. We collected FDM and FA performances using the NADL-F short battery. Performances in the NADL-F short subtests were compared among groups. Additionally, the relationship between the scores at the FDM subtest and the performance obtained in other financial subtests of the NADL-F short were investigated for each group of participants. MCI patients performed worse than HC in FDM and in several FA domains. Conversely, FDM was relatively preserved in our sample of PD and stroke patients. In HC, FDM was associated with numeracy and financial knowledge applied to everyday situations, whereas this was true with some basic FA in both MCI and PD patients. No significant association was observed in stroke patients. Our results suggest that FDM is a complex ability, only partially inferable from other FA.",Laura Danesin; Andreina Giustiniani; Giorgio Arcara; Francesca Burgio,2022,Brain sciences,Journal Article,eng,,Parkinson’s disease; decision-making; financial abilities; mild cognitive impairment; stroke,,,
35789135,10.1145/3491102.3517554,https://pubmed.ncbi.nlm.nih.gov/35789135/,Barriers to Online Dementia Information and Mitigation.,"There is growing interest in HCI to study ways to support access to accurate, accessible, relevant online health information for different populations. Yet, there remains a need to understand the barriers that are posed by the way our platforms are designed as well as how we might overcome these barriers for people with dementia. To address this, we conducted sixteen interviews and observation sessions with people with mild to moderate dementia. Our analysis uncovered four barriers to online health information and corresponding mitigation strategies that participants employed. We discuss how HCI researchers may apply these findings towards new technical approaches and standards concerning information accessibility and credibility for neurodiverse populations. Finally, we broaden the scope of HCI research to include investigations of the accessibility and credibility of online information for people with age-related cognitive impairment independent of proxies.",Emma Dixon; Jesse Anderson; Diana Blackwelder; Mary Radnofsky; Amanda Lazar,2022,Proceedings of the SIGCHI conference on human factors in computing systems. CHI Conference,Journal Article,eng,,Cognitive Accessibility; Dementia; Misleading Information; Online Health Information; Scams,,,
35747890,10.1212/CPJ.0000000000001157,https://pubmed.ncbi.nlm.nih.gov/35747890/,Association of Performance on the Financial Capacity Instrument-Short Form With Brain Amyloid Load and Cortical Thickness in Older Adults.,"BACKGROUND AND OBJECTIVES: To investigate the association of the Financial Capacity Instrument-Short Form (FCI-SF) performance and timing total scores with brain β-amyloid and cortical thickness in cognitively unimpaired (CU) (at baseline) older adults.
METHODS: A total of 309 participants (aged 70 years or older) of the Mayo Clinic Study of Aging underwent 11C-Pittsburgh compound B PET amyloid imaging and MRI, and completed the FCI-SF. Abnormal amyloid PET was defined as standardized uptake value ratio ≥1.48 in an Alzheimer disease (AD)-related region of interest and reduced AD signature cortical thickness as ≤2.68 mm (neurodegeneration). A cohort of 218 (of the 309) participants had follow-up visits (every 15 months) with FCI-SF data for longitudinal analysis (number of visits including baseline, median [range]: 2 [2-4]). In the analysis, we used linear regression and mixed-effects models adjusted for age, sex, education, apolipoprotein E ε4 allele status, global cognitive z score, and previous FCI-SF testing.
RESULTS: Participants' mean age (SD) was 80.2 (4.8) years (56.3% male individuals). In cross-sectional analysis, abnormal amyloid PET (vs normal) was associated with a lower FCI-SF total score and slower total composite time. In longitudinal analysis, FCI-SF total score declined faster (difference in annualized rate of change, beta coefficient [β] [95% confidence interval (CI)] = -1.123 [-2.086 to -0.161]) and FCI-SF total composite time increased faster (difference in annualized rate of change, β [95% CI] = 16.274 [5.951 to 26.597]) for participants with neurodegeneration at baseline (vs those without). Participants who exhibited both abnormal amyloid PET and neurodegeneration at baseline had a greater increase in total composite time when compared with the group without abnormal amyloid and without neurodegeneration (difference in annualized rate of change, β [95% CI] = 16.750 [3.193 to 30.307]).
DISCUSSION: Performance and processing speed on the FCI-SF were associated with imaging biomarkers of AD pathophysiology in CU (at baseline) older adults. Higher burdens of imaging biomarkers were associated with longitudinal worsening on FCI-SF performance. Additional research is needed to delineate further these associations and their predictive utility at the individual person level.",Maria Vassilaki; Jeremiah A Aakre; Walter K Kremers; Michelle M Mielke; Yonas E Geda; Mary M Machulda; David S Knopman; Prashanthi Vemuri; Val J Lowe; Clifford R Jack; Erik D Roberson; Adam Gerstenecker; Roy C Martin; Richard E Kennedy; Daniel C Marson; Ronald C Petersen,2022,Neurology. Clinical practice,Journal Article,eng,,,,,
35379992,10.1038/s41588-022-01024-z,https://pubmed.ncbi.nlm.nih.gov/35379992/,New insights into the genetic etiology of Alzheimer's disease and related dementias.,"Characterization of the genetic landscape of Alzheimer's disease (AD) and related dementias (ADD) provides a unique opportunity for a better understanding of the associated pathophysiological processes. We performed a two-stage genome-wide association study totaling 111,326 clinically diagnosed/'proxy' AD cases and 677,663 controls. We found 75 risk loci, of which 42 were new at the time of analysis. Pathway enrichment analyses confirmed the involvement of amyloid/tau pathways and highlighted microglia implication. Gene prioritization in the new loci identified 31 genes that were suggestive of new genetically associated processes, including the tumor necrosis factor alpha pathway through the linear ubiquitin chain assembly complex. We also built a new genetic risk score associated with the risk of future AD/dementia or progression from mild cognitive impairment to AD/dementia. The improvement in prediction led to a 1.6- to 1.9-fold increase in AD risk from the lowest to the highest decile, in addition to effects of age and the APOE ε4 allele.",Céline Bellenguez; Fahri Küçükali; Iris E Jansen; Luca Kleineidam; Sonia Moreno-Grau; Najaf Amin; Adam C Naj; Rafael Campos-Martin; Benjamin Grenier-Boley; Victor Andrade; Peter A Holmans; Anne Boland; Vincent Damotte; Sven J van der Lee; Marcos R Costa; Teemu Kuulasmaa; Qiong Yang; Itziar de Rojas; Joshua C Bis; Amber Yaqub; Ivana Prokic; Julien Chapuis; Shahzad Ahmad; Vilmantas Giedraitis; Dag Aarsland; Pablo Garcia-Gonzalez; Carla Abdelnour; Emilio Alarcón-Martín; Daniel Alcolea; Montserrat Alegret; Ignacio Alvarez; Victoria Álvarez; Nicola J Armstrong; Anthoula Tsolaki; Carmen Antúnez; Ildebrando Appollonio; Marina Arcaro; Silvana Archetti; Alfonso Arias Pastor; Beatrice Arosio; Lavinia Athanasiu; Henri Bailly; Nerisa Banaj; Miquel Baquero; Sandra Barral; Alexa Beiser; Ana Belén Pastor; Jennifer E Below; Penelope Benchek; Luisa Benussi; Claudine Berr; Céline Besse; Valentina Bessi; Giuliano Binetti; Alessandra Bizarro; Rafael Blesa; Mercè Boada; Eric Boerwinkle; Barbara Borroni; Silvia Boschi; Paola Bossù; Geir Bråthen; Jan Bressler; Catherine Bresner; Henry Brodaty; Keeley J Brookes; Luis Ignacio Brusco; Dolores Buiza-Rueda; Katharina Bûrger; Vanessa Burholt; William S Bush; Miguel Calero; Laura B Cantwell; Geneviève Chene; Jaeyoon Chung; Michael L Cuccaro; Ángel Carracedo; Roberta Cecchetti; Laura Cervera-Carles; Camille Charbonnier; Hung-Hsin Chen; Caterina Chillotti; Simona Ciccone; Jurgen A H R Claassen; Christopher Clark; Elisa Conti; Anaïs Corma-Gómez; Emanuele Costantini; Carlo Custodero; Delphine Daian; Maria Carolina Dalmasso; Antonio Daniele; Efthimios Dardiotis; Jean-François Dartigues; Peter Paul de Deyn; Katia de Paiva Lopes; Lot D de Witte; Stéphanie Debette; Jürgen Deckert; Teodoro Del Ser; Nicola Denning; Anita DeStefano; Martin Dichgans; Janine Diehl-Schmid; Mónica Diez-Fairen; Paolo Dionigi Rossi; Srdjan Djurovic; Emmanuelle Duron; Emrah Düzel; Carole Dufouil; Gudny Eiriksdottir; Sebastiaan Engelborghs; Valentina Escott-Price; Ana Espinosa; Michael Ewers; Kelley M Faber; Tagliavini Fabrizio; Sune Fallgaard Nielsen; David W Fardo; Lucia Farotti; Chiara Fenoglio; Marta Fernández-Fuertes; Raffaele Ferrari; Catarina B Ferreira; Evelyn Ferri; Bertrand Fin; Peter Fischer; Tormod Fladby; Klaus Fließbach; Bernard Fongang; Myriam Fornage; Juan Fortea; Tatiana M Foroud; Silvia Fostinelli; Nick C Fox; Emlio Franco-Macías; María J Bullido; Ana Frank-García; Lutz Froelich; Brian Fulton-Howard; Daniela Galimberti; Jose Maria García-Alberca; Pablo García-González; Sebastian Garcia-Madrona; Guillermo Garcia-Ribas; Roberta Ghidoni; Ina Giegling; Giaccone Giorgio; Alison M Goate; Oliver Goldhardt; Duber Gomez-Fonseca; Antonio González-Pérez; Caroline Graff; Giulia Grande; Emma Green; Timo Grimmer; Edna Grünblatt; Michelle Grunin; Vilmundur Gudnason; Tamar Guetta-Baranes; Annakaisa Haapasalo; Georgios Hadjigeorgiou; Jonathan L Haines; Kara L Hamilton-Nelson; Harald Hampel; Olivier Hanon; John Hardy; Annette M Hartmann; Lucrezia Hausner; Janet Harwood; Stefanie Heilmann-Heimbach; Seppo Helisalmi; Michael T Heneka; Isabel Hernández; Martin J Herrmann; Per Hoffmann; Clive Holmes; Henne Holstege; Raquel Huerto Vilas; Marc Hulsman; Jack Humphrey; Geert Jan Biessels; Xueqiu Jian; Charlotte Johansson; Gyungah R Jun; Yuriko Kastumata; John Kauwe; Patrick G Kehoe; Lena Kilander; Anne Kinhult Ståhlbom; Miia Kivipelto; Anne Koivisto; Johannes Kornhuber; Mary H Kosmidis; Walter A Kukull; Pavel P Kuksa; Brian W Kunkle; Amanda B Kuzma; Carmen Lage; Erika J Laukka; Lenore Launer; Alessandra Lauria; Chien-Yueh Lee; Jenni Lehtisalo; Ondrej Lerch; Alberto Lleó; William Longstreth; Oscar Lopez; Adolfo Lopez de Munain; Seth Love; Malin Löwemark; Lauren Luckcuck; Kathryn L Lunetta; Yiyi Ma; Juan Macías; Catherine A MacLeod; Wolfgang Maier; Francesca Mangialasche; Marco Spallazzi; Marta Marquié; Rachel Marshall; Eden R Martin; Angel Martín Montes; Carmen Martínez Rodríguez; Carlo Masullo; Richard Mayeux; Simon Mead; Patrizia Mecocci; Miguel Medina; Alun Meggy; Shima Mehrabian; Silvia Mendoza; Manuel Menéndez-González; Pablo Mir; Susanne Moebus; Merel Mol; Laura Molina-Porcel; Laura Montrreal; Laura Morelli; Fermin Moreno; Kevin Morgan; Thomas Mosley; Markus M Nöthen; Carolina Muchnik; Shubhabrata Mukherjee; Benedetta Nacmias; Tiia Ngandu; Gael Nicolas; Børge G Nordestgaard; Robert Olaso; Adelina Orellana; Michela Orsini; Gemma Ortega; Alessandro Padovani; Caffarra Paolo; Goran Papenberg; Lucilla Parnetti; Florence Pasquier; Pau Pastor; Gina Peloso; Alba Pérez-Cordón; Jordi Pérez-Tur; Pierre Pericard; Oliver Peters; Yolande A L Pijnenburg; Juan A Pineda; Gerard Piñol-Ripoll; Claudia Pisanu; Thomas Polak; Julius Popp; Danielle Posthuma; Josef Priller; Raquel Puerta; Olivier Quenez; Inés Quintela; Jesper Qvist Thomassen; Alberto Rábano; Innocenzo Rainero; Farid Rajabli; Inez Ramakers; Luis M Real; Marcel J T Reinders; Christiane Reitz; Dolly Reyes-Dumeyer; Perry Ridge; Steffi Riedel-Heller; Peter Riederer; Natalia Roberto; Eloy Rodriguez-Rodriguez; Arvid Rongve; Irene Rosas Allende; Maitée Rosende-Roca; Jose Luis Royo; Elisa Rubino; Dan Rujescu; María Eugenia Sáez; Paraskevi Sakka; Ingvild Saltvedt; Ángela Sanabria; María Bernal Sánchez-Arjona; Florentino Sanchez-Garcia; Pascual Sánchez Juan; Raquel Sánchez-Valle; Sigrid B Sando; Chloé Sarnowski; Claudia L Satizabal; Michela Scamosci; Nikolaos Scarmeas; Elio Scarpini; Philip Scheltens; Norbert Scherbaum; Martin Scherer; Matthias Schmid; Anja Schneider; Jonathan M Schott; Geir Selbæk; Davide Seripa; Manuel Serrano; Jin Sha; Alexey A Shadrin; Olivia Skrobot; Susan Slifer; Gijsje J L Snijders; Hilkka Soininen; Vincenzo Solfrizzi; Alina Solomon; Yeunjoo Song; Sandro Sorbi; Oscar Sotolongo-Grau; Gianfranco Spalletta; Annika Spottke; Alessio Squassina; Eystein Stordal; Juan Pablo Tartan; Lluís Tárraga; Niccolo Tesí; Anbupalam Thalamuthu; Tegos Thomas; Giuseppe Tosto; Latchezar Traykov; Lucio Tremolizzo; Anne Tybjærg-Hansen; Andre Uitterlinden; Abbe Ullgren; Ingun Ulstein; Sergi Valero; Otto Valladares; Christine Van Broeckhoven; Jeffery Vance; Badri N Vardarajan; Aad van der Lugt; Jasper Van Dongen; Jeroen van Rooij; John van Swieten; Rik Vandenberghe; Frans Verhey; Jean-Sébastien Vidal; Jonathan Vogelgsang; Martin Vyhnalek; Michael Wagner; David Wallon; Li-San Wang; Ruiqi Wang; Leonie Weinhold; Jens Wiltfang; Gill Windle; Bob Woods; Mary Yannakoulia; Habil Zare; Yi Zhao; Xiaoling Zhang; Congcong Zhu; Miren Zulaica; EADB; GR@ACE; DEGESCO; EADI; GERAD; Demgene; FinnGen; ADGC; CHARGE; Lindsay A Farrer; Bruce M Psaty; Mohsen Ghanbari; Towfique Raj; Perminder Sachdev; Karen Mather; Frank Jessen; M Arfan Ikram; Alexandre de Mendonça; Jakub Hort; Magda Tsolaki; Margaret A Pericak-Vance; Philippe Amouyel; Julie Williams; Ruth Frikke-Schmidt; Jordi Clarimon; Jean-François Deleuze; Giacomina Rossi; Sudha Seshadri; Ole A Andreassen; Martin Ingelsson; Mikko Hiltunen; Kristel Sleegers; Gerard D Schellenberg; Cornelia M van Duijn; Rebecca Sims; Wiesje M van der Flier; Agustín Ruiz; Alfredo Ramirez; Jean-Charles Lambert,2022,Nature genetics,"Journal Article; Research Support, Non-U.S. Gov't; Research Support, U.S. Gov't, Non-P.H.S.; Research Support, N.I.H., Extramural",eng,"Alzheimer Disease / genetics, pathology; Cognitive Dysfunction / psychology; Genome-Wide Association Study; Humans; tau Proteins / genetics",,,,
34984770,10.1002/hbm.25747,https://pubmed.ncbi.nlm.nih.gov/34984770/,Financial decision-making and self-awareness for financial decision-making is associated with white matter integrity in older adults.,"Financial decision-making (FDM) and awareness of the integrity of one's FDM abilities (or financial awareness) are both critical for preventing financial mistakes. We examined the white matter correlates of these constructs and hypothesized that the tracts connecting the temporal-frontal regions would be most strongly correlated with both FDM and financial awareness. Overall, 49 healthy older adults were included in the FDM analysis and 44 in the financial awareness analyses. The Objective Financial Competency Assessment Inventory was used to measure FDM. Financial awareness was measured by integrating metacognitive ratings into this inventory and was calculated as the degree of overconfidence or underconfidence. Diffusion tensor imaging data were processed with Tracts Constrained by Underlying Anatomy distributed as part of the FreeSurfer analytic suite, which produced average measures of fractional anisotropy and mean diffusivity in 18 white matter tracts along with the overall tract average. As expected, FDM showed the strongest negative associations with average mean diffusivity measure of the superior longitudinal fasciculus -temporal (SLFT; r = -.360, p = .011) and -parietal (r = -.351, p = .014) tracts. After adjusting for FDM, only the association between financial awareness and average mean diffusivity measure of the right SLFT (r = .310, p = .046) was significant. Overlapping white matter tracts were involved in both FDM and financial awareness. More importantly, these preliminary findings reinforce emerging literature on a unique role of right hemisphere temporal connections in supporting financial awareness.",Preeti Sunderaraman; Yunglin Gazes; Gema Ortiz; Christopher Langfield; Ashley Mensing; Silvia Chapman; Jillian L Joyce; Adam M Brickman; Yaakov Stern; Stephanie Cosentino,2022,Human brain mapping,"Journal Article; Research Support, N.I.H., Extramural",eng,Aged; Anisotropy; Diffusion Magnetic Resonance Imaging; Diffusion Tensor Imaging / methods; Humans; Perception; White Matter / diagnostic imaging,aging; diffusion tensor imaging; financial decision-making; numeracy; self-awareness; white matter integrity,,,
34636708,10.1177/07334648211049716,https://pubmed.ncbi.nlm.nih.gov/34636708/,The Connection Between Deception Detection and Financial Exploitation of Older (vs. Young) Adults.,"Although poor deception detection accuracy is thought to be an important risk factor for fraud among older adults, this link has not been explicitly studied. Using a cross-sectional design, older and young adults viewed and made judgments of real, high-stakes truths and lies with financial consequences. Older (vs. young) adults exhibited a greater truth bias when evaluating individuals pleading for help in finding a missing relative, which was associated with greater donations to deceptive pleaders. However, all participants were highly vulnerable to fraud. Future research should consider both risk and protective factors affecting financial fraud across the lifespan.",Christopher A Gunderson; Leanne Ten Brinke,2022,Journal of applied gerontology : the official journal of the Southern Gerontological Society,"Journal Article; Research Support, Non-U.S. Gov't",eng,Aged; Cross-Sectional Studies; Deception; Humans,deception detection; fraud; social cognition,,,
35311179,10.1002/dad2.12282,https://pubmed.ncbi.nlm.nih.gov/35311179/,Online monitoring of financial capacity in older adults: Feasibility and initial findings.,"INTRODUCTION: Impairment in financial capacity places older adults at risk of fraud or abuse and can be a harbinger of loss of independence. Online automated monitoring of financial transactions offers an objective, unobtrusive, and continuous data collection strategy to minimize risk and to detect early changes in an important complex activity of daily living.
METHODS: Ninety-three participants used an online financial activity monitoring platform that extracted metrics related to use and potential departures from established patterns of financial behavior. Standard neuropsychological assessments and a performance-based measure of financial capacity at baseline were compared using continuous monitoring metrics.
RESULTS: Participants demonstrated a willingness to engage with an online financial activity monitoring system. Online metrics were not associated with performance in specific cognitive domains. Performance on an established test of financial capacity was negatively correlated with a ratio of alerts to transactions, that is, a higher likelihood of errors or deviations from previous activity.
DISCUSSION: To our knowledge, this is the first reported study using secure online technology to link ongoing unobtrusively collected financial activity monitoring data with other objective measures of function and cognition in a cohort of independent living older adults.",Katherine Wild; Jennifer Marcoe; Nora Mattek; Nicole Sharma; Elizabeth Loewy; Howard Tischler; Jeffrey Kaye; Jason Karlawish,2022,"Alzheimer's & dementia (Amsterdam, Netherlands)",Journal Article,eng,,aging; automated monitoring; digital biomarkers; financial capacity; technology,,,
35350552,10.1093/braincomms/fcac052,https://pubmed.ncbi.nlm.nih.gov/35350552/,Dementia is associated with medial temporal atrophy even after accounting for neuropathologies.,"Brain atrophy is associated with degenerative neuropathologies and the clinical status of dementia. Whether dementia is associated with atrophy independent of neuropathologies is not known. In this study, we examined the pattern of atrophy associated with dementia while accounting for the most common dementia-related neuropathologies. We used data from National Alzheimer's Coordinating Center (n = 129) and Alzheimer's Disease Neuroimaging Initiative (n = 47) participants with suitable in vivo 3D-T1w MRI and autopsy data. We determined dementia status at the visit closest to MRI. We examined the following dichotomized neuropathological variables: Alzheimer's disease neuropathology, hippocampal sclerosis, Lewy bodies, cerebral amyloid angiopathy and atherosclerosis. Voxel-based morphometry identified areas associated with dementia after accounting for neuropathologies. Identified regions of interest were further analysed. We used multiple linear regression models adjusted for neuropathologies and demographic variables. We also examined models with dementia and Clinical Dementia Rating sum of the boxes as the outcome and explored the potential mediating effect of medial temporal lobe structure volumes on the relationship between pathology and cognition. We found strong associations for dementia with volumes of the hippocampus, amygdala and parahippocampus (semi-partial correlations ≥ 0.28, P < 0.0001 for all regions in National Alzheimer's Coordinating Center; semi-partial correlations ≥ 0.35, P ≤ 0.01 for hippocampus and parahippocampus in Alzheimer's Disease Neuroimaging Initiative). Dementia status accounted for more unique variance in atrophy in these structures (∼8%) compared with neuropathological variables; the only exception was hippocampal sclerosis which accounted for more variance in hippocampal atrophy (10%). We also found that the volumes of the medial temporal lobe structures contributed towards explaining the variance in Clinical Dementia Rating sum of the boxes (ranging from 5% to 9%) independent of neuropathologies and partially mediated the association between Alzheimer's disease neuropathology and cognition. Even after accounting for the most common neuropathologies, dementia still had among the strongest associations with atrophy of medial temporal lobe structures. This suggests that atrophy of the medial temporal lobe is most related to the clinical status of dementia rather than Alzheimer's disease or other neuropathologies, with the potential exception of hippocampal sclerosis.",Davis C Woodworth; Nasim Sheikh-Bahaei; Kiana A Scambray; Michael J Phelan; Mari Perez-Rosendahl; María M Corrada; Claudia H Kawas; Seyed Ahmad Sajjadi; Alzheimer's Disease Neuroimaging Initiative,2022,Brain communications,Journal Article,eng,,MRI; atrophy; dementia; medial temporal lobe; neuropathology,,,
35484831,10.1080/08946566.2022.2070568,https://pubmed.ncbi.nlm.nih.gov/35484831/,Financial fragility and scam susceptibility in community dwelling older adults.,"We tested the hypothesis that financial fragility is associated with higher scam susceptibility in older adults without dementia. Data came from nearly 900 community-dwelling participants from two ongoing cohort studies of aging. Financial fragility was determined by assessing an individual's ability to access $2,000 within a month for an unexpected expense. Scam susceptibility was assessed via a 5-item instrument that measures perceptions and behaviors that predispose older adults to financial fraud and scams. On average, participants were 82 years of age. Nearly 10% reported financial fragility. Financial fragility was higher in Blacks and among those with fewer years of education, lower income, lower global cognition, lower literacy, and poorer financial decision-making. Regression analysis revealed that financially fragile older adults were more susceptible to scams. These data suggest that targeted efforts to reduce financial fragility and improve literacy and cognitive health are needed to prevent elder exploitation among diverse populations.",Lei Yu; Gary Mottola; Lisa L Barnes; Olivia Valdes; Robert S Wilson; David A Bennett; Patricia A Boyle,2022,Journal of elder abuse & neglect,"Journal Article; Research Support, Non-U.S. Gov't; Research Support, N.I.H., Extramural",eng,Aged; Aging / psychology; Cognition; Cohort Studies; Elder Abuse; Humans; Independent Living,Financial fragility; aging; cognition; financial literacy; scam susceptibility,,,
34973345,10.1016/j.exger.2021.111678,https://pubmed.ncbi.nlm.nih.gov/34973345/,"Exploring how, why and in what contexts older adults are at risk of financial cybercrime victimisation: A realist review.","Although older people rarely report being victims of financial cybercrime, there is evidence that older online users are at increased risk. This realist review identified factors leading to older adults' victimisation and reviewed the theory and evidence for interventions to reduce victimisation risks. We developed an initial programme theory from a scoping review and expert stakeholder consultations. We searched electronic databases, references and websites for literature meeting inclusion criteria. We analysed 52 primary and secondary data sources, seeking stakeholder views to develop and refine the programme theory and generate Context-Mechanism-Outcome Configurations (CMOCs) explaining how, why and in what circumstances older adults become financial cybercrime victims; and extrapolated this to consider rational intervention strategies. Our programme theory comprised 16 CMOCs describing how: social isolation, cognitive, physical and mental health problems; wealth status, limited cyber security skills or awareness, societal attitudes and content of scams led to victimisation. Our refined programme theory provides a novel framework to guide future intervention design. Only interventions to enhance older internet users' awareness and skills have been trialled to date. Other theoretically plausible interventions include: offender management programmes, tailored security measures, society-wide stigma reduction and awareness-raising with groups who support older people.",Alexandra Burton; Claudia Cooper; Ayesha Dar; Lucy Mathews; Kartikeya Tripathi,2022,Experimental gerontology,"Journal Article; Research Support, Non-U.S. Gov't; Review",eng,Aged; Crime Victims / psychology; Humans; Internet,Crime victims; Fraud; Internet; Older adults,,,
34968102,10.1037/pag0000663,https://pubmed.ncbi.nlm.nih.gov/34968102/,Relative effectiveness of general versus specific cognitive training for aging adults.,"In the present study, we examined three experimental cognitive interventions, two targeted at training general cognitive abilities and one targeted at training specific instrumental activities of daily living (IADL) abilities, along with one active control group to compare benefits of these interventions beyond expectation effects, in a group of older adults (N = 230). Those engaged in general training did so with either the web-based brain game suite BrainHQ or the strategy video game Rise of Nations, while those trained on IADL skills completed instructional programs on driving and fraud awareness. Active control participants completed sets of puzzles. Comparing baseline and postintervention data across conditions, none of the preregistered primary outcome measures demonstrated a significant interaction between session and intervention condition, indicating no differential benefits. Analysis of expectation effects showed differences between intervention groups consistent with the type of training. Those in the IADL training condition did demonstrate superior knowledge for specific trained information (driving and finances). Twelve months after training, significant interactions between session and intervention were present in the primary measure of fraud detection, as well as the secondary measures of the letter sets task and Rey's Auditory Verbal Learning Test. However, the specific source of these interactions was difficult to discern. At 1-year follow-up those in the IADL condition did not maintain superior knowledge of driving and finances gained through training, as was present immediately postintervention. Hence, the interventions, when compared to an active control condition, failed to show general or specific transfer in a meaningful or consistent way. (PsycInfo Database Record (c) 2022 APA, all rights reserved).",Nicholas Gray; Jong-Sung Yoon; Neil Charness; Walter R Boot; Nelson A Roque; Ronald Andringa; Erin R Harrell; Katharine G Lewis; Thomas Vitale,2022,Psychology and aging,Journal Article,eng,Activities of Daily Living / psychology; Aged; Aging; Cognition; Cognition Disorders; Humans; Video Games,,,,
36908875,10.1016/j.nbas.2022.100032,https://pubmed.ncbi.nlm.nih.gov/36908875/,"Brain and cognitive ageing: The present, and some predictions (…about the future).","Experiencing decline in one's cognitive abilities is among the most feared aspects of growing old [53]. Age-related cognitive decline carries a huge personal, societal, and financial cost both in pathological ageing (such as dementias) and also within the non-clinical majority of the population. A projected 152 million people worldwide will suffer from dementia by 2050 [3]. The early stages of cognitive decline are much more prevalent than dementia, and can still impose serious limitations of performance on everyday activities, independence, and quality of life in older age [5], [60], [80]. Cognitive decline also predicts poorer health, adherence to medical regimens, and financial decision-making, and can herald dementia, illness, and death [6], [40]. Of course, when seeking to understand why some people experience more severe cognitive ageing than others, researchers have turned to the organ of thinking for clues about the nature, possible mechanisms, and determinants that might underpin more and less successful cognitive agers. However, that organ is relatively inaccessible, a limitation partly alleviated by advances in neuroimaging. Here we discuss lessons for cognitive and brain ageing that have come from neuroimaging research (especially structural brain imaging), what neuroimaging still has left to teach us, and our views on possible ways forward in this multidisciplinary field.",Simon R Cox; Ian J Deary,2022,Aging brain,Journal Article,eng,,Brain ageing; Diffusion MRI; Epidemiology; Longitudinal studies; Review; Structural MRI,,,
34965775,10.1177/02692163211058596,https://pubmed.ncbi.nlm.nih.gov/34965775/,Patient perspectives on states worse than death: A qualitative study with implications for patient-centered outcomes and values elicitation.,"BACKGROUND: Seriously ill patients rate several health outcomes as states worse than death. It is unclear what factors underlie such valuations, and whether consideration of such states is useful when making medical decisions.
AIM: We sought to (1) use qualitative approaches to identify states worse than death, (2) identify attributes common to such undesirable health states, and (3) determine how participants might use information on these states in making medical decisions.
DESIGN: Qualitative study of semi-structured interviews utilizing content analysis with constant comparison techniques.
SETTING, PARTICIPANTS: We interviewed adults age 65 or older with serious illnesses after discharge home from one of two urban, academic hospitals. Eligible patients were purposively sampled to achieve balance in gender and race.
RESULTS: Of 29 participants, 15 (52%) were female, and 15 were white (52%), with a median age of 72 (interquartile range 69, 75). Various physical, cognitive, and social impairments were identified as states worse than death. The most commonly reported attributes underlying states worse than death were perceived burden on loved ones and inability to maintain human connection. Patients believed information on states worse than death must be individualized, and were concerned their opinions could change with time and fluctuations in health status.
CONCLUSIONS: Common factors underlying undesirable states suggest that for care to be patient-centered it must also be family-centered. Patients' views on using states worse than death in decision making highlight barriers to using avoidance of such states as a quality measure, but also suggest opportunities for eliciting patients' values.",Catherine L Auriemma; Helen O'Donnell; Julia Jones; Zoe Barbati; Eda Akpek; Tamar Klaiman; Scott D Halpern,2022,Palliative medicine,"Journal Article; Research Support, N.I.H., Extramural; Research Support, Non-U.S. Gov't",eng,"Adult; Aged; Decision Making; Female; Health Status; Humans; Outcome Assessment, Health Care; Patient-Centered Care; Qualitative Research",Patient-centered care; outcome measures; qualitative evaluation; social values; state worse than death,,,
34806799,10.1002/mds.28864,https://pubmed.ncbi.nlm.nih.gov/34806799/,Longitudinal White Matter Damage Evolution in Parkinson's Disease.,"BACKGROUND: White matter hyperintensities (WMHs) have a role in cognitive impairment in normal brain aging, while the effect on Parkinson's disease (PD) progression is still controversial.
OBJECTIVE: To investigate the longitudinal evolution of micro- and macrostructural damage of cerebral white matter (WM) and its relationship with the clinical picture in PD.
METHODS: A total of 154 PD patients underwent clinical, cognitive, and magnetic resonance imaging (MRI) assessment once a year for up to 4 years. Sixty healthy controls underwent the same protocol at baseline. WMHs were identified and total WMH volume was measured. WMHs were also used as exclusion masks to define normal-appearing white matter (NAWM). Using tract-based spatial statistics, diffusion tensor (DT) MRI metrics of whole-brain WM and NAWM were obtained. Linear mixed-effects models defined the longitudinal evolution and association between variables. WM alterations were tested as risk factors of disease progression using linear regression and Cox proportional hazards models.
RESULTS: At baseline, PD patients showed alterations of all DT MRI measures compared to controls. Longitudinally, DT MRI measures did not vary significantly and no association with clinical variables was found. WMH volume changed over time and was associated with impairment in global cognition, executive functions, and language. Baseline WMH volume was a moderate risk factor for progression to mild cognitive impairment.
CONCLUSIONS: Our study suggests an association between WMHs and cognitive deterioration in PD, whereas WM microstructural damage is a negligible contributor to clinical deterioration. WMHs assessed by MRI can provide an important tool for monitoring the development of cognitive impairment in PD patients. © 2021 International Parkinson and Movement Disorder Society.",Pietro Giuseppe Scamarcia; Federica Agosta; Edoardo Gioele Spinelli; Silvia Basaia; Tanja Stojković; Iva Stankovic; Elisabetta Sarasso; Elisa Canu; Vladana Markovic; Igor Petrović; Elka Stefanova; Elisabetta Pagani; Vladimir S Kostic; Massimo Filippi,2022,Movement disorders : official journal of the Movement Disorder Society,"Journal Article; Research Support, Non-U.S. Gov't",eng,"Cognitive Dysfunction / complications, etiology; Diffusion Tensor Imaging; Humans; Magnetic Resonance Imaging / methods; Parkinson Disease / complications, diagnostic imaging, pathology; White Matter / diagnostic imaging, pathology",MRI; Parkinson's disease; longitudinal study; normal-appearing white matter; white matter hyperintensity,,,
33818175,10.1177/10398562211005444,https://pubmed.ncbi.nlm.nih.gov/33818175/,Frontotemporal dementia and financial capacity: facing the Cerberus of overestimation or underestimation?,"OBJECTIVE: This study investigates the performance of people with frontotemporal dementia (FTD) on objective assessment of financial capacity with comparison to the estimation of financial capacity by both people themselves and their caregivers.
METHOD: FTD patients and healthy (age/gender/education-matched) controls from Greece underwent cognitive assessment (memory, attention, executive functioning, visuospatial skills, verbal functions), emotional (anxiety, depression), and financial capacity assessment (Legal Capacity for Property Law Transactions Assessment Scale-LCPLTAS). Additionally, they self-reported on their financial performance and a third-party living with the older participants for both groups reported their estimates of financial performance and their anxiety and depression levels.
RESULTS: Financial capacity in FTD patients is severely impaired compared to controls, but caregivers of FTD patients tend to overestimate the patients' financial performance, a finding that is not related to the caregivers' depression and anxiety levels or other demographics. FTD patients overestimate their financial capacity.
CONCLUSION: FTD may have significant impact on financial capacity, but people with FTD tend to overestimate their own financial capacity. This study also indicates that families and caregivers tend to overestimate financial capacity in people with FTD. This has implications for the assessment and care planning of people with FTD in clinical settings.",Vaitsa Giannouli; Magda Tsolaki,2022,Australasian psychiatry : bulletin of Royal Australian and New Zealand College of Psychiatrists,Journal Article,eng,Anxiety Disorders; Attention; Caregivers / psychology; Emotions; Frontotemporal Dementia / diagnosis; Humans; Neuropsychological Tests,financial capacity; frontotemporal dementia; third-party estimations,,,
35076597,10.3390/neurolint14010008,https://pubmed.ncbi.nlm.nih.gov/35076597/,Financial Incapacity of Patients with Mild Alzheimer's Disease: What Neurologists Need to Know about Where the Impairment Lies.,"Research in the last decade has focused on assessing financial capacity and incapacity mainly in old age, but new research has turned to address the question of how financial incapacity can be predicted by cognitive factors. The aim of this study was to identify which cognitive domains predict financial capacity and the relevant cognitive skills of patients with mild Alzheimer's disease (AD) in order to assist neurologists in functional assessment and further patient referral. In this study, 109 patients diagnosed with mild AD were examined with a number of neuropsychological tests: Mini-Mental State Examination (MMSE), Functional Rating Scale for Symptoms of Dementia (FRSSD), Functional Cognitive Assessment Scale (FUCAS), Trail Making Test (TMT)-Part B, Rey-Osterrieth Complex Figure Test (ROCFT)-copy condition and delayed recall condition, Rey Auditory Verbal Learning Test (RAVLT), Boston Naming Test, Rivermead Behavioural Memory Test (RBMT), digit span forward and backward, WAIS-R digit symbol substitution test, Neuropsychiatric Inventory (NPI), Geriatric Depression Scale (GDS-15), and the Legal Capacity for Property Law Transactions Assessment Scale (LCPLTAS). LCPLTAS total score and relevant subdomains were best predicted only by the score of one item coming from MMSE: subtraction of serial sevens. This is the only measure of arithmetic testing in use for the Greek geriatric population. Financial capacity is severely impaired in the group of mild AD patients. In order to prevent financial exploitation cases, neurologists, neuropsychologists, psychiatrists, and geriatrists should pay close attention to the information from the relevant arithmetic question of MMSE, as it is one of the most widely administered screening tests in clinical settings.",Vaitsa Giannouli; Magda Tsolaki,2022,Neurology international,Journal Article,eng,,cognitive function; financial capacity; mild Alzheimer’s disease,,,
34905693,10.1021/acschemneuro.1c00572,https://pubmed.ncbi.nlm.nih.gov/34905693/,Structural Features of Iperoxo-BQCA Muscarinic Acetylcholine Receptor Hybrid Ligands Determining Subtype Selectivity and Efficacy.,"Selective agonists for the human M1 and M4 muscarinic acetylcholine receptors (mAChRs) are attractive candidates for the treatment of cognitive disorders, such as Alzheimer's disease and schizophrenia. Past efforts to optimize a ligand for selective agonism at any one of the M1-M5 mAChR subtypes has proven to be a significant challenge. Recently, research efforts have demonstrated that hybrid ligands may offer a potential solution to the lack of selectivity at mAChRs. In an attempt to design M1 mAChR selective agonists by hybridizing an M1 mAChR selective positive allosteric modulator [1-(4-methoxybenzyl)-4-oxo-1,4-dihydroquinoline-3-carboxylic acid] and a potent agonist [(4-[(4,5-dihydro-3-isoxazolyl)oxy]-N,N,N-trimethyl-2-butyn-1-aminium iodide) (iperoxo)], we unexpectedly discovered that these ligands possessed noticeable M2/M4 mAChR selectivity. Evaluation of truncated derivatives of the hybrid ligands at the M1-M5 mAChR subtypes suggests that the allosteric pharmacophore of iperoxo-based mAChR hybrid ligands likely sterically disrupts the allosteric site of the mAChRs, attenuating the efficacy of M1/M3/M5 mAChR responses compared to M2/M4 mAChRs, resulting in a preference for the M2/M4 mAChRs. However, at certain intermediate linker lengths, the effects of this apparent disruption of the allosteric site are diminished, restoring nonselective agonism and suggesting a possible allosteric interaction which is favorable to efficacy at all M1-M5 mAChRs.",Matthew C L Wakeham; Briana J Davie; David K Chalmers; Arthur Christopoulos; Ben Capuano; Celine Valant; Peter J Scammells,2022,ACS chemical neuroscience,"Journal Article; Research Support, Non-U.S. Gov't",eng,"Allosteric Regulation; Animals; CHO Cells; Cricetinae; Humans; Isoxazoles; Ligands; Quaternary Ammonium Compounds; Receptor, Muscarinic M1",BQCA; bitopic ligands; iperoxo; muscarinic acetylcholine receptor; positive allosteric modulator,,,
35723104,10.3233/JAD-220187,https://pubmed.ncbi.nlm.nih.gov/35723104/,Increased Financial Altruism is Associated with Alzheimer's Disease Neurocognitive Profile in Older Adults.,"BACKGROUND: Older age is associated with an increase in altruistic behaviors such as charitable giving. However, few studies have investigated the cognitive correlates of financial altruism in older adults.
OBJECTIVE: This study investigated the cognitive correlates of financial altruism measured using an altruistic choice paradigm in a community-based sample of older adults.
METHODS: In the present study, a sample of older adults (N = 67; M age = 69.21, SD = 11.23; M education years = 15.97, SD = 2.51; 58.2% female; 71.6% Non-Hispanic White) completed a comprehensive neuropsychological assessment and an altruistic choice paradigm in which they made decisions about allocating money between themselves and an anonymous person.
RESULTS: In multiple linear regression analyses that controlled for age, education, and sex, financial altruism was negatively associated with performance on cognitive measures typically sensitive to early Alzheimer's disease (including word list learning and recall, delayed story recall, and animal fluency).
CONCLUSION: Findings of this study point to a negative relationship between financial altruism and cognitive functioning in older adults on measures known to be sensitive to Alzheimer's disease. Findings also point to a potential link between financial exploitation risk and Alzheimer's disease in older age.",Gali H Weissberger; Anya Samek; Laura Mosqueda; Annie L Nguyen; Aaron C Lim; Laura Fenton; S Duke Han,2022,Journal of Alzheimer's disease : JAD,"Journal Article; Research Support, Non-U.S. Gov't; Research Support, N.I.H., Extramural",eng,Altruism; Alzheimer Disease / psychology; Female; Humans; Male; Mental Recall; Neuropsychological Tests; Verbal Learning,Altruism; Alzheimer’s disease; cognition; economic factors; episodic memory,,,
35124640,10.3233/JAD-215148,https://pubmed.ncbi.nlm.nih.gov/35124640/,Altered Angular Gyrus Resting State Functional Connectivity Associated with Financial Capacity in Mild Cognitive Impairment.,"BACKGROUND: Financial capacity (FC) is a complex ability commonly impaired in older individuals with cognitive impairment; however, the underlying neural mechanisms are not well understood.
OBJECTIVE: To assess resting state functional connectivity using functional magnetic resonance imaging (rs-fMRI) in individuals with mild cognitive impairment (MCI) and impaired FC compared to cognitively normal older adults.
METHODS: rs-fMRI scans were obtained from individuals with MCI (N = 17) and normal older adults (N = 15). All participants completed the Financial Capacity Instrument Short Form (FCI-SF) and neuropsychological assessments. Based on previous findings, the left angular gyrus (lAG) was used as the seed region. Connectivity correlation coefficients were calculated for each seed-based connection that showed significantly altered connectivity. A Pearson's correlation was calculated between the connectivity correlation values from relevant regions and FC and other cognitive measures.
RESULTS: A total of 26 brain regions showed significantly increased functional connectivity with the lAG. Of these regions, 14 were identified as relevant to higher-level cognitive function for analysis. Pearson's correlations showed a significant negative correlation between the FCI-SF total score and increased connectivity between the IAG and the right temporal fusiform cortex (rTFC) (r = -0.455, p = 0.009).
CONCLUSION: Results showed a significant correlation between FC and increased functional connectivity between the lAG and the rTFC in cognitively normal older adults compared to participants with MCI. These exploratory findings suggest that cognitive functions play important roles in FC as the functional connectivity between the lAG and rTFC was not associated with other tests of executive or visuospatial cognition.",Milap A Nowrangi; John D Outen; Farah Naaz; Liuyi Chen; Arnold Bakker; Cynthia A Munro; Vidyulata Kamath; George W Rebok; Paul B Rosenberg,2022,Journal of Alzheimer's disease : JAD,"Journal Article; Research Support, N.I.H., Extramural",eng,Aged; Brain; Cognitive Dysfunction; Humans; Magnetic Resonance Imaging / methods; Neuropsychological Tests; Parietal Lobe / diagnostic imaging,Financial capacity; mild cognitive impairment; resting state functional connectivity,,,
34735951,10.1016/j.envint.2021.106968,https://pubmed.ncbi.nlm.nih.gov/34735951/,The effects of radiofrequency exposure on male fertility and adverse reproductive outcomes: A protocol for two systematic reviews of human observational studies with meta-analysis.,"BACKGROUND: The World Health Organization (WHO) is bringing together evidence on radiofrequency electromagnetic field (RF-EMF) exposure in relation to health outcomes, previously identified as priorities for evaluation by experts in the field, to inform exposure guidelines. A suite of systematic reviews are being undertaken by a network of topic experts and methodologists in order to collect, assess and synthesise data relevant to these guidelines. Here, we present the protocol for the systematic review on the effect of exposure to RF on adverse reproductive outcomes (human observational studies), also referred to as Systematic Review (SR) 3 within the series of systematic reviews currently being commissioned.
OBJECTIVES: Following the WHO handbook for guideline development and the COSTER conduct guidelines, we will systematically review the effect of RF-EMF exposure on both male fertility (SR3A) and adverse pregnancy outcomes (SR3B) in human observational studies. Herein we adhere to the PRISMA-P reporting guidelines.
DATA SOURCES: We will conduct a broad search for potentially relevant records relevant for both reviews within the following bibliographic databases: MEDLINE; Embase; and EMF Portal. We will also conduct searches of grey literature through relevant databases and organisational websites. RF-EMF experts will also be consulted. We will hand search citation and reference lists of included study records.
STUDY ELIGIBILITY CRITERIA: We will include quantitative human observational studies on the effect of RF-EMF exposure: (in SR3A) in adult male participants on infertility, sperm morphology, concentration or total sperm count or motility; and (in SR3B) in preconception adults or pregnant women on preterm birth, small for gestational age (associated with intrauterine growth restriction), miscarriage, stillbirth and congenital anomalies.
STUDY APPRAISAL AND SYNTHESIS METHODS: Titles, abstracts and then full texts will be screened in blinded duplicate against eligibility criteria with input from a third reviewer as required. Data extraction from included studies will be completed by two reviewers as will risk of bias assessment using the Office of Health Assessment and Translation (OHAT) tool. If appropriate we will undertake meta-analysis to pool effect measures and explore heterogeneity using sub-group analyses or meta-regression as feasible. We will conduct sensitivity analysis to assess the impact of any assumptions made throughout the review process. The OHAT methodology, based on the GRADE guidelines for evidence assessment, will be used to evaluate the certainty of evidence per outcome and to conclude the level of evidence of a health effect.
CONCLUSION: This manuscript details the protocols for two systematic reviews. The aims of publishing details of both protocols are to: pre-specify their scope and methods; reduce the impact of reviewer bias; promote transparency and replicability; and improve the review process.
PROSPERO REGISTRATION: CRD42021265401 (SR3A), CRD42021266268 (SR3B).",Ryan P W Kenny; Evelyn Barron Millar; Adenike Adesanya; Catherine Richmond; Fiona Beyer; Carolina Calderon; Judith Rankin; Mireille Toledano; Maria Feychting; Mark S Pearce; Dawn Craig; Fiona Pearson,2022,Environment international,"Journal Article; Research Support, Non-U.S. Gov't",eng,"Adult; Female; Fertility; Humans; Infant, Newborn; Male; Meta-Analysis as Topic; Observational Studies as Topic; Pregnancy; Premature Birth; Radio Waves / adverse effects; Systematic Reviews as Topic",Electromagnetic fields; Fertility; Non-ionizing radiation; Pregnancy outcomes; Radiofrequency exposure,,,
34726461,10.1037/neu0000773,https://pubmed.ncbi.nlm.nih.gov/34726461/,Metamemory and financial decision making in older adults without dementia.,"OBJECTIVE: Metamemory refers to self-awareness of one's memory function, and the extent to which metamemory deficit impacts financial decision making is unknown. This study tested the hypothesis that metamemory deficit is associated with poor financial decision making among older adults without dementia.
METHOD: Data came from 502 community-dwelling older adults participating in the Rush Memory and Aging Project. Metamemory deficit was determined empirically by contrasting subjective memory ratings with performance on objective memory tests. Larger discrepancy of self-rated memory scores from performance-based testing scores indicates greater deficit. Financial decision making was assessed using a performance-based measure. Multivariable regression analyses examined the association of metamemory deficit with financial decision making.
RESULTS: Participants had a mean age of 83 years and a mean education of 15 years. Approximately 75% were female. On average, participants answered two thirds of the financial decision making questions correctly. Female sex, older age, lower education, and lower financial literacy were correlated with poorer financial decision making. In an ordinal logistic regression model controlled for demographics and financial literacy, an 1SD increase in metamemory deficit reduced the odds of having better financial decision making by approximately 15%, OR: 0.844, 95% CI [0.719-0.991]. This association persisted after further controlling for family income, early life socioeconomic status, depressive symptoms and executive function.
CONCLUSIONS: Metamemory deficit in older adults is a potential indicator of impaired financial decision making. (PsycInfo Database Record (c) 2022 APA, all rights reserved).",Lei Yu; Gary Mottola; Robert S Wilson; Olivia Valdes; David A Bennett; Patricia A Boyle,2022,Neuropsychology,Journal Article,eng,"Aged; Aged, 80 and over; Aging; Decision Making; Dementia; Executive Function; Female; Humans; Metacognition",,,,
34014396,10.1007/s10072-021-05304-0,https://pubmed.ncbi.nlm.nih.gov/34014396/,Predicting financial deficits from a standard neuropsychological assessment: preliminary evidence in mild cognitive impairment.,"Patients with mild cognitive impairment (MCI) might experience difficulties in numerical and financial abilities of daily living that compromise their autonomy. The aim of the present work was to examine whether specific tests of the standard neuropsychological assessment could be used to predict these deficits in the clinical practice. Thirty-four MCI patients underwent a comprehensive clinical and neuropsychological examination including (1) a complete assessment of financial abilities and (2) a traditional neuropsychological assessment including measures of language, memory, executive functioning, reasoning, attention, and visuospatial abilities. The neuropsychological tests were used as predictors of the performance in everyday financial tasks using logistic regression analysis. Deficits in financial tasks including calculating percentages, using financial concepts and applying financial judgments were significantly predicted by tests of executive functions, language and short-term memory, while deficits in frequently encountered financial tasks activities such as item purchase and reading numbers could not be predicted by standard neuropsychological evaluations. Contingency tables on performance above/below clinical cut-offs evidenced some cases of financial deficits in the absence of cognitive deficits and, vice versa, some patients with cognitive decline did not show financial impairments. These results suggest that while some cognitive functions might be crucial for taking financial decisions, an ad hoc test of financial capacity is essential to make overall inferences about the everyday financial autonomy of MCI patients. This has potential implications for clinical and legal decisions that directly impact the individuals and their families.",Francesca Burgio; Silvia Benavides-Varela; Roberta Toffano; Katie Palmer; Francesca Meneghello; Giorgio Arcara; Carlo Semenza,2022,Neurological sciences : official journal of the Italian Neurological Society and of the Italian Society of Clinical Neurophysiology,Journal Article,eng,Activities of Daily Living; Cognition Disorders; Cognitive Dysfunction / diagnosis; Executive Function; Humans; Neuropsychological Tests,Financial abilities; IADL; Legal practice; MCI; Neuropsychological assessment,,,
35002883,10.3389/fpsyg.2021.789494,https://pubmed.ncbi.nlm.nih.gov/35002883/,A Comprehensive Approach to Assessment of Testamentary Capacity.,"The growing aging population raises important implications for legal and clinical systems, including testamentary capacity (TC) assessment. Yet, there are limited comprehensive and standardized assessment measures for TC readily available for clinical use. A review of current assessment methods and standardized approaches for TC assessment is provided. Although several guidelines regarding TC assessment have been proposed in prior literature, existing standardized approaches do not appear to meet full criteria for TC. A comprehensive approach to assessment of testamentary capacity is proposed.",Amanda Kenepp; Ellen Johnson; Grace J Lee; Preeti Sunderaraman; Natalie L Denburg; Christopher M Nguyen,2021,Frontiers in psychology,Systematic Review; Journal Article,eng,,aging; financial decision-making; neuropsychological assessment; testamentary capacity; undue influence,,,
34987422,10.3389/fpsyt.2021.685451,https://pubmed.ncbi.nlm.nih.gov/34987422/,Mild Cognitive Decline Is a Risk Factor for Scam Vulnerability in Older Adults.,"Research on elderly financial exploitation has mostly focused on financial abuse that occurs in families and other types of trusted relationships. As such, little is known about financial frauds and scams perpetrated by strangers. Financial fraud and scam prevention activities for older adults must be promoted, for which the correlation between the psychological, social, and cognitive characteristics of their vulnerability needs to be determined. The present study aimed to determine whether cognitive decline is a risk factor for scam vulnerability in older adults. Thus, we created a scam vulnerability scale for older adults with cognitive decline and analyzed the data to reveal the correlation between them, including inhibition and executive function. We conducted an interview survey with 50 older adults with cognitive decline (average age: 79.42 years, SD: 5.44) and 51 older adults without cognitive decline (average age: 76.12 years, SD: 5.82). The interview survey included the scam vulnerability scale, psychosocial questionnaires, and neuropsychological tests. The scale included six items with a four-point Likert scale based on a previous study. Hierarchical multiple regression analysis revealed that lower scores on the Japanese version of the Alzheimer's Disease Assessment Scale-Cognitive Subscale (ADAS-Jcog; indicating higher general cognitive function) correlated with higher scam vulnerability in the cognitive decline group (β = -0.46, p < 0.001). In addition, men were found to be more vulnerable in both groups (cognitive decline group: β = -0.29, p = 0.015, cognitive non-decline group; β = -0.32, p = 0.018). Inhibition and executive function were found not to correlate significantly with scam vulnerability. These results suggest that mild cognitive decline correlates with higher scam vulnerability, whereas moderate to severe cognitive decline correlates with lower vulnerability, possibly because it makes understanding the scam attempt itself difficult. Older adults with mild cognitive decline and their families, particularly those visiting elderly care or outpatient facilities, should be notified of the scam vulnerability of older clients using the ADAS-Jcog score as an index to help them avoid victimization.",Daisuke Ueno; Yasuhiro Daiku; Yoko Eguchi; Minako Iwata; Shoka Amano; Nobutaka Ayani; Kaeko Nakamura; Yuka Kato; Teruyuki Matsuoka; Jin Narumoto,2021,Frontiers in psychiatry,Journal Article,eng,,Japanese version of the Alzheimer's diseases assessment scale-cognitive subscale (ADAS-Jcog); fraud vulnerability; mild cognitive decline; older adult; scams vulnerability,,,
34975685,10.3389/fpsyg.2021.789883,https://pubmed.ncbi.nlm.nih.gov/34975685/,"Susceptibility to COVID-19 Scams: The Roles of Age, Individual Difference Measures, and Scam-Related Perceptions.","As the COVID-19 pandemic was unfolding, a surge in scams was registered across the globe. While COVID-19 poses higher health risks for older adults, it is unknown whether older adults are also facing higher financial risks as a result of COVID-19 scams. Here, we examined age differences in vulnerability to COVID-19 scams and individual difference measures (such as impulsivity, ad skepticism, and past experiences with fraud) that might help explain them. A lifespan sample (M = 48.03, SD = 18.56) of sixty-eight younger (18-40 years, M = 25.67, SD = 5.93), 79 middle-aged (41-64 years, M = 49.86, SD = 7.20), and 63 older adults (65-84 years, M = 69.87, SD = 4.50) recruited through Prolific completed questions and questionnaires online. In a within-subjects design, each participant responded to five COVID-19 solicitations, psychological measures, and demographic questions. Age group comparisons revealed that older adults were marginally less likely to perceive COVID-19 solicitations as genuine than middle-aged adults were. In addition, older adults perceived significantly fewer benefits than both younger and middle-aged adults did and perceived marginally higher risks than younger adults did. Hence, older adults did not exhibit greater vulnerability to COVID-19 scams. Regardless of age, intentions to respond to COVID-19 solicitations were positively predicted by higher levels of educational attainment, being married, past fraud victimization, and higher levels of positive urgency. As expected, stronger genuineness and benefit perceptions positively predicted action intentions, whereas stronger risk perceptions negatively predicted action intentions As such, COVID-19 scam susceptibility appears to be the result of a impulse control issue that is not easily inhibited, not even by past experiences of scam victimization.",Julia Nolte; Yaniv Hanoch; Stacey Wood; David Hengerer,2021,Frontiers in psychology,Journal Article,eng,,COVID-19; age; fraud; risk taking; scam,,,
34715151,10.1016/j.neubiorev.2021.10.030,https://pubmed.ncbi.nlm.nih.gov/34715151/,Economic decision-making in the continuum between healthy aging and Alzheimer's Disease: A systematic review of 20 years of research.,"The effect of pathological aging on economic decision-making is a topic of major relevance as impairments in this domain place older adults at increased risk for financial abuse. This review aims to characterize decision-making across the continuum that goes from healthy aging to Alzheimer's Dementia. We included 42 studies comparing patients with Mild Cognitive Impairment (MCI) and healthy older adults, patients with Alzheimer's Disease (AD) and healthy older adults, and patients with MCI and patients with AD. Substantial evidence emerged suggesting that both MCI as AD affect economic decision-making. However, a non-negligible number of behavioural tasks failed to find significant differences between patients and controls, and no differences were reported between patients with MCI and AD. On the contrary, measures of financial capacity reached more robust findings, showing that healthy older adults had better performance than patients, while MCI patients showed better performance than AD patients. This review presents the main conclusions that may be drawn from significant findings, as well as the hypotheses and recommendations for future research.",Carina Fernandes; Inês Macedo; Fernando Barbosa; João Marques-Teixeira,2021,Neuroscience and biobehavioral reviews,"Journal Article; Research Support, Non-U.S. Gov't; Systematic Review",eng,Aged; Aging / psychology; Alzheimer Disease / psychology; Cognitive Dysfunction / psychology; Healthy Aging; Humans,Aging; Alzheimer’s disease; Economic decision-making; Financial capacity; Mild cognitive impairment,,,
33910450,10.1080/19336896.2021.1917289,https://pubmed.ncbi.nlm.nih.gov/33910450/,Development of molecular tools for diagnosis of Alzheimer's disease that are based on detection of amyloidogenic proteins.,"Alzheimer's disease (AD) is the most common form of dementia that usually occurs among older people. AD results from neuronal degeneration that leads to the cognitive impairment and death. AD is incurable, typically develops over the course of many years and is accompanied by a loss of functional autonomy, making a patient completely dependent on family members and/or healthcare workers. Critical features of AD are pathological polymerization of Aβ peptide and microtubule-associated protein tau, accompanied by alterations of their conformations and resulting in accumulation of cross-β fibrils (amyloids) in human brains. AD apparently progresses asymptomatically for years or even decades before the appearance of symptoms. Therefore, development of the early AD diagnosis at a pre-symptomatic stage is essential for potential therapies. This review is focused on current and potential molecular tools (including non-invasive methods) that are based on detection of amyloidogenic proteins and can be applicable to early diagnosis of AD.Abbreviations: Aβ - amyloid-β peptide; AβO - amyloid-β oligomers; AD - Alzheimer's disease; ADRDA - Alzheimer's Disease and Related Disorders Association; APH1 - anterior pharynx defective 1; APP - amyloid precursor protein; BACE1 - β-site APP-cleaving enzyme 1; BBB - brain blood barrier; CJD - Creutzfeldt-Jakob disease; CRM - certified reference material; CSF - cerebrospinal fluid; ELISA - enzyme-linked immunosorbent assay; FGD - 18F-fluorodesoxyglucose (2-deoxy-2-[18F]fluoro-D-glucose); IP-MS - immunoprecipitation-mass spectrometry assay; MCI - mild cognitive impairment; MDS - multimer detection system; MRI - magnetic resonance imaging; NIA-AA - National Institute on Ageing and Alzheimer's Association; NINCDS - National Institute of Neurological and Communicative Disorders and Stroke; PEN2 - presenilin enhancer 2; PET - positron emission tomography; PiB - Pittsburgh Compound B; PiB-SUVR - PIB standardized uptake value ratio; PMCA - Protein Misfolding Cycling Amplification; PrP - Prion Protein; P-tau - hyperphosphorylated tau protein; RMP - reference measurement procedure; RT-QuIC - real-time quaking-induced conversion; SiMoA - single-molecule array; ThT - thioflavin T; TSEs - Transmissible Spongiform Encephslopathies; T-tau - total tau protein.",Konstantin Y Kulichikhin; Sergei A Fedotov; Maria S Rubel; Natalia M Zalutskaya; Anastasia E Zobnina; Oksana A Malikova; Nikolay G Neznanov; Yury O Chernoff; Aleksandr A Rubel,2021,Prion,"Journal Article; Research Support, Non-U.S. Gov't; Review",eng,Aged; Alzheimer Disease / diagnosis; Amyloid Precursor Protein Secretases; Amyloid beta-Peptides; Amyloidogenic Proteins; Aspartic Acid Endopeptidases; Biomarkers; Humans; Positron-Emission Tomography; tau Proteins,Alzheimer’s disease; Aβ oligomers; amyloid beta; blood; early diagnostics,,,
33676832,10.1016/j.jagp.2021.02.042,https://pubmed.ncbi.nlm.nih.gov/33676832/,Adverse Impacts of Declining Financial and Health Literacy in Old Age.,"OBJECTIVES: Inadequate financial and health literacy presents a formidable public health and economic challenge in old age. This study investigated declining financial and health literacy in relation to decision making performance, scam susceptibility and psychological wellbeing.
DESIGN: Longitudinal study.
SETTING: A community-based cohort in Northeastern Illinois, USA.
PARTICIPANTS: One thousand fourty-six older adults who were free of dementia at baseline and underwent annual clinical and literacy assessments.
MEASUREMENTS: Financial and health literacy, decision making, scam susceptibility, and psychological wellbeing were assessed using validated instruments. Linear mixed effects models estimated person-specific rates of change in financial and health literacy, and multivariable regression analyses examined the associations of declining literacy with subsequent levels of decision making, scam susceptibility, and psychological wellbeing.
RESULTS: The mean age was 81 years and 76% were female. Over up to 10 years of annual follow-ups, the average financial and health literacy score dropped 1 percentage point a year. Substantial variability in decline was observed between participants. Faster decline in financial and health literacy was associated with poorer decision making, higher scam susceptibility, and lower psychological wellbeing. Notably, these associations were above and beyond the baseline literacy level and persisted even after controlling for cognition.
CONCLUSIONS: Most community-dwelling older adults experience decline in financial and health literacy over time, but decline is not inevitable. Declining literacy is related to poorer decision making, greater scam susceptibility and lower wellbeing. These findings suggest that efforts to mitigate declining financial and health literacy may promote independence and wellbeing in old age.",Lei Yu; Gary Mottola; David A Bennett; Patricia A Boyle,2021,The American journal of geriatric psychiatry : official journal of the American Association for Geriatric Psychiatry,"Journal Article; Research Support, N.I.H., Extramural; Research Support, Non-U.S. Gov't",eng,"Aged; Aged, 80 and over; Cognition; Cohort Studies; Female; Health Literacy; Humans; Independent Living; Longitudinal Studies",Domain-specific literacy; decision making; psychological wellbeing; scam susceptibility,,,
33378418,10.1093/geronb/gbaa228,https://pubmed.ncbi.nlm.nih.gov/33378418/,Is This Phishing? Older Age Is Associated With Greater Difficulty Discriminating Between Safe and Malicious Emails.,"OBJECTIVES: As our social worlds become increasingly digitally connected, so too has concern about older adults falling victim to ""phishing"" emails, which attempt to deceive a person into identity theft and fraud. In the present study, we investigated whether older age is associated with differences in perceived suspiciousness of phishing emails.
METHODS: Sixty-five cognitively normal middle-aged to older adults rated a series of genuine and phishing emails on a scale from definitely safe to definitely suspicious.
RESULTS: Although older age was not related to a shift in overall perception of email safety, older age was related to worse discrimination between genuine and phishing emails, according to perceived suspiciousness.
DISCUSSION: These findings suggest that cognitively normal older adults may be at particular risk for online fraud because of an age-associated reduction in their sensitivity to the credibility of emails.",Matthew D Grilli; Katelyn S McVeigh; Ziad M Hakim; Aubrey A Wank; Sarah J Getz; Bonnie E Levin; Natalie C Ebner; Robert C Wilson,2021,"The journals of gerontology. Series B, Psychological sciences and social sciences","Journal Article; Research Support, N.I.H., Extramural; Research Support, Non-U.S. Gov't; Research Support, U.S. Gov't, Non-P.H.S.",eng,"Aged; Aged, 80 and over; Aging / physiology; Deception; Electronic Mail; Female; Humans; Judgment / physiology; Male; Middle Aged; Social Perception",Aging; Cybersecurity; Decision making; Online scams,,,
34671064,10.1038/s41597-021-01053-z,https://pubmed.ncbi.nlm.nih.gov/34671064/,Updating the Chieti Affective Action Videos database with older adults.,"Validation of the Chieti Affective Action Videos (CAAV) database was replicated with a sample of older adults (age range 65-93). When designing experimental studies of emotions, it is crucial to take into consideration the differences in emotional processing between young and older adults. Therefore, the main goal of the present study was to provide an appropriate dataset for the use of CAAV in aging research. For this reason, the CAAV administration and the data collection methodology was faithfully replicated in a sample of 302 older adults. All the 360 standardized stimuli were evaluated on the emotional dimensions of valence and arousal. The CAAV validation in an older adults' population increases the potential use of this innovative tool. The present validation supports the use of the CAAV database in future experimental studies on cognitive functions in healthy and pathological aging.",Pasquale La Malva; Irene Ceccato; Adolfo Di Crosta; Anna Marin; Mirco Fasolo; Riccardo Palumbo; Nicola Mammarella; Rocco Palumbo; Alberto Di Domenico,2021,Scientific data,Journal Article; Comment,eng,"Arousal; Cognition; Databases, Factual; Emotions",,,,
34628194,10.1016/j.parkreldis.2021.09.025,https://pubmed.ncbi.nlm.nih.gov/34628194/,A multiparametric MRI study of structural brain damage in dementia with lewy bodies: A comparison with Alzheimer's disease.,"INTRODUCTION: Differential diagnosis between dementia with Lewy bodies (DLB) and Alzheimer's disease (AD) is crucial for an adequate patients' management but might be challenging. We investigated with advanced MRI techniques gray (GM) and white matter (WM) damage in DLB patients compared to those with AD.
METHODS: 24 DLB patients, 26 age- and disease severity-matched AD patients, and 20 age and sex-matched controls performed clinical and neuropsychological assessment, and brain structural and diffusion-tensor MRI. We measured GM atrophy using voxel-based morphometry, WM hyperintensities (WMH) using a local thresholding segmentation technique, and normal-appearing WM (NAWM) damage using tract-based spatial statistic.
RESULTS: DLB and AD patients exhibited mild-to-moderate-stage dementia. Compared to controls, GM damage was diffuse in AD, while limited to bilateral thalamus and temporal regions in DLB. Compared to DLB, AD patients exhibited GM atrophy in bilateral fronto-temporal and occipital regions. DLB and AD patients showed higher WMH load than controls, with no differences among each other. WMH in DLB were diffuse with relative prevalence in posterior parietal-occipital regions. Compared to controls, both DLB and AD patients showed reduced microstructural integrity of the main supratentorial and infratentorial NAWM tracts. AD patients exhibited greater posterior NAWM damage than DLB.
CONCLUSIONS: DLB showed prominent WM degeneration compared to the limited GM atrophy, while in AD both tissue compartments were severely involved. In DLB, NAWM microstructural degeneration was independent of WMH, thus revealing two possible underlying processes. Different pathophysiological mechanisms are likely to drive GM and WM damage distribution in DLB and AD.",Francesca Caso; Federica Agosta; Pietro G Scamarcia; Silvia Basaia; Elisa Canu; Giuseppe Magnani; Maria Antonietta Volontè; Massimo Filippi,2021,Parkinsonism & related disorders,"Comparative Study; Journal Article; Research Support, Non-U.S. Gov't",eng,"Aged; Aged, 80 and over; Alzheimer Disease / diagnostic imaging, pathology; Atrophy; Brain / diagnostic imaging, pathology; Female; Gray Matter / diagnostic imaging, pathology; Humans; Lewy Body Disease / diagnostic imaging, pathology; Magnetic Resonance Imaging / methods; Male; Middle Aged; White Matter / diagnostic imaging, pathology",Dementia with Lewy bodies; Diffusion-tensor magnetic resonance imaging; Normal-appearing white matter; White-matter hyperintensities; α-synuclein,,,
33443873,10.1097/WAD.0000000000000427,https://pubmed.ncbi.nlm.nih.gov/33443873/,"Mild Alzheimer Disease, Financial Capacity, and the Role of Depression: Eyes Wide Shut?","The aim of this study was to assess whether comorbid depression in patients with mild Alzheimer disease (AD) can influence financial capacity. The sample comprised 109 participants divided into 4 groups: mild AD with and without depressive symptoms, and cognitive normal elderly with and without depression. Participants were examined using a number of neuropsychological tests, with an emphasis on the Mini-Mental State Examination, the 15-item Geriatric Depression Scale, and the Legal Capacity for Property Law Transactions Assessment Scale. Financial capacity ascertained as performance in the Legal Capacity for Property Law Transactions Assessment Scale in the group of mild AD patients was severely impaired when depression coexisted, thus clearly differentiating the mild AD group from mild AD with comorbid depression.",Vaitsa Giannouli; Magda Tsolaki,2021,Alzheimer disease and associated disorders,Journal Article,eng,Aged; Alzheimer Disease / diagnosis; Comorbidity; Depression; Humans; Mental Status and Dementia Tests; Neuropsychological Tests,,,,
33136558,10.1097/WAD.0000000000000417,https://pubmed.ncbi.nlm.nih.gov/33136558/,Unraveling Ariadne's Thread Into the Labyrinth of aMCI: Depression and Financial Capacity.,"BACKGROUND: People with amnestic mild cognitive impairment (aMCI) face many daily challenges as memory loss is their predominant cognitive impairment.
OBJECTIVES: This study examined whether financial capacity can be influenced by comorbid depression in patients with multiple-domain aMCI.
MATERIALS AND METHODS: The participants included 120 patients in 4 groups: multiple-domain aMCI with and without depressive symptoms, and nondemented elders with and without depression. Participants were examined with the Mini-Mental State Examination, the 15-item Geriatric Depression Scale, and the Legal Capacity for Property Law Transactions Assessment Scale.
RESULTS: The findings extend earlier work in other groups of older patients and indicate that the performance of patients with multiple-domain aMCI in cognitive functioning and financial capacity is severely impaired when depression coexists, resembling the performance of patients with mild Alzheimer disease.
CONCLUSIONS: The results support special care for individuals with depression as this condition severely influences financial capacity in aMCI.",Vaitsa Giannouli; Magda Tsolaki,2021,Alzheimer disease and associated disorders,Journal Article,eng,Aged; Amnesia; Cognitive Dysfunction; Depression; Humans; Mental Status and Dementia Tests; Neuropsychological Tests,,,,
33124959,10.1080/07317115.2020.1836108,https://pubmed.ncbi.nlm.nih.gov/33124959/,A Short Form of the Financial Exploitation Vulnerability Scale.,"OBJECTIVES: The purpose of the present study was to develop a short form of the Financial Exploitation Vulnerability Scale (FEVS) with good psychometric properties to detect contextual risk exploitation.
METHODS: The sample included community volunteers who were 60 years and older, as well as elders who were referred to the SAFE program after being the victim of a financial scam or identity theft. All participants completed the FEVS as part of a larger test battery. Factors analysis was used to explore the underlying structure of the FEVS and eliminate items. ROC analysis and logistic regression were used to evaluate the clinical utility of the Financial Exploitation Vulnerability Scale - Short Form (FEVS-SF) to detect exploitation.
RESULTS: The resulting FEVS-SF was unidimensional, contained nine items, and had comparable internal consistency to the full FEVS. Sensitivity and specificity were good at a cut score of five or greater. FEVS-SF was a better predictor of exploitation than demographic factors and several measures of cognitive functioning.
CONCLUSIONS: The FEVS-SF can detect the experience of financial exploitation among older adults better than other known risk factors, and equally as well as a measure of executive functioning.
CLINICAL IMPLICATIONS: This tool serves a need in many professional settings (e.g., doctor's offices and Adult Protective Services) for a brief, standardized assessment measure of financial exploitation risk. This measure also provides actionable information for professionals to follow up with the standard of care for their clients.",Rebecca J Campbell; Peter A Lichtenberg,2021,Clinical gerontologist,Journal Article,eng,Aged; Cognition; Elder Abuse; Executive Function; Humans; Psychometrics; Sensitivity and Specificity,Financial exploitation; elder abuse; psychological assessment; vulnerability,,,
33313639,10.1093/gerona/glaa312,https://pubmed.ncbi.nlm.nih.gov/33313639/,"Cognitive Processing Speed Is Strongly Related to Driving Skills, Financial Abilities, and Other Instrumental Activities of Daily Living in Persons With Mild Cognitive Impairment and Mild Dementia.","BACKGROUND: Cognitive processing speed is important for performing everyday activities in persons with mild cognitive impairment (MCI). However, its role in daily function has not been examined while simultaneously accounting for contributions of Alzheimer's disease (AD) risk biomarkers. We examine the relationships of processing speed and genetic and neuroimaging biomarkers to composites of daily function, mobility, and driving.
METHOD: We used baseline data from 103 participants on the MCI/mild dementia spectrum from the Applying Programs to Preserve Skills trial. Linear regression models examined relationships of processing speed, structural magnetic resonance imaging (MRI), and genetic risk alleles for AD to composites of performance-based instrumental activities of daily living (IADLs), community mobility, and on-road driving evaluations.
RESULTS: In multivariable models, processing speed and the brain MRI neurodegeneration biomarker Spatial Pattern of Abnormality for Recognition of Early Alzheimer's disease (SPARE-AD) were significantly associated with functional and mobility composite performance. Better processing speed and younger age were associated with on-road driving ratings. Genetic risk markers, left hippocampal atrophy, and white matter lesion volumes were not significant correlates of these abilities. Processing speed had a strong positive association with IADL function (p < .001), mobility (p < .001), and driving (p = .002).
CONCLUSIONS: Cognitive processing speed is strongly and consistently associated with critical daily functions in persons with MCI in models including genetic and neuroimaging biomarkers of AD risk. SPARE-AD scores also significantly correlate with IADL performance and mobility. Results highlight the central role of processing speed in everyday task performance among persons with MCI/mild dementia.",Virginia G Wadley; Tyler P Bull; Yue Zhang; Cheyanne Barba; R Nick Bryan; Michael Crowe; Lisa Desiderio; Georg Deutsch; Guray Erus; David S Geldmacher; Rodney Go; Caroline L Lassen-Greene; Olga A Mamaeva; Daniel C Marson; Marianne McLaughlin; Ilya M Nasrallah; Cynthia Owsley; Jesse Passler; Rodney T Perry; Giovanna Pilonieta; Kayla A Steward; Richard E Kennedy,2021,"The journals of gerontology. Series A, Biological sciences and medical sciences","Journal Article; Research Support, N.I.H., Extramural",eng,Activities of Daily Living; Alzheimer Disease / genetics; Biomarkers; Cognition; Cognitive Dysfunction; Dementia; Humans; Neuropsychological Tests,Driving; Financial capacity; MCI; Processing speed; SPARE-AD,,,
34492043,10.1371/journal.pone.0256649,https://pubmed.ncbi.nlm.nih.gov/34492043/,"The role of self-esteem, optimism, deliberative thinking and self-control in shaping the financial behavior and financial well-being of young adults.","The sustainable financial behavior and financial well-being have been a key concern among the developing societies; thereby encompassing the various psychological factors which play a role in influencing individual's positive financial behavior and financial well-being, this study is conducted. Research focusing on the psychological aspect of human financial behavior and well-being is scarce, focusing more on the cognitive side such as financial literacy and numeracy. The aim of this research study is to find the role played by the non-cognitive factors such as self-esteem, self-control, optimism and deliberative thinking, in forming the financial behavior and financial well-being of the young adults. A sample of 429 university students from public and private sector was collected via an online and field survey using purposive sampling technique. The survey contained measures for demographics, self-esteem, optimism, deliberative thinking, self-control, general financial behavior and financial well-being. SPSS and PLS-SEM tools were used for the exploration of the relationships among dependent and independent variables. The results of PLS path analysis demonstrate that among the non-cognitive factors, self-control and deliberative thinking show a significant association with both financial behavior, and financial security. Self-esteem plays no significant role in forming the financial behavior of the young adults when all the variables are taken together but it exhibits a significant association with financial well-being (financial security and financial anxiety). Optimism on the other hand exhibits no significant association with both financial behavior and financial well-being (financial security and financial anxiety). The results of this study complement the previous studies and also put forth new outcomes. This research is unique as it is the first of its kind conducted in a consumption-oriented economy like Pakistan. In addition to the previous studies which have often established the link of self-esteem with general well-being, this study goes further by analyzing the association between self-esteem and financial well-being and by the identification of the role played by non-cognitive factors like self-esteem, optimism, deliberative thinking and self-control together on the financial behavior and financial well-being of the individuals using PLS-SEM approach.",Fatima Hashmi; Hira Aftab; José Moleiro Martins; Mário Nuno Mata; Hamza Ahmad Qureshi; António Abreu; Pedro Neves Mata,2021,PloS one,Journal Article,eng,"Adult; Behavior / physiology; Creativity; Female; Financial Management / economics, trends; Humans; Male; Optimism / psychology; Pakistan / epidemiology; Self Concept; Self-Control / psychology; Students / psychology; Surveys and Questionnaires; Young Adult",,,,
34755045,10.3233/ADR-210033,https://pubmed.ncbi.nlm.nih.gov/34755045/,Financial Capacity and Illiteracy: Does Education Matter in Amnestic Mild Cognitive Impairment?,"Neuropsychological assessment in amnestic mild cognitive impairment (aMCI) becomes complicated when education-literacy is taken into consideration. This study sought to explore the potential influence of literacy/illiteracy and education on financial capacity in patients with multiple-domain aMCI. Six groups consisting of aMCI (illiterate-no formal education, literate with low education, and literate with high education) and non-demented controls were examined. Literacy has an effect on financial capacity, as the illiterate aMCI group alone had the lowest scores in a financial capacity test resembling the performance of patients with mild Alzheimer's disease. In controls there was a similar pattern, but all three healthy groups regardless of education scored above the cut-off score for incapacity.",Vaitsa Giannouli; Magda Tsolaki,2021,Journal of Alzheimer's disease reports,Journal Article,eng,,Amnestic mild cognitive impairment; financial capacity; literacy/illiteracy,,,
34292027,10.1037/neu0000759,https://pubmed.ncbi.nlm.nih.gov/34292027/,"Internet navigation skills for financial management: Associations with age, neurocognitive performance, and functional capacity.","Objective: Online banking is becoming increasingly common among middle-aged and older adults, who may experience difficulties effectively navigating this sometimes complicated technology. This study examined age effects on a performance-based internet banking task and its association with neurocognitive, functional, and numerical abilities. Method: Thirty-five older adults (age 51-75) and 50 younger adults (age 18-32) completed an experimenter-controlled online banking measure in which they independently performed a series of naturalistic financial tasks (e.g., account transfers, bill paying). Participants also completed standardized tests of cognition, numeracy, and functional capacity. Results: Older adults were markedly slower and less accurate in completing the internet-based banking task, which was not confounded by other demographic, mood, or computer use factors. Higher scores on measures of neurocognition, numeracy, and financial functional capacity were both strongly associated with higher internet-based banking among older, but not younger adults. Conclusions: Findings suggest that older adults experience difficultly quickly and accurately navigating online banking platforms, which may be partly related to age-related declines in neurocognitive functions and basic financial capacity. Future studies might examine whether neurocognitive approaches to remediation and compensation can be used to improve online banking capacity in older adults. (PsycInfo Database Record (c) 2021 APA, all rights reserved).",Samina Rahman; Victoria M Kordovski; Savanna M Tierney; Steven Paul Woods,2021,Neuropsychology,Journal Article,eng,Adolescent; Adult; Aged; Cognition; Humans; Internet; Middle Aged; Technology; Young Adult,,,,
34441653,10.3390/foods10081877,https://pubmed.ncbi.nlm.nih.gov/34441653/,Determinants of Fast-Food Consumption in Romania: An Application of the Theory of Planned Behavior.,"This study explores drivers of fast-food consumption in Romania using the Theory of Planned Behavior. We analyze 532 responses to an online survey and use partial least squares path modeling to estimate the relationships between the intention to consume fast food and its possible determinants. Our results show that the most significant predictor is the subjective norms (injunctive norms: β = 0.218, p < 0.001; descriptive norms: β = 0.192, p < 0.001). Among the affective and cognitive attitudes, only the latter is statistically significant in predicting the intention (β = 0.088, p = 0.020), while perceived behavioral control is not significantly associated with intention toward fast-food consumption. We explain how our results can help policymakers to design better interventions on public health concerns about fast-food consumption and population obesity, especially children obesity.",Abigaela Bîlbîie; Elena Druică; Remus Dumitrescu; Daniela Aducovschi; Robert Sakizlian; Monica Sakizlian,2021,"Foods (Basel, Switzerland)",Journal Article,eng,,behavioral determinants of fast-food consumption; fast-food consumption; theory of planned behavior; young adults and fast-food consumption,,,
34058557,10.1016/j.neubiorev.2021.05.021,https://pubmed.ncbi.nlm.nih.gov/34058557/,How well do people living with neurodegenerative diseases manage their finances? A meta-analysis and systematic review on the capacity to make financial decisions in people living with neurodegenerative diseases.,"Self and proxy reported questionnaires indicate that people living with a neurodegenerative disease (NDD) have more difficulties with financial decision-making (FDM) than healthy controls. Self-reports, however, rely on adequate insight into everyday functioning and might, therefore, be less reliable. The present study provides a comprehensive overview and meta-analysis of studies evaluating FDM in people living with an NDD. For this, the reliability of performance-based tests to consistently identify FDM difficulties in people living with an NDD compared to healthy controls is evaluated. Furthermore, the associations between FDM and disease severity, performances on standard measures of cognition and demographics are evaluated. All 47 included articles, consistently reported lower performances on performance-based FDM tests of people living with an NDD (including Alzheimer's disease, mild cognitive impairment, frontotemporal dementia, Parkinson's disease, multiple sclerosis or Huntington's disease) compared to healthy controls. The majority of studies, however, focused on Alzheimer's disease and mild cognitive impairment (k = 38). FDM performance appears to be related to cognitive decline, specifically in working memory, processing speed and numeracy.",Dorien F Bangma; Oliver Tucha; Lara Tucha; Peter P De Deyn; Janneke Koerts,2021,Neuroscience and biobehavioral reviews,Journal Article; Meta-Analysis; Systematic Review,eng,Alzheimer Disease; Cognition; Cognitive Dysfunction; Humans; Huntington Disease; Neurodegenerative Diseases; Reproducibility of Results,Alzheimer’s disease; Cognition; Finances; Financial capability; Financial capacity; Financial competence; Financial decision-making; Frontotemporal Dementia; Huntington’s disease; Mild cognitive impairment; Monetary; Money management; Multiple sclerosis; Neurodegenerative diseases; Parkinson’s disease,,,
34322065,10.3389/fpsyg.2021.685258,https://pubmed.ncbi.nlm.nih.gov/34322065/,Susceptibility to Scams in Older Black and White Adults.,"Previous reports on racial differences in scam susceptibility have yielded mixed findings, and few studies have examined reasons for any observed race differences. Older Black and White participants without dementia (N = 592) from the Minority Aging Research Study and the Rush Memory and Aging Project who completed a susceptibility to scam questionnaire and other measures were matched according to age, education, sex, and global cognition using Mahalanobis distance. In adjusted models, older Black adults were less susceptible to scams than older White adults (Beta = -0.2496, SE = 0.0649, p = 0.0001). Contextual factors did not mediate and affective factors did not moderate this association. Analyses of specific items revealed Black adults had greater knowledge of scam targeting of older adults and were less likely to pick up the phone for unidentified callers. Older Black adults are less susceptible to scams than demographically-matched older White adults, although the reasons remain unknown.",S Duke Han; Lisa L Barnes; Sue Leurgans; Lei Yu; Christopher C Stewart; Melissa Lamar; Crystal M Glover; David A Bennett; Patricia A Boyle,2021,Frontiers in psychology,Journal Article,eng,,affective; contextual; disparities; race; susceptibility to scams,,,
33709182,10.1007/s00702-021-02323-1,https://pubmed.ncbi.nlm.nih.gov/33709182/,Financial judgment determination in adults with ADHD.,"ADHD has a debilitating influence on everyday functioning, including the capability to make financial decisions. The capability to make financial decisions is a multidimensional construct that includes financial knowledge, financial judgment, financial performance and related contextual factors. So far, the majority of studies in adults with ADHD focused on financial performance, while the other aspects of financial capability were less explored. The current study aims to partly bridge this gap by examining the ability of financial judgment in adults with ADHD. Thirty-nine adults with ADHD and 83 adults without ADHD were included. All participants were assessed with the Financial Competence Assessment Inventory (FCAI) and Financial Decision-Making Interview (FDMI) which both assess the four abilities of financial judgment, i.e., understanding, appreciation, reasoning and communication. The results show that adults with ADHD, compared to adults without ADHD, obtained significantly lower scores on understanding (according to the FCAI and FDMI). Furthermore, adults with ADHD showed a significantly lower appreciation, reasoning and communication (according to the FCAI) than adults without ADHD. In conclusion, adults with ADHD have difficulties with financial judgment especially with the ability to understand information that is relevant for a financial situation or transaction. Furthermore, adults with ADHD were found to have problems with appreciating, reasoning and communicating about practical information that partly relates to their own financial situation (as assessed with the FCAI). A careful assessment of financial capability in adults with ADHD, therefore, appears warranted in clinical practice.",Janneke Koerts; Dorien F Bangma; Anselm B M Fuermaier; Christian Mette; Lara Tucha; Oliver Tucha,2021,"Journal of neural transmission (Vienna, Austria : 1996)",Journal Article,eng,Adult; Attention Deficit Disorder with Hyperactivity; Decision Making; Humans; Judgment,ADHD; Financial capability; Financial decision-making; Financial judgment,,,
33288458,10.1016/j.jadohealth.2020.10.007,https://pubmed.ncbi.nlm.nih.gov/33288458/,Applying Behavioral Economics to Improve Adolescent and Young Adult Health: A Developmentally-Sensitive Approach.,"Each day, adolescents and young adults (AYAs) choose to engage in behaviors that impact their current and future health. Behavioral economics represents an innovative lens through which to explore decision-making among AYAs. Behavioral economics outlines a diverse set of phenomena that influence decision-making and can be leveraged to develop interventions that may support behavior change. Up to this point, behavioral economic interventions have predominantly been studied in adults. This article provides an integrative review of how behavioral economic phenomena can be leveraged to motivate health-related behavior change among AYAs. We contextualize these phenomena in the physical and social environments unique to AYAs and the neurodevelopmental changes they undergo, highlighting opportunities to intervene in AYA-specific contexts. Our review of the literature suggests behavioral economic phenomena leveraging social choice are particularly promising for AYA health. Behavioral economic interventions that take advantage of AYA learning and development have the potential to positively impact youth health and well-being over the lifespan.",Charlene A Wong; Shabnam Hakimi; Taruni S Santanam; Farrah Madanay; Ilona Fridman; Carol Ford; Mitesh Patel; Peter A Ubel,2021,The Journal of adolescent health : official publication of the Society for Adolescent Medicine,"Journal Article; Research Support, N.I.H., Extramural; Review",eng,"Adolescent; Behavior Therapy; Economics, Behavioral; Health Behavior; Humans; Neoplasms; Young Adult",Adolescents; Behavior change; Behavioral economics; Neurocognitive development; Young adults,,,
34198487,10.3390/brainsci11060785,https://pubmed.ncbi.nlm.nih.gov/34198487/,Is Depression or Apathy Playing a Key Role in Predicting Financial Capacity in Parkinson's Disease with Dementia and Frontotemporal Dementia?,"(1) Background: Depression and apathy both affect cognitive abilities, such as thinking, concentration and making decisions in young and old individuals. Although apathy is claimed to be a ""core"" feature of Parkinson's disease (PD) and frontotemporal dementia (FTD), it may occur in the absence of depression and vice versa. Thus, the aim of this study is to explore whether depression or apathy better predict financial capacity performance in PD and FTD as well as in nondemented participants. (2) Methods: Eighty-eight participants divided into three groups (PD, FTD and non-demented participants) were examined with the Mini-Mental State Examination (MMSE) and the Legal Capacity for Property Law Transactions Assessment Scale (LCPLTAS)-Full and short form. The Geriatric Depression Scale informant version (GDS-15) and the Irritability-Apathy Scale (IAS) we completed by caregivers. (3) Results: The results indicated that both PD and FTD patients' general cognitive functioning and financial capacity performance is negatively influenced by apathy and not by depression. (4) Conclusions: Differences in financial capacity performance indicate that apathy should not be disregarded in clinical assessments. Further studies on larger PD and FTD populations are necessary in order to investigate the decisive role of mood factors on financial capacity impairment.",Vaitsa Giannouli; Magda Tsolaki,2021,Brain sciences,Journal Article,eng,,Parkinson disease; apathy; depression; financial capacity; frontotemporal dementia,,,
34099642,10.1038/s41467-021-22491-8,https://pubmed.ncbi.nlm.nih.gov/34099642/,Common variants in Alzheimer's disease and risk stratification by polygenic risk scores.,"Genetic discoveries of Alzheimer's disease are the drivers of our understanding, and together with polygenetic risk stratification can contribute towards planning of feasible and efficient preventive and curative clinical trials. We first perform a large genetic association study by merging all available case-control datasets and by-proxy study results (discovery n = 409,435 and validation size n = 58,190). Here, we add six variants associated with Alzheimer's disease risk (near APP, CHRNE, PRKD3/NDUFAF7, PLCG2 and two exonic variants in the SHARPIN gene). Assessment of the polygenic risk score and stratifying by APOE reveal a 4 to 5.5 years difference in median age at onset of Alzheimer's disease patients in APOE ɛ4 carriers. Because of this study, the underlying mechanisms of APP can be studied to refine the amyloid cascade and the polygenic risk score provides a tool to select individuals at high risk of Alzheimer's disease.","Itziar de Rojas; Sonia Moreno-Grau; Niccolo Tesi; Benjamin Grenier-Boley; Victor Andrade; Iris E Jansen; Nancy L Pedersen; Najada Stringa; Anna Zettergren; Isabel Hernández; Laura Montrreal; Carmen Antúnez; Anna Antonell; Rick M Tankard; Joshua C Bis; Rebecca Sims; Céline Bellenguez; Inés Quintela; Antonio González-Perez; Miguel Calero; Emilio Franco-Macías; Juan Macías; Rafael Blesa; Laura Cervera-Carles; Manuel Menéndez-González; Ana Frank-García; Jose Luís Royo; Fermin Moreno; Raquel Huerto Vilas; Miquel Baquero; Mónica Diez-Fairen; Carmen Lage; Sebastián García-Madrona; Pablo García-González; Emilio Alarcón-Martín; Sergi Valero; Oscar Sotolongo-Grau; Abbe Ullgren; Adam C Naj; Afina W Lemstra; Alba Benaque; Alba Pérez-Cordón; Alberto Benussi; Alberto Rábano; Alessandro Padovani; Alessio Squassina; Alexandre de Mendonça; Alfonso Arias Pastor; Almar A L Kok; Alun Meggy; Ana Belén Pastor; Ana Espinosa; Anaïs Corma-Gómez; Angel Martín Montes; Ángela Sanabria; Anita L DeStefano; Anja Schneider; Annakaisa Haapasalo; Anne Kinhult Ståhlbom; Anne Tybjærg-Hansen; Annette M Hartmann; Annika Spottke; Arturo Corbatón-Anchuelo; Arvid Rongve; Barbara Borroni; Beatrice Arosio; Benedetta Nacmias; Børge G Nordestgaard; Brian W Kunkle; Camille Charbonnier; Carla Abdelnour; Carlo Masullo; Carmen Martínez Rodríguez; Carmen Muñoz-Fernandez; Carole Dufouil; Caroline Graff; Catarina B Ferreira; Caterina Chillotti; Chandra A Reynolds; Chiara Fenoglio; Christine Van Broeckhoven; Christopher Clark; Claudia Pisanu; Claudia L Satizabal; Clive Holmes; Dolores Buiza-Rueda; Dag Aarsland; Dan Rujescu; Daniel Alcolea; Daniela Galimberti; David Wallon; Davide Seripa; Edna Grünblatt; Efthimios Dardiotis; Emrah Düzel; Elio Scarpini; Elisa Conti; Elisa Rubino; Ellen Gelpi; Eloy Rodriguez-Rodriguez; Emmanuelle Duron; Eric Boerwinkle; Evelyn Ferri; Fabrizio Tagliavini; Fahri Küçükali; Florence Pasquier; Florentino Sanchez-Garcia; Francesca Mangialasche; Frank Jessen; Gaël Nicolas; Geir Selbæk; Gemma Ortega; Geneviève Chêne; Georgios Hadjigeorgiou; Giacomina Rossi; Gianfranco Spalletta; Giorgio Giaccone; Giulia Grande; Giuliano Binetti; Goran Papenberg; Harald Hampel; Henri Bailly; Henrik Zetterberg; Hilkka Soininen; Ida K Karlsson; Ignacio Alvarez; Ildebrando Appollonio; Ina Giegling; Ingmar Skoog; Ingvild Saltvedt; Innocenzo Rainero; Irene Rosas Allende; Jakub Hort; Janine Diehl-Schmid; Jasper Van Dongen; Jean-Sebastien Vidal; Jenni Lehtisalo; Jens Wiltfang; Jesper Qvist Thomassen; Johannes Kornhuber; Jonathan L Haines; Jonathan Vogelgsang; Juan A Pineda; Juan Fortea; Julius Popp; Jürgen Deckert; Katharina Buerger; Kevin Morgan; Klaus Fließbach; Kristel Sleegers; Laura Molina-Porcel; Lena Kilander; Leonie Weinhold; Lindsay A Farrer; Li-San Wang; Luca Kleineidam; Lucia Farotti; Lucilla Parnetti; Lucio Tremolizzo; Lucrezia Hausner; Luisa Benussi; Lutz Froelich; M Arfan Ikram; M Candida Deniz-Naranjo; Magda Tsolaki; Maitée Rosende-Roca; Malin Löwenmark; Marc Hulsman; Marco Spallazzi; Margaret A Pericak-Vance; Margaret Esiri; María Bernal Sánchez-Arjona; Maria Carolina Dalmasso; María Teresa Martínez-Larrad; Marina Arcaro; Markus M Nöthen; Marta Fernández-Fuertes; Martin Dichgans; Martin Ingelsson; Martin J Herrmann; Martin Scherer; Martin Vyhnalek; Mary H Kosmidis; Mary Yannakoulia; Matthias Schmid; Michael Ewers; Michael T Heneka; Michael Wagner; Michela Scamosci; Miia Kivipelto; Mikko Hiltunen; Miren Zulaica; Montserrat Alegret; Myriam Fornage; Natalia Roberto; Natasja M van Schoor; Nazib M Seidu; Nerisa Banaj; Nicola J Armstrong; Nikolaos Scarmeas; Norbert Scherbaum; Oliver Goldhardt; Oliver Hanon; Oliver Peters; Olivia Anna Skrobot; Olivier Quenez; Ondrej Lerch; Paola Bossù; Paolo Caffarra; Paolo Dionigi Rossi; Paraskevi Sakka; Patrizia Mecocci; Per Hoffmann; Peter A Holmans; Peter Fischer; Peter Riederer; Qiong Yang; Rachel Marshall; Rajesh N Kalaria; Richard Mayeux; Rik Vandenberghe; Roberta Cecchetti; Roberta Ghidoni; Ruth Frikke-Schmidt; Sandro Sorbi; Sara Hägg; Sebastiaan Engelborghs; Seppo Helisalmi; Sigrid Botne Sando; Silke Kern; Silvana Archetti; Silvia Boschi; Silvia Fostinelli; Silvia Gil; Silvia Mendoza; Simon Mead; Simona Ciccone; Srdjan Djurovic; Stefanie Heilmann-Heimbach; Steffi Riedel-Heller; Teemu Kuulasmaa; Teodoro Del Ser; Thibaud Lebouvier; Thomas Polak; Tiia Ngandu; Timo Grimmer; Valentina Bessi; Valentina Escott-Price; Vilmantas Giedraitis; Vincent Deramecourt; Wolfgang Maier; Xueqiu Jian; Yolande A L Pijnenburg; EADB contributors; GR@ACE study group; DEGESCO consortium; IGAP (ADGC, CHARGE, EADI, GERAD); PGC-ALZ consortia; Patrick Gavin Kehoe; Guillermo Garcia-Ribas; Pascual Sánchez-Juan; Pau Pastor; Jordi Pérez-Tur; Gerard Piñol-Ripoll; Adolfo Lopez de Munain; Jose María García-Alberca; María J Bullido; Victoria Álvarez; Alberto Lleó; Luis M Real; Pablo Mir; Miguel Medina; Philip Scheltens; Henne Holstege; Marta Marquié; María Eugenia Sáez; Ángel Carracedo; Philippe Amouyel; Gerard D Schellenberg; Julie Williams; Sudha Seshadri; Cornelia M van Duijn; Karen A Mather; Raquel Sánchez-Valle; Manuel Serrano-Ríos; Adelina Orellana; Lluís Tárraga; Kaj Blennow; Martijn Huisman; Ole A Andreassen; Danielle Posthuma; Jordi Clarimón; Mercè Boada; Wiesje M van der Flier; Alfredo Ramirez; Jean-Charles Lambert; Sven J van der Lee; Agustín Ruiz",2021,Nature communications,"Journal Article; Research Support, N.I.H., Extramural; Research Support, Non-U.S. Gov't; Validation Study",eng,"Age of Onset; Aged; Aged, 80 and over; Alzheimer Disease / epidemiology, genetics, pathology; Amyloid beta-Protein Precursor / genetics, metabolism; Apolipoproteins E / genetics; Case-Control Studies; Cohort Studies; Datasets as Topic; Female; Follow-Up Studies; Genetic Predisposition to Disease; Genome-Wide Association Study; Heterozygote; Humans; Male; Middle Aged; Multifactorial Inheritance; Polymorphism, Single Nucleotide; Risk Assessment / methods; Risk Factors",,,,
33634746,10.1080/01634372.2021.1894522,https://pubmed.ncbi.nlm.nih.gov/33634746/,Impaired Financial Decision-Making as an Early Indicator of Cognitive Decline: A Commentary.,"Cognitive impairment and dementia are public health concerns with significant financial implications for both individual households and public insurance systems. Though research has refined diagnostic tools for cognitive impairment and dementia diseases, little attention has focused on how cognitive decline may impact financial security. Research indicates that financial decision-making may be one of the first cognitive abilities impacted by cognitive decline, putting individuals at risk of financial fraud and exploitation. However, financial decision-making is not directly assessed in cognitive screenings. Identification of prodromal decline in financial decision-making may help individuals to preserve their financial security and reduce the likelihood of relying on public benefits. This commentary outlines the need for social workers and researchers to better understand the relationship between cognitive health, financial decision-making, and financial security in later life to formulate culturally responsive strategies that can uphold and benefit financial statuses, especially for minoritized communities.",Ashley Taeckens-Seabaugh; Jessica King McLaughlin; Jennifer C Greenfield; Kaipeng Wang; Eric S Chess,2021,Journal of gerontological social work,"Journal Article; Research Support, Non-U.S. Gov't",eng,Cognitive Dysfunction / diagnosis; Decision Making; Family Characteristics; Humans,Dementia; financial issues; health disparities; race and racial disparities,,,
33078362,10.3758/s13428-020-01495-0,https://pubmed.ncbi.nlm.nih.gov/33078362/,The Phishing Email Suspicion Test (PEST) a lab-based task for evaluating the cognitive mechanisms of phishing detection.,"Phishing emails constitute a major problem, linked to fraud and exploitation as well as subsequent negative health outcomes including depression and suicide. Because of their sheer volume, and because phishing emails are designed to deceive, purely technological solutions can only go so far, leaving human judgment as the last line of defense. However, because it is difficult to phish people in the lab, little is known about the cognitive and neural mechanisms underlying phishing susceptibility. There is therefore a critical need to develop an ecologically valid lab-based measure of phishing susceptibility that will allow evaluation of the cognitive mechanisms involved in phishing detection. Here we present such a measure based on a task, the Phishing Email Suspicion Test (PEST), and a cognitive model to quantify behavior. In PEST, participants rate a series of phishing and non-phishing emails according to their level of suspicion. By comparing suspicion scores for each email to its real-world efficacy, we find initial support for the ecological validity of PEST - phishing emails that were more effective in the real world were more effective at deceiving people in the lab. In the proposed computational model, we quantify behavior in terms of participants' overall level of suspicion of emails, their ability to distinguish phishing from non-phishing emails, and the extent to which emails from the recent past bias their current decision. Together, our task and model provide a framework for studying the cognitive neuroscience of phishing detection.",Ziad M Hakim; Natalie C Ebner; Daniela S Oliveira; Sarah J Getz; Bonnie E Levin; Tian Lin; Kaitlin Lloyd; Vicky T Lai; Matthew D Grilli; Robert C Wilson,2021,Behavior research methods,"Journal Article; Research Support, N.I.H., Extramural; Research Support, Non-U.S. Gov't; Research Support, U.S. Gov't, Non-P.H.S.",eng,Affect; Cognition; Computer Security; Electronic Mail; Humans; Judgment,Cybersecurity; Decision making; Phishing; Sequential effects,,,
33423064,10.1093/geronb/gbab010,https://pubmed.ncbi.nlm.nih.gov/33423064/,"Perceived Types, Causes, and Consequences of Financial Exploitation: Narratives From Older Adults.","OBJECTIVES: The goal of this study was to investigate the perception of financial exploitation and its causes and consequences by older adults who have firsthand experience of being exploited.
METHOD: Thirty-one cognitively healthy older adult participants aged 50 or older were drawn from the Finance, Cognition, and Health in Elders Study. In-depth, one-on-one interviews were conducted. Interview transcripts were analyzed using an iterative, data-driven, thematic coding scheme and emergent themes were summarized.
RESULTS: Categories of financial exploitation included (a) investment fraud, (b) wage theft/money owed, (c) consumer fraud, (d) imposter schemes, and (e) manipulation by a trusted person. Themes emerged around perceived causes: (a) element of trust, (b) promise of financial security, (c) lack of experience or awareness, (d) decision-making, and (e) interpersonal dynamics. Perceived consequences included negative and positive impacts around (a) finances, (b) financial/consumer behaviors (c) relationships and trust, (d) emotional impact, and (e) future outlook.
DISCUSSION: These narratives provide important insights into perceived financial exploitation experiences.",Annie L Nguyen; Laura Mosqueda; Nikki Windisch; Gali Weissberger; Jenna Axelrod; S Duke Han,2021,"The journals of gerontology. Series B, Psychological sciences and social sciences","Journal Article; Research Support, N.I.H., Extramural; Research Support, Non-U.S. Gov't",eng,"Aged; Aged, 80 and over; Crime Victims / economics, legislation & jurisprudence, statistics & numerical data; Elder Abuse / economics, legislation & jurisprudence, statistics & numerical data; Fraud / legislation & jurisprudence, statistics & numerical data; Humans; Male; Risk Factors; Socioeconomic Factors; Theft / economics, legislation & jurisprudence, statistics & numerical data; United States",Elder abuse; Financial fraud; Interviews,,,
33800246,10.3390/ijerph18052717,https://pubmed.ncbi.nlm.nih.gov/33800246/,The Economic Burden of Dementia: Evidence from a Survey of Households of People with Dementia and Their Caregivers.,"Although a cognitive impairment such as dementia causes serious economic problems among older people, its impact on economic activities is unclear. This study investigated the actual conditions of economic activities and the current status of the financial support systems among people with dementia and caregivers. One hundred and five dyads participated in the survey. Each dyad consisted of an older person with Alzheimer's disease and their caregiver. The Mini-Mental State Examination (MMSE) and Functional Assessment Staging (FAST) were used to evaluate the cognitive functions of people with dementia. The caregivers were asked questions concerning the financial status of the household and their utilization of the financial support systems available to people with dementia. Average monthly care costs significantly increased according to the severity of dementia, while household income and spending incurred no significant changes. People with dementia experienced financial problems (including a large amount of erroneously purchased, unnecessary shopping), even though their assets were informally managed by their caregivers. Financial support systems such as adult guardianship and civil trust systems were rarely known and used. We proposed the propagation of the adult guardianship and civil trust systems and the development of contract guidelines for elderly customers including people with dementia.",Hikaru Oba; Yoshihiko Kadoya; Haruka Okamoto; Teruyuki Matsuoka; Yoshinari Abe; Keisuke Shibata; Jin Narumoto,2021,International journal of environmental research and public health,"Journal Article; Research Support, Non-U.S. Gov't",eng,"Adult; Aged; Aged, 80 and over; Caregivers; Cognitive Dysfunction; Cost of Illness; Dementia; Humans; Surveys and Questionnaires",adult guardianship; civil trust system; family caregiver; financial capacity; financial management,,,
33249977,10.1177/0898264320976772,https://pubmed.ncbi.nlm.nih.gov/33249977/,Association Between Different Forms of Elder Mistreatment and Cognitive Change.,"Objectives: Elder mistreatment (EM) is associated with worse physical health and psychological well-being, but little is known regarding its cognitive consequences. Methods: Data were derived from the T1-T2 PINE (n = 2713). EM was measured by psychological, physical, and sexual mistreatment; financial exploitation; and caregiver neglect. Cognitive function was evaluated by global cognition, episodic memory, working memory, processing speed, and Mini-Mental State Examination. Linear regression was used. Results: At baseline, physical mistreatment and caregiver neglect were associated with lower global cognition and cognitive domains, while psychological mistreatment was associated with higher cognitive function. Older adults with incident psychological mistreatment, physical mistreatment, and caregiver neglect had a faster decrease in global cognition and cognitive domains over 2 years. Discussion: This study is among the first to examine the association between different forms of EM and cognitive change. These findings provide a basis for engaging ethnic minorities with EM to maintain cognitive health.",Mengting Li; XinQi Dong,2021,Journal of aging and health,"Journal Article; Research Support, N.I.H., Extramural; Research Support, Non-U.S. Gov't",eng,Aged; Caregivers; Cognition; Elder Abuse; Humans,Chinese; cognitive function; elder mistreatment; longitudinal study,,,
32363431,10.1007/s40520-020-01572-6,https://pubmed.ncbi.nlm.nih.gov/32363431/,Serum alkaline phosphatase is elevated and inversely correlated with cognitive functions in subjective cognitive decline: results from the ReGAl 2.0 project.,"BACKGROUND: Alkaline phosphatase has been found on neuronal membranes and plasma alkaline phosphatase (ALP) activity increases during brain injury and cerebrovascular diseases, suggesting that its levels may reflect the neuronal loss. It is known that ALP is higher in subjects affected by Alzheimer's dementia and inversely correlated with cognitive functions. No study has investigated the relationship between ALP and cognitive functions in old-age subject with pre-clinical cognitive impairment.
METHODS: This is a cross-sectional study with data gathered from the ReGAl 2.0 project (Rete Geriatrica Alzheimer-Geriatric Network on Alzheimer's disease), a large Italian multicentric clinical-based study. A cohort of 209 old-age subjects healthy controls (HC), Subjective cognitive decline (SCD), and Mild Cognitive Impairment (MCI) was included in the study. Cognitive performances were assessed with a large neuropsychological battery. The same day, serum alkaline phosphatase activity was measured in all subjects.
RESULTS: We found that the SCD group had significantly higher ALP levels as compared with HC (p = 0.001). Among all neuropsychological tests, in all population ALP levels negatively correlated with scores at attentional matrices (r = - 0.243, p = 0.002), Digit Span Forward (r = - 0.241, p = 0.003) and Letter Fluency Test (r = - 0.196, p = 0.044). Attentional Matrices (r = - 0.208, p = 0.014) and Letter Fluency Test (r = - 0.229, p = 0.019) remained significantly correlated with ALP even after controlling for gender. In the SCD group, only the Attentional Matrices significantly and negatively correlated with ALP (r = - 0.344 p = 0.035), while no significant correlations were found in HC or MCI.
CONCLUSIONS: Results indicate that serum alkaline phosphatase activity is increased in SCD and inversely correlates with cognitive functions. Further studies are needed to investigate the role of ALP in the progression to AD.",Virginia Boccardi; Valentina Bubba; Ilenia Murasecco; Martina Pigliautile; Roberto Monastero; Roberta Cecchetti; Michela Scamosci; Patrizia Bastiani; Patrizia Mecocci; ReGAL 2.0 study group,2021,Aging clinical and experimental research,Journal Article,eng,Aged; Alkaline Phosphatase; Alzheimer Disease; Cognition; Cognitive Dysfunction; Cross-Sectional Studies; Humans; Italy; Neuropsychological Tests,Aging; Biochemistry; Cognition; Dementia; Geriatric medicine,,,
32646635,10.1016/j.jagp.2020.06.010,https://pubmed.ncbi.nlm.nih.gov/32646635/,"The Association of Late Life Cognitive Activity with Healthcare and Financial Decision-Making in Community-Dwelling, Nondemented Older Adults.","OBJECTIVE: The purpose of this study was to test the hypothesis that late life cognitive activity is associated with decision-making in older adults and to examine whether this association varies by level of cognitive function.
DESIGN: This study employed a cross-sectional design.
SETTING: All data were collected in participants' community-based residences.
PARTICIPANTS: Participants were 1,084 older adults (mean age = 81.05 years, standard deviation = 7.53) without dementia (median Mini-Mental State Examination score = 29, interquartile range = 27.86-30.00).
MEASUREMENTS: Participants completed assessments of late life cognitive activity, cognitive function, and decision-making. We used linear regression models to examine the associations of late life cognitive activity and cognitive function with decision-making.
RESULTS: In a regression model adjusted for age, gender, and education, more frequent late life cognitive activity was associated with better decision-making, as was higher cognitive function. Furthermore, in an additional model that included the interaction of late life cognitive activity and cognitive function, the interaction was significant, such that late life cognitive activity was most strongly associated with decision-making among participants with lower levels of cognitive function.
CONCLUSION: Frequent engagement in late life cognitive activity may help maintain decision-making among older persons, particularly among those with lower levels of cognitive function.",Crystal M Glover; Lei Yu; Christopher C Stewart; Robert S Wilson; David A Bennett; Patricia A Boyle,2021,The American journal of geriatric psychiatry : official journal of the American Association for Geriatric Psychiatry,"Journal Article; Research Support, N.I.H., Extramural",eng,"Aged; Aged, 80 and over; Aging / psychology; Cognition; Cross-Sectional Studies; Decision Making; Delivery of Health Care; Female; Financial Management; Humans; Independent Living; Male",Older adults; cognitive aging; decision-making; late life cognitive activity,,,
29295000,10.1177/0886260517742150,https://pubmed.ncbi.nlm.nih.gov/29295000/,Abuse of Older Persons With Cognitive and Physical Impairments: Comparing Percentages Across Informants and Operational Definitions.,"This study compared percentages of elder abuse reported by older adults and their family caregivers, using reports from attending medical professionals to triangulate the reports. Percentages were also compared using different criteria proposed in the literature. In total, 1,002 older Chinese aged 55 years or above and their primary family caregivers were recruited from three leading public hospitals in Guangdong, People's Republic of China. Caregivers and care recipients were separately interviewed and provided information on their demographic characteristics and past year percentages of abuse. A clinical team including a chief physician, two attending physicians, three resident physicians, and two senior nurses provided observer measures through reviewing the medical records and their daily observations. Regardless of the informants and operational definitions used, caregiver neglect was the most commonly reported (35.4% to 65.0%), followed by psychological abuse (11.1% to 51.1%), financial exploitation (17.9% to 40.8%), and physical abuse (0.8% to 2.2%). This study found huge variations in percentages of elder abuse by different informants and operational definitions. Depending on the types of abuse concerned, different informants should be consulted to yield more reliable estimates.",Boye Fang; Elsie Yan,2021,Journal of interpersonal violence,Journal Article,eng,"Aged; Aged, 80 and over; Caregivers; China; Cognition; Elder Abuse; Humans; Physical Abuse; Risk Factors",disclosure of domestic violence; domestic violence; elder abuse,,,
33681721,10.3233/ADR-200254,https://pubmed.ncbi.nlm.nih.gov/33681721/,APOE ɛ4 Allele and Financial Capacity Performance in Mild Alzheimer's Disease: A Pilot Study.,"This study aims to explore a little investigated topic, i.e., whether the presence of the APOE eɛ4 allele in patients with a diagnosis of mild Alzheimer's disease (AD) can influence financial capacity. Twenty-eight elders with mild AD carrying the APOE ɛ4 allele and 28 matched non-carrier patients were examined with an extensive battery of neuropsychological tests, and a specific test measuring financial capacity: Legal Capacity for Property Law Transactions Assessment Scale (LCPLTAS). The presence of the APOE ɛ4 allele does not differentiate the group of mild AD patients regarding a number of cognitive domains necessary for financial capacity scores as measured by LCPLTAS.",Vaitsa Giannouli; Magda Tsolaki,2021,Journal of Alzheimer's disease reports,Journal Article,eng,,APOEɛ4; financial capacity; mild Alzheimer’s disease,,,
34366345,10.3233/JAD-210356,https://pubmed.ncbi.nlm.nih.gov/34366345/,Association of Amyloid-β Pathology with Decision Making and Scam Susceptibility.,"BACKGROUND: Recent findings suggest that poor decision making and increased scam susceptibility are harbingers of Alzheimer's disease (AD) dementia and may be among the earliest behavioral manifestations of pathologic cognitive aging. However, the degree to which poor decision making and scam susceptibility reflect accumulating Alzheimer's disease (AD) pathology remains unclear.
OBJECTIVE: To investigate the associations of AD pathology with decision making and scam susceptibility in older adults without dementia.
METHODS: Data came from 198 deceased participants without clinical dementia (mean age at death = 90 years; 69%women) from two ongoing studies of aging. All underwent annual clinical evaluations, completed assessments of healthcare and financial decision making and scam susceptibility, and brain donation. Neuropathologic evaluations quantified pathologic hallmarks of AD, amyloid-β and tau-tangles, Lewy body pathology, and TDP-43 proteinopathy.
RESULTS: In linear regression models adjusted for demographics, amyloid-β pathology was associated with lower decision making (estimate = -0.35; SE = 0.16, p = 0.03), particularly healthcare decision making (estimate = -0.20; SE = 0.09, p = 0.03), as well as greater scam susceptibility (estimate = 0.12; SE = 0.04, p = 0.003); tau-tangle pathology was not related. Further, TDP-43 pathology was associated with greater scam susceptibility (estimate = 0.10; SE = 0.04; p = 0.02).
CONCLUSION: Accumulating AD pathology, particularly amyloid-β, is associated with poor decision making and increased scam susceptibility among older persons without overt cognitive impairment. These findings provide compelling evidence that decision making and scam susceptibility are sensitive to the earliest pathological changes of AD.",Alifiya Kapasi; Lei Yu; Christopher Stewart; Julie A Schneider; David A Bennett; Patricia A Boyle,2021,Journal of Alzheimer's disease : JAD,"Journal Article; Research Support, N.I.H., Extramural",eng,"Aged; Aged, 80 and over; Aging / pathology; Amyloid beta-Peptides; Autopsy; Brain / pathology; Cognitive Aging / physiology; Cohort Studies; Decision Making; Female; Healthy Volunteers; Humans; Lewy Bodies / pathology; Male; TDP-43 Proteinopathies / pathology",Aging; Alzheimer’s disease pathology; amyloid-beta; decision making; scam,,,
33998539,10.3233/JAD-201578,https://pubmed.ncbi.nlm.nih.gov/33998539/,Neuroimaging in the Oldest-Old: A Review of the Literature.,"The oldest-old, those 85 years and older, are the fastest growing segment of the population and present with the highest prevalence of dementia. Given the importance of neuroimaging measures to understand aging and dementia, the objective of this study was to review neuroimaging studies performed in oldest-old participants. We used PubMed, Google Scholar, and Web of Science search engines to identify in vivo CT, MRI, and PET neuroimaging studies either performed in the oldest-old or that addressed the oldest-old as a distinct group in analyses. We identified 60 studies and summarized the main group characteristics and findings. Generally, oldest-old participants presented with greater atrophy compared to younger old participants, with most studies reporting a relatively stable constant decline in brain volumes over time. Oldest-old participants with greater global atrophy and atrophy in key brain structures such as the medial temporal lobe were more likely to have dementia or cognitive impairment. The oldest-old presented with a high burden of white matter lesions, which were associated with various lifestyle factors and some cognitive measures. Amyloid burden as assessed by PET, while high in the oldest-old compared to younger age groups, was still predictive of transition from normal to impaired cognition, especially when other adverse neuroimaging measures (atrophy and white matter lesions) were also present. While this review highlights past neuroimaging research in the oldest-old, it also highlights the dearth of studies in this important population. It is imperative to perform more neuroimaging studies in the oldest-old to better understand aging and dementia.",Davis C Woodworth; Kiana A Scambray; María M Corrada; Claudia H Kawas; S Ahmad Sajjadi,2021,Journal of Alzheimer's disease : JAD,Journal Article; Review,eng,"Aged, 80 and over; Alzheimer Disease / diagnostic imaging; Atrophy / pathology; Brain / pathology; Cognitive Dysfunction / diagnostic imaging; Humans; Magnetic Resonance Imaging; Neuroimaging; Plaque, Amyloid / metabolism; Positron-Emission Tomography; Tomography, X-Ray Computed; White Matter / pathology",Aged 80 and over; Alzheimer’s disease; aging; cognitive aging; magnetic resonance imaging; memory disorders; neuroimaging; neuropathology; positron emission tomography; tomography; x-ray computed,,,
33882498,10.1159/000515326,https://pubmed.ncbi.nlm.nih.gov/33882498/,Correlates of Susceptibility to Scams in Community-Dwelling Older Black Adults.,"INTRODUCTION: Evidence suggests that older Black adults are frequent victims of financial fraud and exploitation. This study aims to identify the factors associated with scam susceptibility in older Black adults.
METHODS: Participants were 383 older Black adults living in the Chicago metropolitan area (mean age = 78 years and 82% female). A scam susceptibility measure assessed perceptions and behaviors that predispose older adults to fraud and scams. Categories of age-associated factors, including cognition, physical health, psychosocial factors, personality, and behavioral economics, were measured using uniform systematic assessments. For each category separately, measures associated with scam susceptibility were identified via stepwise variable selection.
RESULTS: Older age was associated with greater scam susceptibility. Further, the analysis revealed a robust association of cognitive health with scam susceptibility, particularly the domains of semantic and working memory. Psychological well-being was associated with susceptibility, as was neuroticism. Behavioral economic measures including financial and health literacy and financial and health decision-making ability were also implicated. In a final model that included all the measures initially retained by variable selection, semantic memory, psychological well-being, and financial and health literacy were independently associated with scam susceptibility. Moreover, the association of age was attenuated and no longer significant after adjusting for these correlates.
DISCUSSION: Age-associated vulnerabilities, rather than age itself, predispose older Black adults to financial fraud and scams. The correlates of scam susceptibility in community-living older Black adults primarily involve cognitive health, psychological, and behavioral economic factors.",Lei Yu; Gary Mottola; Lisa L Barnes; S Duke Han; Robert S Wilson; David A Bennett; Patricia A Boyle,2021,Gerontology,"Journal Article; Research Support, N.I.H., Extramural; Research Support, Non-U.S. Gov't",eng,Age Factors; Aged; Cognition; Female; Fraud; Health Literacy; Humans; Independent Living; Male,Cognitive health; Financial and health literacy; Neuroticism; Psychological well-being; Scam susceptibility,,,
33386806,10.3233/JAD-201122,https://pubmed.ncbi.nlm.nih.gov/33386806/,"Financial Capacity and Regional Cerebral Tau in Cognitively Normal Older Adults, Mild Cognitive Impairment, and Alzheimer's Disease Dementia.","BACKGROUND: Financial capacity is often one of the first instrumental activities of daily living to be affected in cognitively normal (CN) older adults who later progress to amnestic mild cognitive impairment (MCI) and Alzheimer's disease (AD) dementia.
OBJECTIVE: The objective of this study was to investigate the association between financial capacity and regional cerebral tau.
METHODS: Cross-sectional financial capacity was assessed using the Financial Capacity Instrument -Short Form (FCI-SF) in 410 CN, 199 MCI, and 61 AD dementia participants who underwent flortaucipir tau positron emission tomography from the Alzheimer's Disease Neuroimaging Initiative (ADNI). Linear regression models with backward elimination were used with FCI-SF total score as the dependent variable and regional tau and tau-amyloid interaction as predictors of interest in separate analyses. Education, age, sex, Rey Auditory Verbal Learning Test Total Learning, and Trail Making Test B were used as covariates.
RESULTS: Significant associations were found between FCI-SF and tau regions (entorhinal: p < 0.001; inferior temporal: p < 0.001; dorsolateral prefrontal: p = 0.01; posterior cingulate: p = 0.03; precuneus: p < 0.001; and supramarginal gyrus: p = 0.005) across all participants. For the tau-amyloid interaction, significant associations were found in four regions (amyloid and dorsolateral prefrontal tau interaction: p = 0.005; amyloid and posterior cingulate tau interaction: p = 0.005; amyloid and precuneus tau interaction: p < 0.001; and amyloid and supramarginal tau interaction: p = 0.002).
CONCLUSION: Greater regional tau burden was modestly associated with financial capacity impairment in early-stage AD. Extending this work with longitudinal analyses will further illustrate the utility of such assessments in detecting clinically meaningful decline, which may aid clinical trials of early-stage AD.",Christopher Gonzalez; Nicole S Tommasi; Danielle Briggs; Michael J Properzi; Rebecca E Amariglio; Gad A Marshall; Alzheimer’s Disease Neuroimaging Initiative,2021,Journal of Alzheimer's disease : JAD,"Journal Article; Research Support, N.I.H., Extramural; Research Support, U.S. Gov't, Non-P.H.S.",eng,"Activities of Daily Living / psychology; Aged; Aged, 80 and over; Alzheimer Disease / diagnosis, pathology, psychology; Brain / diagnostic imaging, pathology; Case-Control Studies; Cognitive Dysfunction / diagnosis, pathology, psychology; Cross-Sectional Studies; Female; Financial Management; Humans; Linear Models; Male; Mental Competency / psychology; Middle Aged; Positron-Emission Tomography; Severity of Illness Index; tau Proteins / metabolism",Alzheimer’s disease; amyloid; financial capacity; instrumental activities of daily living; mild cognitive impairment; positron emission tomography; tau,,,
32366802,10.1097/WAD.0000000000000374,https://pubmed.ncbi.nlm.nih.gov/32366802/,"Vascular Dementia, Depression, and Financial Capacity Assessment.","We still know little about financial capacity, which consists of multiple cognitive domains as well as specific skills, and the influence of depression in patients with vascular dementia (VaD). Participants were divided into 4 groups: (1) VaD with and (2) without depressive symptoms, (3) nondemented elders with and (4) without depression. The participants were examined with the Mini-Mental State Examination (MMSE), the Geriatric Depression Scale (GDS-15), and the Legal Capacity for Property Law Transactions Assessment Scale (LCPLTAS). The findings extend earlier work in other groups of older patients and indicate that VaD patients' performance in cognitive functioning and financial capacity is severely impaired, while there is a statistically significant difference between depressed and nondepressed VaD patients. Thus, depression negatively influences financial capacity. Depression and mood disorders should be considered in future capacity research with older adults and with larger VaD populations.",Vaitsa Giannouli; Magda Tsolaki,2021,Alzheimer disease and associated disorders,Journal Article,eng,"Aged; Dementia, Vascular / complications; Depression / psychology; Female; Financing, Personal; Humans; Male; Mental Competency / psychology; Mental Status and Dementia Tests / statistics & numerical data; Neuropsychological Tests",,,,
30895898,10.1080/08959420.2019.1589896,https://pubmed.ncbi.nlm.nih.gov/30895898/,Consumer Fraud: Older People's Perceptions and Experiences.,"In view of the growing need to address the rights of older people as consumers, this study captures the perceptions and meanings that older people attribute to their experiences as older consumers, particularly regarding consumer fraud, using qualitative-phenomenological methodology based on semi-structured, open-ended interviews with 16 older consumers in Israel. The findings raise distinctive aspects of their experiences, including physical and cognitive characteristics of aging, social response to aging, and involvement of family members in decision making and support. The study concludes by offering several sociolegal policy recommendations for protecting older consumers, directed to them, their family members, professionals interacting with them, and the legal system.",Michal Segal; Israel Issi Doron; Sagit Mor,2021,Journal of aging & social policy,Journal Article,eng,"Aged; Aged, 80 and over; Consumer Behavior; Decision Making; Family / psychology; Female; Fraud; Humans; Interviews as Topic; Israel; Male; Middle Aged; Perception; Qualitative Research; Vulnerable Populations / psychology",Older consumers; access to justice; consumer fraud; financial abuse,,,
32574350,10.1093/geront/gnaa078,https://pubmed.ncbi.nlm.nih.gov/32574350/,Loneliness Interacts With Cognition in Relation to Healthcare and Financial Decision Making Among Community-Dwelling Older Adults.,"BACKGROUND AND OBJECTIVES: Cognition is a known determinant of healthcare and financial decision making in old age. Social vulnerabilities also might play a role in such decisions; however, the evidence for this is less clear. Here, we examined the association of loneliness with decision making and tested the hypothesis that loneliness is associated with decision making via its interaction with global cognition.
RESEARCH DESIGN AND METHODS: Participants were 1,121 nondemented older adults from the Rush Memory and Aging Project. Healthcare and financial decision making was assessed via a performance-based measure; loneliness was assessed via the De Jong Gierveld Loneliness Scale; and cognition was assessed via a 19-test neuropsychological battery.
RESULTS: In a regression model adjusted for age, sex, and education, global cognition was associated with decision making (B = 2.43, SE = 0.14, p < .001) but loneliness was not (B = -0.04, SE = 0.11, p = .72). However, in a model including the interaction of loneliness with global cognition, the interaction was significant (B = 0.44, SE = 0.20, p = .03), such that the detrimental effect of loneliness on decision making was stronger when cognition was low. In secondary analyses examining the interaction of loneliness with 5 specific cognitive domains, the interaction between loneliness and working memory with decision making was significant (B = 0.35, SE = 0.15, p = .02).
DISCUSSION AND IMPLICATIONS: Our results suggest that loneliness compromises healthcare and financial decision making among older adults with lower global cognition and, more specifically, lower working memory.",Christopher C Stewart; Lei Yu; Crystal M Glover; Gary Mottola; David A Bennett; Robert S Wilson; Patricia A Boyle,2020,The Gerontologist,"Journal Article; Research Support, N.I.H., Extramural",eng,Aged; Cognition; Cohort Studies; Decision Making; Delivery of Health Care; Humans; Independent Living; Loneliness,Dual-processing theory; Reserve; Social vulnerability; Working memory,,,
33304266,10.3389/fnagi.2020.583433,https://pubmed.ncbi.nlm.nih.gov/33304266/,Functional Connectivity Correlates of Perceived Financial Exploitation in Older Adults.,"Financial exploitation (FE) in old age is devastating and common; however, the neural correlates of FE are poorly understood. Previous studies of FE in older adults have implicated declines in decision making and social cognition as two risk factors for FE in later life. Here we examined whether functional connectivity among brain regions implicated in decision making and social cognition differed for those with an experience of FE vs. those without. Participants included 16 older adults without cognitive impairment who reported FE (Mean age = 70.5, 62.5% female, Mean education = 16.0 years) and 16 demographically and cognitively matched adults who denied a history of FE (Mean age = 65.1, 37.5% female, Mean education = 15.1 years). Measures of whole-brain resting-state functional connectivity in the hippocampus, insula, and medial frontal cortex were derived for each group. Compared to the non-FE group, FE was associated with greater functional connectivity between the right hippocampus and bilateral temporal regions, and less functional connectivity between the right hippocampus and the right cerebellum and bilateral lingual gyri. The FE group showed less connectivity between the right and left insula and cingulate cortex, and between the right insula and regions of the left lateral temporal gyrus and dorsolateral prefrontal cortex. Finally, the FE group showed greater functional connectivity between the medial frontal cortex and the right lateral temporal gyrus and orbitofrontal cortex, and less functional connectivity with the right pre- and postcentral gyri. Results suggest that perceived FE in old age is associated with whole-brain functional connectivity differences involving the hippocampus, insula, and medial frontal cortex, consistent with models implicating age-associated changes in decision making and social cognition in FE.",Gali H Weissberger; Laura Mosqueda; Annie L Nguyen; Jenna Axelrod; Caroline P Nguyen; Patricia A Boyle; Nathan Spreng; S Duke Han,2020,Frontiers in aging neuroscience,Journal Article,eng,,decision making; financial exploitation; functional connectivity; hippocampus; insula; medial frontal cortex; older adults; resting-state fMRI,,,
33225020,10.1177/2333721420971073,https://pubmed.ncbi.nlm.nih.gov/33225020/,"Frailty and Perceived Financial Exploitation: Findings from the Finance, Cognition, and Health in Elders Study.","Objective: Many older adults who are cognitively intact experience financial exploitation (FE), and the reasons for this are poorly understood. Methods: Data were gathered from 37 older adults (M age = 69.51, M education = 15.89, 62% female) from the Finance, Cognition, and Health in Elders Study (FINCHES). Twenty-four older adults who self-reported FE were demographically-matched according to age, education, race, and MoCA performance to thirteen older adults who denied experiencing FE. Participants completed the Tilburg Frailty Inventory. Results: FE participants reported greater total frailty (t = 2.06, p = .04) when compared to non-FE participants. Post-hoc analyses revealed that FE participants endorsed greater physical frailty (U = 89, p = .03), specifically poorer sensory functioning (hearing and vision). Discussion: Findings suggest frailty is associated with FE in old age and may represent a target for intervention programs for the financial wellbeing of older adults.",Jenna Axelrod; Laura Mosqueda; Gali H Weissberger; Annie L Nguyen; Patricia A Boyle; Emanuil Parunakian; S Duke Han,2020,Gerontology & geriatric medicine,Journal Article,eng,,Abuse/neglect; cognition; frailty,,,
33044961,10.1371/journal.pone.0239343,https://pubmed.ncbi.nlm.nih.gov/33044961/,Financial decision-making in a community sample of adults with and without current symptoms of ADHD.,"Research found that adults with attention deficit hyperactivity disorder (ADHD) have more problems with financial decision-making than healthy controls. The present study investigates the impact of symptoms of ADHD on impulsive buying and the use of financial decision styles. Furthermore, the influence of personality, symptoms of depression and demographics on the association between ADHD and these aspects of financial decision-making is evaluated. A community sample of 1292 participants (age range 18-93 years, 45.4% male) completed questionnaires related to ADHD, impulsive buying, financial decision styles, personal financial situation, depression and personality. Four groups were formed based on self-reported ADHD symptoms: an 'ADHD' group (n = 45), an 'Adult-only ADHD' group (n = 57), a 'Subthreshold ADHD' group (n = 162) and a 'No ADHD' group (n = 265). Groups were compared using ANOVA and chi-square tests. Furthermore, multiple regression analyses in the complete sample were employed to examine the association between ADHD and financial decision-making. The ADHD and Adult-only ADHD groups reported significantly more impulsive buying, used more often an avoidant or spontaneous decision style and less often saved money compared to the No ADHD group. Regression analyses revealed that impulsive buying and financial decision styles were not significantly associated with ADHD symptoms when controlling for personality, symptoms of depression and demographics. The present study confirms previous research on adults with ADHD by indicating more impulsive buying and a more frequent use of disadvantageous financial decision styles (i.e., avoidant and spontaneous styles) in individuals with an elevated number of current symptoms of ADHD compared to individuals without symptoms of ADHD. Personality and demographic variables were found to be related to both impulsive buying and the use of specific financial decision styles and might be of influence on the association between impulsive buying, the use of financial decision styles and ADHD.",Dorien F Bangma; Lara Tucha; Anselm B M Fuermaier; Oliver Tucha; Janneke Koerts,2020,PloS one,"Journal Article; Research Support, Non-U.S. Gov't",eng,"Adolescent; Adult; Aged; Aged, 80 and over; Attention Deficit Disorder with Hyperactivity / pathology, psychology; Case-Control Studies; Decision Making; Depression / pathology; Economic Status; Female; Humans; Impulsive Behavior; Male; Middle Aged; Personality; Regression Analysis; Surveys and Questionnaires; Young Adult",,,,
30895444,10.1007/s11682-019-00079-7,https://pubmed.ncbi.nlm.nih.gov/30895444/,White matter correlates of scam susceptibility in community-dwelling older adults.,"Scam susceptibility places older adults - even those with intact cognition - at great risk. Lower grey matter volumes, particularly within right medial temporal regions, are associated with higher scam susceptibility; however, very little is known about white matter associates. We investigated associations between white matter integrity measured using diffusion tensor imaging (DTI) and scam susceptibility in 302 non-demented older adults (75% female; mean years: age = 81.3 + 7.5, education = 15.7 + 2.9). Participants completed comprehensive neuroimaging (including DTI, T1- and T2-weighted imaging), a self-report measure of scam susceptibility, and neuropsychological testing. Tract-Based Spatial Statistics (TBSS) investigated associations of DTI-derived measures of fractional anisotropy (FA), trace of the diffusion tensor, axial and radial diffusivity (separately) with scam susceptibility adjusting for age, sex, education, and white matter hyperintensities (WMH; total volume and voxelwise separately). Statistical significance was determined at p < 0.05, Family Wise Error corrected. TBSS revealed significant negative associations between FA in tracts connecting a number of right hemisphere white matter regions and scam susceptibility, particularly after additional adjustment for global cognitive functioning. The pathways implicated were mainly in right temporal-parietal and temporal-occipital regions. Association of trace, axial, and radial diffusivity with scam susceptibility were not significant in fully-adjusted models. Lower white matter integrity within right hemisphere tracts was associated with higher scam susceptibility independent of relevant confounds including global cognition. Thus, a right hemisphere brain network that includes key structures implicated in multi-sensory processing of immediate and future consequences may serve as a neurobiologic substrate of scam susceptibility in vulnerable older adults.",Melissa Lamar; Konstantinos Arfanakis; Lei Yu; Shengwei Zhang; S Duke Han; Debra A Fleischman; David A Bennett; Patricia A Boyle,2020,Brain imaging and behavior,Journal Article,eng,"Aged; Aged, 80 and over; Anisotropy; Brain / diagnostic imaging; Diffusion Tensor Imaging; Female; Humans; Independent Living; Magnetic Resonance Imaging; Male; White Matter / diagnostic imaging",Aging; DTI; Fractional anisotropy; Scam susceptibility; White matter,,,
32211847,10.1093/geront/gnaa020,https://pubmed.ncbi.nlm.nih.gov/32211847/,"Context Matters: Financial, Psychological, and Relationship Insecurity Around Personal Finance Is Associated With Financial Exploitation.","BACKGROUND AND OBJECTIVES: Context can influence or overwhelm the intellectual and cognitive aspects of financial decision making but has only recently received increased attention. The construct validity of conceptual subscales from a financial decision-making scale was examined in the context of their relationship to financial exploitation.
RESEARCH DESIGN AND METHODS: Two hundred forty-two community-based participants were recruited into the study. The final sample contained 242 participants. Measures included demographic variables, conceptually derived contextual items, and neurocognitive measures. Seventeen of the 34 contextual items investigated differentiated financially exploited and nonexploited older adults. Combining these 17 contextual items led to the creation of a new scale: the Financial Exploitation Vulnerability Scale (FEVS). Correlational analyses and area under the curve analyses were used to examine the relationship between this new scale of contextual items and other measures and to determine how clinically meaningful the scale was in the current sample.
RESULTS: Contextual items were powerful discriminators between those who were exploited and those who were not. The new scale of contextual items (the FEVS) demonstrated good internal consistency (Cronbach's alpha = 0.82) and a strong area under the curve (receiver operating characteristic = 0.80), thereby indicating good clinical significance and evidence for construct validity.
DISCUSSION AND IMPLICATIONS: We examined the conceptually derived subscales of financial awareness, psychological vulnerability, and relationship strain and how these relate to financial exploitation. Our major finding is that contextual items differentiated between exploited and nonexploited adults, which demonstrate the importance of measuring context in financial decision making and exploitation. A new scale for measuring contextual items was introduced.",Peter A Lichtenberg; Rebecca Campbell; LaToya Hall; Evan Z Gross,2020,The Gerontologist,"Journal Article; Research Support, Non-U.S. Gov't",eng,Aged; Decision Making; Elder Abuse; Humans; Surveys and Questionnaires,Elder abuse; Financial decision making; Vulnerability,,,
32755889,10.2196/19380,https://pubmed.ncbi.nlm.nih.gov/32755889/,User Perception of a Smartphone App to Promote Physical Activity Through Active Transportation: Inductive Qualitative Content Analysis Within the Smart City Active Mobile Phone Intervention (SCAMPI) Study.,"BACKGROUND: Physical inactivity is globally recognized as a major risk factor for morbidity, particularly the incidence of noncommunicable diseases. Increasing physical activity (PA) is therefore a public health priority. Engaging in active transportation (AT) is a viable approach for promoting daily PA levels. Mobile health interventions enable the promotion of AT to a larger population. The Smart City Active Mobile Phone Intervention (SCAMPI) study was a randomized controlled trial designed to evaluate the ability of a behavior change program delivered via a smartphone app to motivate participants to increase their PA by engaging in AT.
OBJECTIVE: This qualitative study aims to examine the acceptance and user experience of the app promoting AT that was used in the SCAMPI trial (the TRavelVU Plus app).
METHODS: A total of 17 residents of Stockholm County (13 women; age range 25-61 years) who completed the 3-month app-based behavioral change program (delivered through the TRavelVU Plus app) in the SCAMPI randomized controlled trial during 2018 agreed to participate in a semistructured telephone-based interview. These participants were well representative of the whole intervention group (n=127) in terms of baseline characteristics such as age, sex, and area of residence. The interviews were audiorecorded, transcribed verbatim, and analyzed using an inductive qualitative content analysis.
RESULTS: The content analysis revealed 2 themes and 4 subcategories. The first theme, ""main motivators: monitoring and messages,"" highlighted that monitoring AT and being able to set weekly goals using the app were the primary motivators reported by study participants. The second theme, ""acceptable but modifiable,"" reflects that the app was well accepted and effectively encouraged many participants to use more AT. Nevertheless, there were functions in the app that require modification. For example, while the semiautomated travel tracking feature was appreciated, participants found it time-consuming and unreliable at times.
CONCLUSIONS: This study contributes novel insight into adults' experiences of using a mobile app to promote the use of AT. The results showed that the app was well accepted and that self-monitoring and goal setting were the main motivators to engage in more AT. The semiautomated tracking of AT was appreciated; however, it was also reported to be energy- and time-consuming when it failed to work. Thus, this feature should be improved going forward.
TRIAL REGISTRATION: ClinicalTrials.gov NCT03086837; https://clinicaltrials.gov/ct2/show/NCT03086837.
INTERNATIONAL REGISTERED REPORT IDENTIFIER (IRRID): RR2-10.1186/s12889-018-5658-4.",Anna-Karin Lindqvist; Stina Rutberg; Emmie Söderström; Anna Ek; Christina Alexandrou; Ralph Maddison; Marie Löf,2020,JMIR mHealth and uHealth,"Journal Article; Randomized Controlled Trial; Research Support, Non-U.S. Gov't",eng,Adult; Exercise; Female; Humans; Male; Middle Aged; Mobile Applications; Perception; Smartphone,active transportation; behavior change; inductive qualitative content analysis; mHealth; mobile app; mobile health; physical activity; smartphone intervention; social cognitive theory; user perception,,,
32614887,10.1371/journal.pone.0235558,https://pubmed.ncbi.nlm.nih.gov/32614887/,Self-awareness for financial decision-making abilities in healthy adults.,"OBJECTIVE: Decades of research have established how to measure metacognition (i.e., awareness of one's cognitive abilities), whereas relatively little is known about how to assess the integrity of financial awareness (FA; awareness of one's financial abilities), a related construct with practical implications for vulnerable older adults. The current study's goal was to apply established metacognitive frameworks to identify an objective measure of FA.
METHODS: Metacognitive ratings were integrated into two financial decision making (FDM) assessments in order to derive two types of FA metrics: absolute accuracy (calibration) and relative accuracy (resolution) in each FDM task. Associations between each FA metric, demographic variables, FDM performances, and metamemory were examined.
DESIGN & SETTING: Cross-sectional, community-based, prospective study.
PARTICIPANTS: 93 individuals with mean age = 59 years (SD = 15.12); mean education = 15.70 (SD = 2.39); 60% females.
MEASURES: FA was calculated using the Financial Competency Assessment Inventory (FCAI) and Decision Making Competence Assessment Tool, Finance Module (DMC-F), and memory awareness was calculated using an objective metamemory test.
RESULTS: None of the FA metrics was associated with age, education or gender. FCAI calibration was inversely associated with FDM, and positively correlated with DMC-F calibration and metamemory calibration. None of the FA metrics for DMC-F was associated with metamemory.
CONCLUSIONS: Mirroring findings from metamemory studies, overconfidence in FDM was associated with lower FDM accuracy in healthy adults. Moreover, calibration scores on the FCAI and metamemory were related, suggesting that FA taps into metacognitive abilities. Our findings provide preliminary evidence for how to measure FA in both clinical and research contexts.",Preeti Sunderaraman; Silvia Chapman; Megan S Barker; Stephanie Cosentino,2020,PloS one,"Journal Article; Research Support, N.I.H., Extramural; Research Support, Non-U.S. Gov't",eng,"Adult; Aged; Aged, 80 and over; Awareness; Cross-Sectional Studies; Decision Making; Female; Financial Management; Humans; Male; Middle Aged; Prospective Studies",,,,
31355695,10.1080/13825585.2019.1642442,https://pubmed.ncbi.nlm.nih.gov/31355695/,Differential focus on probability and losses between young and older adults in risky decision-making.,"We examined young and older adults' use of descriptive information about risk (i.e., probability and expected value) in financial decision-making. In Experiment 1, participants chose between lotteries in pairs of bets that offered either two risky gains or one risky gain and one sure gain. Whereas they showed a strong and indiscriminate preference for high-probability gambles in risky-risky pairs, they selected sure options at high rates and risky options at low rates in risky-sure pairs, with slightly stronger effects in older relative to young adults due to age differences in ability. Experiment 2 involved the same task but in terms of losses. Participants, especially older adults, preferred low-probability gambles not accounted for by age differences in ability. Results suggest minimal consideration of expected value and a strong focus on probabilities in decision-making. They also suggest that cognitive ability and chronic goals differentially influence age effects depending on risk context.",Erica L O'Brien; Thomas M Hess,2020,"Neuropsychology, development, and cognition. Section B, Aging, neuropsychology and cognition","Journal Article; Research Support, N.I.H., Extramural",eng,Adult; Age Factors; Aged; Aging / physiology; Decision Making / physiology; Female; Humans; Male; Middle Aged; Probability; Risk-Taking; Young Adult,Aging; certainty; expected value; loss aversion; probability,,,
31696205,10.1093/arclin/acz042,https://pubmed.ncbi.nlm.nih.gov/31696205/,Technology Use in Everyday Financial Activities: Evidence from Online and Offline Survey Data.,"OBJECTIVE: Internet use and mobile devices permeate every aspect of our lives and are changing our financial habits. Assessment of financial decision-making (FDM) has not yet caught up to apparent changes in financial behavior. To modernize assessment methods and create current and comprehensive FDM frameworks, we first need to establish the most commonly used and most preferred methods of performing specific financial activities.
METHOD: Cross-sectional survey data were collected using an online platform and offline approaches (in person and by mail) (N = 234). The frequency of using technological (e.g., laptop) and non-technological (e.g., in-person banking) means of completing seven financial activities was assessed first, including Depositing checks, Reviewing bank statements, Keeping track of money spent, Transferring funds, Withdrawing cash, Paying bills, and Purchasing products online. Second, preference for technological versus non-technological methods was assessed. Finally, linear regression models examined associations between demographics and preference for technological methods for each financial activity.
RESULTS: The majority of respondents (77% online, 74% offline) used technology to perform various financial activities and preferred technological to non-technological methods for completing five out of the six financial activities. Increased preference for technological methods was associated with younger age for all the financial activities, and higher education was associated with reviewing bank statement and transferring funds.
CONCLUSIONS: Our survey findings provide empirical evidence for the changing nature of our financial habits. We discuss the implications of this change for researchers, clinicians, and the individuals themselves and emphasize the importance of modernizing FDM tools.",Preeti Sunderaraman; Sarah Ho; Silvia Chapman; Jillian L Joyce; Leigh Colvin; Shalom Omollo; Maria Pleshkevich; Stephanie Cosentino,2020,Archives of clinical neuropsychology : the official journal of the National Academy of Neuropsychologists,Journal Article,eng,Adult; Cross-Sectional Studies; Female; Humans; Internet; Male; Middle Aged; Mobile Applications; Neuropsychological Tests; Surveys and Questionnaires; Technology,Assessment; Financial capacity; Financial decision-making; Information technology; Mobile banking; Online banking,,,
31859593,10.1080/21645515.2019.1698243,https://pubmed.ncbi.nlm.nih.gov/31859593/,Association of cognitive biases with human papillomavirus vaccine hesitancy: a cross-sectional study.,"Given the link between vaccine hesitancy and vaccine-preventable disease outbreaks, it is critical to examine the cognitive processes that contribute to the development of vaccine hesitancy, especially among parents of adolescents. We conducted a secondary analysis of baseline data from a two-phase randomized trial on human papillomavirus to investigate how vaccine hesitancy and intent to vaccinate are associated with six decision-making factors: base rate neglect, conjunction fallacy, sunk cost bias, present bias, risk aversion, and information avoidance. We recruited 1,413 adults residing in the United States with at least one daughter aged 9-17 years old through an online survey on Amazon Mechanical Turk. Vaccine hesitancy, intent to vaccinate, and susceptibility to cognitive biases was measured through a series of brief questionnaires. 1,400 participants were in the final analyzed sample. Most participants were white (74.1%), female (71.6%), married (75.3%), and had a college or graduate/professional education (88.8%). Conjunction fallacy, sunk cost bias, information avoidance, and present bias may be associated with vaccine hesitancy. Intent to vaccinate may be associated with information avoidance. These results suggest that cognitive biases play a role in developing parental vaccine hesitancy and vaccine-related behavior.",Tiffany D Pomares; Alison M Buttenheim; Avnika B Amin; Caroline M Joyce; Rachael M Porter; Robert A Bednarczyk; Saad B Omer,2020,Human vaccines & immunotherapeutics,Journal Article,eng,"Adolescent; Adult; Bias; Child; Cognition; Cross-Sectional Studies; Female; Health Knowledge, Attitudes, Practice; Humans; Papillomavirus Infections / epidemiology, prevention & control; Papillomavirus Vaccines; Parents; Patient Acceptance of Health Care; United States; Vaccination",HPV; Vaccines; adolescent; cognitive bias; heuristics; vaccine hesitancy,,,
32357940,10.1186/s40359-020-00403-7,https://pubmed.ncbi.nlm.nih.gov/32357940/,Dosing parameters for the effects of high-frequency transcranial magnetic stimulation on smoking cessation: study protocol for a randomized factorial sham-controlled clinical trial.,"BACKGROUND: Despite the considerable success of comprehensive tobacco control efforts, tobacco use remains one of the greatest preventable causes of death and disease today. Over half of all smokers in the US make quit attempts every year, but over 90% relapse within 12 months, choosing the immediate reinforcement of smoking over the long-term benefits of quitting. Conceptual and empirical evidence supports continued investigation of high frequency repetitive transcranial magnetic stimulation (rTMS) of the left dorsolateral prefrontal cortex in reducing relapse and decreasing cigarette consumption. While this evidence is compelling, an optimal dosing strategy must be determined before a long-term efficacy trial can be conducted. The goal of this study is to determine a dosing strategy for 20 Hz rTMS that will produce the best long-term abstinence outcomes with the fewest undesirable effects.
METHODS: This is a fully crossed, double-blinded, sham-controlled, 3x2x2 randomized factorial study. The three factors are duration (stimulation days: 8, 12, and 16); intensity (900 or 1800 pulses per day); and sham control. Participants (n = 258) will consist of adults (18-65) who are motivated to quit smoking cigarettes and who will be followed for 6 months post-quit. Outcomes include latency to relapse, point prevalence abstinence rates, delay discounting rates, cognitive-behavioral skills acquisition, and multiple measures of potential undesirable effects that impact participant compliance.
DISCUSSION: This study integrates existing theoretical concepts and methodologies from neuropsychology, behavioral economics, brain stimulation, clinical psychology, and the evidence-based treatment of tobacco dependence in the development of a promising and innovative approach to treat tobacco dependence. This study will establish an optimal dosing regimen for efficacy testing. Findings are expected to have a significant influence on advancing this approach as well as informing future research on clinical approaches that combine rTMS with other evidence-based treatments for tobacco dependence and perhaps other addictions.
TRIAL REGISTRATION: Clinical Trials NCT03865472 (retrospectively registered). The first participant was fully enrolled on November 26, 2018. Registration was posted on March 7, 2019.",Ellen Carl; Amylynn Liskiewicz; Cheryl Rivard; Ronald Alberico; Ahmed Belal; Martin C Mahoney; Amanda J Quisenberry; Warren K Bickel; Christine E Sheffer,2020,BMC psychology,Journal Article; Clinical Trial Protocol,eng,"Adult; Aged; Female; Humans; Male; Middle Aged; Behavior, Addictive; Double-Blind Method; Prefrontal Cortex; Randomized Controlled Trials as Topic; Recurrence; Smoking / psychology; Smoking Cessation / methods, psychology; Tobacco Use Disorder / therapy; Transcranial Magnetic Stimulation",Brain stimulation; Delay discounting; Dorsolateral prefrontal cortex; Neuromodulation; Relapse prevention; Smoking cessation; Tobacco dependence; Transcranial magnetic stimulation,,,
31273677,10.1007/s40520-019-01259-7,https://pubmed.ncbi.nlm.nih.gov/31273677/,Associations of health and financial literacy with mortality in advanced age.,"BACKGROUND: Health and financial literacy are central to older adults' well-being and financial standing, but the relation of literacy with mortality in advanced age remains unclear.
AIMS: To determine whether lower literacy, as reflected in measures of total literacy and subscales of health and financial literacy, was associated with an increased risk of mortality.
METHODS: Participants were 931 community-based older adults from the Rush Memory and Aging Project [age: mean (SD) = 80.9 (7.6), range 58.8-100.8], an ongoing, prospective observational cohort study of aging. Participants were without dementia at the time literacy was assessed. Proportional hazards models were used to determine whether literacy measures were associated with mortality.
RESULTS: During up to 8 years of follow-up, 224 (24.1% of 931) participants died. In models that adjusted for age, sex, and education, lower total, health, and financial literacy were each associated with an increased risk of mortality (total literacy: HR = 1.020, 95% CI 1.010-1.031, p < 0.001; health literacy: HR = 1.015, 95% CI 1.008-1.023, p < 0.001; financial literacy: HR = 1.013, 95% CI 1.003-1.023, p = 0.014). These associations persisted after additionally adjusting for income and indices of health status; however, only the association of lower health literacy with mortality persisted after further adjusting for a robust measure of global cognition.
DISCUSSION: We suspect that the current associations of lower literacy with mortality reflect the detrimental effect of early pathologic brain aging on literacy.
CONCLUSIONS: Lower literacy, particularly lower health literacy, is associated with mortality in advanced age.",Christopher C Stewart; Lei Yu; Melissa Lamar; Robert S Wilson; David A Bennett; Patricia A Boyle,2020,Aging clinical and experimental research,Journal Article; Observational Study,eng,"Aged; Aged, 80 and over; Aging; Cognition; Dementia; Female; Health Literacy / economics; Health Status; Humans; Income; Longitudinal Studies; Male; Middle Aged; Prospective Studies",Aging; Cognition; Financial literacy; Health literacy; Mortality,,,
31188065,10.1080/13825585.2019.1628176,https://pubmed.ncbi.nlm.nih.gov/31188065/,Study of the theory of mind in normal aging: focus on the deception detection and its links with other cognitive functions.,"Detection of deception is crucial to avoid negative circumstances (financial frauds, social tricks) in daily living. Considering that this cognitive function is especially supported by the prefrontal cortex of the human brain and that these cerebral regions change with advanced age, deception detection may also change with aging. Our purpose is to study this complex ability and its potential links with other cognitive functions, such as the executive control, in normal aging. Thirty-five young adults (YA) aged from 20 to 40, thirty-five old adults (OA) aged from 65 to 79 and thirty very old adults (VOA) aged from 80 to 95 were involved in this study. We propose a novel neuropsychological test (inspired by Theory of Mind Picture Story task) assessing the ability to understand deceptive and cooperative interactions, and tasks involving executive processes (monitoring, task setting, flexibility) to all participants. Between-group analyses show that older participants performed worse than YA on deceptive, cooperative and mixed situations (involving deception and reciprocity) of our task. Significant correlations exist between the deception-cooperation detection and the executive functions. Our results show that these frontal abilities decline after 65 years, even more after 80 years, and they are involved on the deceptive-cooperative situations. The verbal IQ is also linked with the deception-cooperation detection. This suggests that mixed cognitive trainings would allow older adults to detect more easily bad intentions of others, to adjust their behavior to context and to achieve their goals with less risk.",Cristina Calso; Jérémy Besnard; Philippe Allain,2020,"Neuropsychology, development, and cognition. Section B, Aging, neuropsychology and cognition","Journal Article; Research Support, Non-U.S. Gov't",eng,"Adult; Age Factors; Aged; Aged, 80 and over; Aging / physiology; Cooperative Behavior; Deception; Executive Function / physiology; Female; Humans; Male; Neuropsychological Tests; Social Perception; Theory of Mind / physiology; Young Adult",Older adults; cooperation; deception; executive functions; theory of mind,,,
30739493,10.1080/13607863.2019.1571020,https://pubmed.ncbi.nlm.nih.gov/30739493/,"Physical and mental health correlates of perceived financial exploitation in older adults: Preliminary findings from the Finance, Cognition, and Health in Elders Study (FINCHES).","Objectives: Financial exploitation (FE) in old age is poorly understood, particularly among those without significant cognitive impairment. The Finance, Cognition, and Health in Elders Study (FINCHES) aims to identify factors associated with FE among cognitively-healthy older adults. Preliminary findings regarding physical and mental health correlates in the pilot phase of FINCHES are reported.Method: Sixteen older adults who self-reported FE were demographically-matched on age, education, sex, and race/ethnicity to eighteen older adults who did not report past FE.Results: Those who believed they were exploited endorsed significantly greater symptoms of depression (p = 0.014) and marginally greater symptoms of anxiety (p = 0.062). Participants trended towards lower perceived successful aging (p = 0.094). Perceived FE participants also endorsed greater medical conditions (p = 0.047), but follow-up individual item analyses suggest that this was driven by problems with sleep (p = 0.030).Conclusions: These preliminary findings from the pilot phase of FINCHES highlight negative mental health factors associated with perceived FE among cognitively-intact older adults.",Gali H Weissberger; Laura Mosqueda; Annie L Nguyen; Anya Samek; Patricia A Boyle; Caroline P Nguyen; S Duke Han,2020,Aging & mental health,"Journal Article; Research Support, Non-U.S. Gov't",eng,Aged; Aging; Anxiety; Cognition; Humans; Mental Health; Risk Factors,Financial exploitation; aging; mental health; physical health; sleep,,,
30321125,10.1080/07317115.2018.1527424,https://pubmed.ncbi.nlm.nih.gov/30321125/,A Short Form of the Lichtenberg Financial Decision Rating Scale.,"Objectives: This article examines the convergent validity and clinical utility of the 34-item short form of the Lichtenberg Financial Decision Rating Scale (LFDRS-SF). A briefer scale can lead to enhanced and efficient use of a person-centered approach to the assessment of financial decision-making.Methods: Using data on 200 community-dwelling older adults from Lichtenberg and colleagues (2017a), convergent validity was examined with cognitive and financial management measures using a correlational and regression approach. Receiver operating curve analyses for predicting decision-making ability classification and suspected financial exploitation classification were used to evaluate clinical utility.Results: The LFDRS-SF total risk score was significantly correlated with both cognitive and financial management measures, and the regression analysis predicted 9% of the LFDRS-SF measure. These results demonstrate not only convergent validity, but also the conceptual and empirical uniqueness of financial decision-making.Conclusions: The LFDRS-SF is a valid tool to assess real-world financial decision-making abilities.Clinical Implications: The LFDRS-SF offers an efficient way to assess financial decision-making. Training on the tool and automatic scoring and recommendations for next steps can be found at https://olderadultnestegg.com.",Peter A Lichtenberg; Evan Gross; Rebecca Campbell,2020,Clinical gerontologist,"Journal Article; Research Support, N.I.H., Extramural; Research Support, U.S. Gov't, Non-P.H.S.",eng,"Aged; Decision Making / physiology; Elder Abuse / economics, ethnology, statistics & numerical data; Female; Financial Management / statistics & numerical data; Humans; Independent Living / psychology; Male; Mental Competency / psychology; Middle Aged; Neuropsychological Tests / standards; Predictive Value of Tests; Psychometrics / methods",Capacity; financial decision making; financial exploitation; informed decision making; psychological assessment,,,
29883276,10.1080/07317115.2018.1485812,https://pubmed.ncbi.nlm.nih.gov/29883276/,Quantifying Risk of Financial Incapacity and Financial Exploitation in Community-dwelling Older Adults: Utility of a Scoring System for the Lichtenberg Financial Decision-making Rating Scale.,"Objectives: This work examines the clinical utility of the scoring system for the Lichtenberg Financial Decision-making Rating Scale (LFDRS) and its usefulness for decision making capacity and financial exploitation. Objective 1 was to examine the clinical utility of a person centered, empirically supported, financial decision making scale. Objective 2 was to determine whether the risk-scoring system created for this rating scale is sufficiently accurate for the use of cutoff scores in cases of decisional capacity and cases of suspected financial exploitation. Objective 3 was to examine whether cognitive decline and decisional impairment predicted suspected financial exploitation.Methods: Two hundred independently living, non-demented community-dwelling older adults comprised the sample. Participants completed the rating scale and other cognitive measures.Results: Receiver operating characteristic curves were in the good to excellent range for decisional capacity scoring, and in the fair to good range for financial exploitation.Conclusions: Analyses supported the conceptual link between decision making deficits and risk for exploitation, and supported the use of the risk-scoring system in a community-based population.Clinical Implications: This study adds to the empirical evidence supporting the use of the rating scale as a clinical tool assessing risk for financial decisional impairment and/or financial exploitation.",Peter A Lichtenberg; Evan Gross; Lisa J Ficker,2020,Clinical gerontologist,"Journal Article; Research Support, N.I.H., Extramural; Research Support, Non-U.S. Gov't; Research Support, U.S. Gov't, Non-P.H.S.",eng,"Aged; Aged, 80 and over; Cognitive Dysfunction / economics, ethnology, psychology; Decision Making / physiology; Elder Abuse / economics, ethnology, psychology; Female; Financial Management / ethics, statistics & numerical data; Humans; Independent Living / psychology, statistics & numerical data; Male; Mental Competency / psychology; Middle Aged; Predictive Value of Tests; Psychometrics; Research Design / statistics & numerical data; Risk Assessment; Sensitivity and Specificity",Cognitive decline; financial decision making; financial exploitation; person centered,,,
31054115,10.1007/s40520-019-01209-3,https://pubmed.ncbi.nlm.nih.gov/31054115/,Vitamin E and Alzheimer's disease: the mediating role of cellular aging.,"BACKGROUND: Vitamin E represents a potent antioxidant and anti-inflammatory system, playing a role in Alzheimer's disease (AD). Different plasma concentrations of the forms of vitamin E are observed in AD compared to cognitively healthy subjects.
AIM: Since these modifications may modulate the markers of oxidative stress and cellular aging, we aim to explore the relationship between vitamin E forms and leukocyte telomere length (LTL) in AD.
METHODS: 53 AD subjects and 40 cognitively healthy controls (CTs) were enrolled. The vitamin E forms (α-, β-, γ- and δ-tocopherol, α-, β-, γ- and δ-tocotrienol), the ratio of α-tocopherylquinone/α-tocopherol and 5-nitro-γ-tocopherol/γ-tocopherol (markers of oxidative/nitrosative damage) and LTL were measured.
RESULTS AND DISCUSSION: Regression model was used to explore the associations of vitamin E forms and LTL with AD. The interaction of LTL in the association between vitamin E forms and AD was tested. AD subjects showed significantly lower concentrations of α-, β-, γ- and δ-tocopherol, α- and δ-tocotrienol, total tocopherols, total tocotrienols and total vitamin E compared to CTs. AD subjects showed higher values of nitrosative/oxidative damage. The adjusted analyses confirmed a significant relationship of AD with plasma concentrations of α- and β-tocopherols, δ-tocotrienol, total tocopherols, total tocotrienol, total vitamin E and oxidative/nitrosative damage. However, nitrosative damage was significantly associated with AD only in subjects with higher LTL and not in those expressing marked cellular aging.
CONCLUSIONS: Our study confirms the role of vitamin E in AD pathology and indicates that nitrosative damage influences the association with AD only in subjects characterized by longer LTL.",Martina Casati; Virginia Boccardi; Evelyn Ferri; Laura Bertagnoli; Patrizia Bastiani; Simona Ciccone; Marta Mansi; Michela Scamosci; Paolo Dionigi Rossi; Patrizia Mecocci; Beatrice Arosio,2020,Aging clinical and experimental research,Journal Article,eng,Alzheimer Disease / blood; Biomarkers / blood; Case-Control Studies; Cellular Senescence; Cohort Studies; Disease Progression; Female; Humans; Male; Oxidative Stress; Telomere Homeostasis; Vitamin E / blood,Alzheimer’s disease; Nitrosative stress; Oxidative stress; Telomere length; Vitamin E,,,
29669133,10.1093/geronb/gby036,https://pubmed.ncbi.nlm.nih.gov/29669133/,Uncovering Susceptibility Risk to Online Deception in Aging.,"OBJECTIVES: Fraud in the aged is an emerging public health problem. An increasingly common form of deception is conducted online. However, identification of cognitive and socioemotional risk factors has not been undertaken yet. In this endeavor, this study extended previous work suggesting age effects on susceptibility to online deception.
METHODS: Susceptibility was operationalized as clicking on the link in simulated spear-phishing emails that young (18-37 years), young-old (62-74 years), and middle-old (75-89 years) Internet users received, without knowing that the emails were part of the study. Participants also indicated for a set of spear-phishing emails how likely they would click on the embedded link (susceptibility awareness) and completed cognitive and socioemotional measures to determine susceptibility risk profiles.
RESULTS: Higher susceptibility was associated with lower short-term episodic memory in middle-old users and with lower positive affect in young-old and middle-old users. Greater susceptibility awareness was associated with better verbal fluency in middle-old users and with greater positive affect in young and middle-old users.
DISCUSSION: Short-term memory, verbal fluency, and positive affect in middle-old age may contribute to resilience against online spear-phishing attacks. These results inform mechanisms of online fraud susceptibility and real-life decision-supportive interventions toward fraud risk reduction in aging.",Natalie C Ebner; Donovan M Ellis; Tian Lin; Harold A Rocha; Huizi Yang; Sandeep Dommaraju; Adam Soliman; Damon L Woodard; Gary R Turner; R Nathan Spreng; Daniela S Oliveira,2020,"The journals of gerontology. Series B, Psychological sciences and social sciences","Journal Article; Research Support, Non-U.S. Gov't; Research Support, U.S. Gov't, Non-P.H.S.",eng,"Adolescent; Adult; Affect / physiology; Age Factors; Aged; Aged, 80 and over; Aging / physiology; Cognitive Dysfunction / physiopathology; Deception; Decision Making / physiology; Female; Humans; Internet; Male; Memory, Episodic; Memory, Short-Term / physiology; Middle Aged; Young Adult",Affect; Cognition; Decision making; Online; Spear phishing,,,
30649596,10.1007/s00394-019-01892-y,https://pubmed.ncbi.nlm.nih.gov/30649596/,"Beta-carotene, telomerase activity and Alzheimer's disease in old age subjects.","PURPOSE: Advancing age represents the strongest risk factor for Alzheimer's disease (AD), and the identification of biomarkers able to define what characterizes physiological aging from AD may represent a potential starting point for novel preventive strategies. Among these biomarkers, telomeres seem to be a promising target. Interestingly, high intake of carotenoid-rich food may play a role in protecting telomeres by oxidative stress reduction. Accordingly, low plasma β-carotene concentrations have been found in AD subjects when compared with cognitively healthy subjects. In this study, we aim at investigating the hypothesis that low β-carotene might be associated with markers of accelerated cellular aging, including leucocyte telomere length (LTL) and peripheral mononuclear cell (PBMC) telomerase activity in a cohort of old age subjects.
METHODS: The study was conducted in 68 old age subjects, 37 AD, and 31 age-matched healthy controls. In all subjects, β-carotene plasma level, LTL and peripheral telomerase activity were measured.
RESULTS: In all populations, β-carotene significantly and positively (r = 0.320, p = 0.008) correlated with telomerase activity, independent of gender. A model having telomerase activity levels as the dependent variable, and age, gender, smoking habit, and β-carotene as independent variables, confirmed that β-carotene was independently associated with telomerase activity (β = 0.319, p = 0.012). Subjects affected by AD had significantly lower plasmatic levels of β-carotene (448 ± 66 mg/ml vs 497 ± 59 mg/ml, p = 0.001) and LTL (0.53 ± 0.25 vs 0.69 ± 0.29; p = 0.009) as compared with healthy controls. Β-carotene plasma level was associated with AD diagnosis (OR 0.988; IC95% 0.978-0.997; p = 0.013) independently of age, gender, smoking habit, ApoE genotype, and LTL.
CONCLUSION: Our data show that β-carotene may modulate telomerase activity in old age. Moreover, lower plasma β-carotene levels, correlating with peripheral telomerase activity, are associated with AD diagnosis independent of multiple covariates.",Virginia Boccardi; Beatrice Arosio; Luigi Cari; Patrizia Bastiani; Michela Scamosci; Martina Casati; Evelyn Ferri; Laura Bertagnoli; Simona Ciccone; Paolo Dionigi Rossi; Giuseppe Nocentini; Patrizia Mecocci,2020,European journal of nutrition,Journal Article; Observational Study,eng,"Aged; Aged, 80 and over; Alzheimer Disease / blood; Biomarkers / blood; Cross-Sectional Studies; Female; Geriatric Assessment / methods; Humans; Male; Telomerase / blood; beta Carotene / blood",Aging; Alzheimer’s; Carotenoid; Dementia; Nutrition; Telomerase; Telomeres,,,
31503136,10.1097/HJH.0000000000002220,https://pubmed.ncbi.nlm.nih.gov/31503136/,Associations of decision making abilities with blood pressure values in older adults.,"OBJECTIVES: Decision making, key to successful aging, has implications for financial success, physical health, and well being. While poor decision making has been linked with increased risk of mortality, age-related cognitive decline, and dementia, less is known regarding its associations with chronic disease indicators. We investigated the associations of decision making with blood pressure (BP) values [i.e., SBP, mean arterial pressure (MAP), and pulse pressure (PP), separately] in a community-based cohort study of aging.
METHODS: Participants were 908 nondemented older adults (age ∼81 years; 75% women) from the Rush Memory and Aging Project. Decision making was measured using questions designed to simulate materials used in financial and healthcare settings in the real world and yielded a total score and domain-specific health and financial decision making scores. Two seated and one standing BP measurement were taken with all three contributing to average SBP, MAP that is, [SBP + (2 × DBP)]/3, and PP, that is, SBP - DBP. Participants were queried about hypertension status and antihypertension medications were visually inspected and coded. Participants also underwent medical history and cognitive assessments.
RESULTS: In separate multivariable linear regression models, total decision making scores were inversely associated with SBP, MAP, and PP after adjusting for age, sex, education, antihypertension medication use, diabetes, and cumulative cardiovascular disease burden (P values = 0.03). Decision making remained associated with these BP values after additional adjustment for global cognition.
CONCLUSION: Poorer decision making is associated with higher BP values in nondemented older adults.",Melissa Lamar; Robert S Wilson; Lei Yu; Christopher C Stewart; David A Bennett; Patricia A Boyle,2020,Journal of hypertension,"Journal Article; Research Support, N.I.H., Extramural",eng,"Aged, 80 and over; Aging / physiology; Antihypertensive Agents / therapeutic use; Blood Pressure / physiology; Cognitive Dysfunction; Cohort Studies; Decision Making / physiology; Female; Humans; Hypertension / drug therapy, epidemiology; Male",,,,
33344109,10.1007/s13670-019-00304-7,https://pubmed.ncbi.nlm.nih.gov/33344109/,"Synthetic review of financial capacity in cognitive disorders: Foundations, interventions, and innovations.","PURPOSE OF REVIEW: Financial capacity (FC) is a complex, multi-dimensional construct that changes over the lifespan and commonly becomes impaired as individuals age and develop dementia. Impaired FC results in several important negative outcomes including loss of independence and increased victimization and abuse. The goal of this review is to synthesize current knowledge of the assessment and intervention of impaired financial capacity in order to propose its further development in the context of technological advancements.
RECENT FINDINGS: Current methods of assessing FC are based on conceptual foundations that include judgment, procedural, and other pragmatic skills. The neurocognitive correlates of FC include basic arithmetic skills, attention, and visual memory. These cognitive domains are presently assessed through clinical and neuropsychological evaluation as well as instruments specifically designed to assess financial capacity. Despite having a firm conceptual and neurocognitive foundation, current assessment methods of FC are limited by their ability to be flexible, individualizable, or scalable.
SUMMARY: Computer and software technologies such as artificial intelligence, virtual reality, and the internet of things are exciting tools to achieve the ultimate goal of developing measures that allow patients to maintain or support maximal independence in financial functioning. These tools will allow for contemporaneous and ecologically valid assessment and would be useful to legal professionals and clinicians in determinations of financial competency and capacity. Moreover, interventions that provide safety and monitoring while allowing patients maximal autonomy of preserved financial abilities are needed.",Milap A Nowrangi; Gorkem Sevinc; Vidyulata Kamath,2019,Current geriatrics reports,Journal Article,eng,,Alzheimer’s dementia; Financial Capacity; financial abuse; instrumental activities of daily living; technology and dementia,,,
31752798,10.1186/s12889-019-7711-3,https://pubmed.ncbi.nlm.nih.gov/31752798/,Health & Wealth: is weight loss success related to monetary savings in U.S. adults of low-income? Findings from a National Study.,"BACKGROUND: Many individuals aspire to attain various goals in life, such as committing to a healthful diet to slim down or saving for retirement to enhance future welfare. While these behaviors (weight loss and saving) share the common denominator of self-regulation, it is unclear whether success in one domain is related to the other. Therefore, we examined the relationship between long term weight loss (LTWL) success and monetary savings among U.S. adults who at one point in life diverged from normal weight status.
METHODS: Data on 1994 adults with a maximum BMI ≥ 25 kg/m2 and with an annual household income equal or less than 200% poverty level. Data were derived from a U.S. population-based study (NHANES). The independent variable was LTWL success (loss maintained for at least 1 year), which was operationalized as < 10% (reference group), 10.00-19.99%, and ≥ 20.00%. The dependent variable was monetary savings (e.g., 401 K), defined as a 3-category ordinal variable. We employed ordered logistic regression to estimate the relationship between LTWL success and increased odds for higher overall savings.
RESULTS: Multivariable analysis revealed that adjusting for income, education and other covariates, being in the highest LTWL category (≥20.00%) significantly reduced the likelihood of monetary savings in comparison to the reference group (OR = 0.55, 95%CI = 0.34-0.91). This relationship was not observed in the lower LTWL category (10.00-19.99%).
CONCLUSIONS: Adults who in the past were overweight or obese and who presently exhibit high levels of LTWL, were markedly less successful when it came to their finances. This might stem from significant cognitive-affective resources exerted during the weight loss process coupled with a paucity of financial resources which impede financial decision making. This supposition, however, warrants future research.",Kerem Shuval; Bob M Fennis; Qing Li; Amir Grinstein; Meike Morren; Jeffrey Drope,2019,BMC public health,Journal Article,eng,Adult; Female; Humans; Income / statistics & numerical data; Male; Nutrition Surveys; Poverty; United States; Weight Loss,Monetary savings; Self-regulation; Weight loss,,,
31383048,10.1017/S1355617719000705,https://pubmed.ncbi.nlm.nih.gov/31383048/,Impaired Financial Capacity in Late-Life Depression: Revisiting Associations with Cognitive Functioning.,"OBJECTIVES: Impairment in financial capacity is an early sign of cognitive decline and functional impairment in late life. Cognitive impairments such as executive dysfunction are well documented in late-life major depression; however, little progress has been made in assessing associations of these impairments with financial incapacity.
METHODS: Participants included 95 clinically depressed and 41 nondepressed older adults without dementia. Financial capacity (assessed with the Managing Money scale of the Independent Living Scale), cognitive functioning (comprehensive neuropsychological evaluation), and depression severity (Hamilton Depression Rating Scale - 24) were assessed. T tests were used to assess group differences. Linear regression was used to analyze data.
RESULTS: Depressed participants performed significantly lower on financial capacity (t = 2.98, p < .01). Among depressed participants, executive functioning (B = .24, p < .05) was associated with reduced financial capacity, controlling for age, gender, education, depression severity, and other cognitive domains.
CONCLUSIONS: Our results underscore the importance of assessing financial capacity in older depressed adults as they are likely vulnerable to financial abuse even in the absence of dementia. It will be valuable to assess whether treatment for depression is an effective intervention to improve outcomes.",Ruth T Morin; Mitzi M Gonzales; David Bickford; Daniel Catalinotto; Craig Nelson; R Scott Mackin,2019,Journal of the International Neuropsychological Society : JINS,"Journal Article; Research Support, N.I.H., Extramural; Research Support, Non-U.S. Gov't; Research Support, U.S. Gov't, Non-P.H.S.",eng,Aged; Aging / physiology; Cognitive Dysfunction / physiopathology; Major Depressive Disorder / physiopathology; Executive Function / physiology; Female; Humans; Male; Middle Aged,Aging; Cognition; Cognitive dysfunction; Depression; Functionally impaired elderly; Neuropsychology,,,
31343233,10.1037/neu0000571,https://pubmed.ncbi.nlm.nih.gov/31343233/,Financial decision-making in adults with ADHD.,"OBJECTIVE: Attention-deficit/hyperactivity disorder (ADHD) in adulthood is associated with problems in multiple domains of everyday life, including financial decision-making (FDM). Research on FDM in adults with ADHD is, however, limited and FDM has never been examined in an objective standardized manner in these patients. The aim of the present study is to explore FDM abilities of adults with ADHD, using both subjective and standardized objective measures.
METHOD: Adults with ADHD (n = 45) and healthy controls (n = 51) completed a comprehensive test battery, including an evaluation of their personal financial situation, a neuropsychological assessment and standardized tests and questionnaires measuring various aspects of FDM.
RESULTS: Adults with ADHD reported to have a significantly poorer financial situation than healthy controls, including having less income, more often debts and less often a savings account. Furthermore, adults with ADHD showed significantly lower scores than healthy controls in standardized tests measuring financial competence and capacity (i.e., understanding bank statements/protocols and evaluating financial problems) as well as in a test measuring decision making with implications for the future. Furthermore, compared with healthy controls, adults with ADHD reported more often to buy on impulse and to use an avoidant or spontaneous decision-making style. A mediating effect of numeracy was found for 2 measures of FDM (i.e., financial competence and capacity); however, group differences on these measures remained statistically significant.
CONCLUSIONS: Adults with ADHD have difficulties with several aspects of FDM. These difficulties may at least partly explain the poorer financial situation of adults with ADHD. (PsycINFO Database Record (c) 2019 APA, all rights reserved).",Dorien F Bangma; Janneke Koerts; Anselm B M Fuermaier; Christian Mette; Marco Zimmermann; Anna K Toussaint; Lara Tucha; Oliver Tucha,2019,Neuropsychology,Journal Article,eng,Adult; Attention Deficit Disorder with Hyperactivity / physiopathology; Decision Making / physiology; Female; Humans; Income; Male; Middle Aged; Socioeconomic Factors; Young Adult,,,,
31504079,10.1093/arclin/acz033,https://pubmed.ncbi.nlm.nih.gov/31504079/,The Screening Utility and Ecological Validity of the Neuropsychological Assessment Battery Bill Payment Subtest in Older Adults with and without Dementia.,"OBJECTIVE: The Neuropsychological Assessment Battery Bill Payment subtest has shown strong diagnostic accuracy in dementia due to Alzheimer's disease (AD) versus non-AD. Its relationship to mild cognitive impairment (MCI) or all-cause dementia has not been fully examined nor has its ecological validity as a proxy of financial independence.
METHOD: We describe 270 women (63%) and men (age = 72 ± 8.39) who completed Bill Payment during outpatient neuropsychological evaluation. Seventy-one were cognitively normal (CN), 160 had MCI, and 39 had Dementia. Two hundred fourteen were independent in money management, 31 were assisted (had oversight/some help), and 25 were dependent (relied on others). Receiver operating characteristic (ROC) curves tested Bill Payment's utility as a dementia screen. Kruskal-Wallis tests examined whether Bill Payment differed by levels of financial independence.
RESULTS: At a cutoff of 17, Bill Payment had strong sensitivity (0.87) and specificity (0.80) for dementia versus CN cases. A cutoff of 15 distinguished dementia from MCI (Sn = 0.64, Sp = 0.85), whereas a cutoff of 16 distinguished dementia from functionally unimpaired cases (MCI + CN) with greater sensitivity and similar specificity (Sn = 0.74, Sp = 0.81). Sensitivity attenuated in MCI versus CN cases (Sn = 0.46, Sp = 0.83). Those who were independent in money management had higher scores than assisted and dependent cases (p ≤ 0.046). Assisted and dependent cases were no different (p > 0.05).
CONCLUSIONS: Bill Payment is a valid screen of all-cause dementia. Lower Bill Payment scores may mark subtle functional decline beyond cognitive impairment alone. Specifically, results provide preliminary evidence of Bill Payment's ecological validity as a measure related to financial independence. It may prove useful when impaired financial abilities are suspected but unreported.",Lauren E Kenney; Seth A Margolis; Jennifer D Davis; Geoffrey Tremont,2019,Archives of clinical neuropsychology : the official journal of the National Academy of Neuropsychologists,Journal Article,eng,"Aged; Aged, 80 and over; Alzheimer Disease / complications, diagnosis; Case-Control Studies; Cognition; Cognitive Dysfunction / diagnosis; Dementia / complications, diagnosis; Female; Financial Management; Humans; Male; Mass Screening; Middle Aged; Neuropsychological Tests; Psychometrics; ROC Curve; Sensitivity and Specificity",Dementia; Ecological validity; Everyday functioning; Financial capacity; Mild cognitive impairment; Neuropsychological Assessment Battery,,,
31430394,10.1111/jgs.16136,https://pubmed.ncbi.nlm.nih.gov/31430394/,Advancing the Science of Deprescribing: A Novel Comprehensive Conceptual Framework.,"Polypharmacy is common in older adults and associated with inappropriate medication use, adverse drug events, medication nonadherence, higher costs, and increased mortality compared with those without polypharmacy. Deprescribing, the clinically supervised process of stopping or reducing the dose of medications when they cause harm or no longer provide benefit, may improve outcomes. Although potentially beneficial, clinicians struggle to overcome structural, organizational, technological, and cognitive barriers to deprescribing, limiting its use in clinical practice. Deprescribing science would benefit from a unifying conceptual framework to prioritize research. Current deprescribing conceptual frameworks have made important contributions to the field but often with a focus on specific medication classes or aspects of deprescribing. To further this relatively nascent field, we developed a broader deprescribing conceptual framework that builds on prior frameworks and includes patient, prescriber, and system influences; the process of deprescribing; outcomes; and dissemination. Patient factors include patients' biology, experience, values, and preferences. Prescriber factors include rational (eg, based on explicit knowledge) and nonrational (eg, behavioral tendencies, biases, and heuristics) decision making. System factors include resources, incentives, goals, and culture that contribute to deprescribing. The framework separates the deprescribing decision from the deprescribing process. The framework captures the results of deprescribing by examining changes in clinical structures, performance processes, patient experience, health outcomes, and cost. Through testing and refinement, this novel, more comprehensive conceptual framework has the potential to advance deprescribing research by organizing the existing evidence, identifying evidence gaps, and categorizing deprescribing interventions and the settings in which they are applied. J Am Geriatr Soc 67:2018-2022, 2019.",Amy Linsky; Walid F Gellad; Jeffrey A Linder; Mark W Friedberg,2019,Journal of the American Geriatrics Society,"Journal Article; Research Support, N.I.H., Extramural; Research Support, Non-U.S. Gov't; Research Support, U.S. Gov't, Non-P.H.S.",eng,"Deprescriptions; Drug-Related Side Effects and Adverse Reactions / prevention & control; Humans; Models, Theoretical; Outcome and Process Assessment, Health Care; Polypharmacy",behavioral economics; clinical decision making; health services for older adults; implementation science; polypharmacy,,,
31305319,10.1097/WAD.0000000000000334,https://pubmed.ncbi.nlm.nih.gov/31305319/,Association of TDP-43 Pathology With Domain-specific Literacy in Older Persons.,"BACKGROUND: Low health and financial literacy may be an early behavioral manifestation of cognitive impairment, dementia, and accumulating Alzheimer pathology. However, there are limited studies investigating the behavioral features associated with hyperphosphorylated transactive response DNA-binding protein-43 (TDP-43), a common age-related pathology, and even fewer studies investigating the neurobiological basis underlying low literacy in aging.
OBJECTIVE: To test the hypothesis that TDP-43 pathology is associated with lower literacy.
MATERIALS AND METHODS: Data came from 293 community-based older persons who were enrolled in 2 ongoing studies of aging. Participants completed literacy and cognitive assessments, consented to brain donation, and underwent detailed neuropathologic evaluation for Alzheimer disease (AD) and TDP-43. Linear regression models assessed the association of TDP-43 with literacy after adjusting for demographics, and AD pathology. Posthoc pairwise comparisons examined whether the level of literacy differed by TDP-43 stage.
RESULTS: TDP-43 pathology was associated with lower literacy (estimate=-3.16; SE=0.86; P<0.001), above and beyond demographics and AD pathology, and this association persisted even after additionally adjusting for global cognition (estimate=-1.53; SE=0.74; P=0.038). Further, literacy was lower among persons with neocortical TDP-43 pathology compared with those without TDP-43 pathology.
CONCLUSIONS: TDP-43 pathology is associated with lower health and financial literacy in old age, above and beyond AD pathology.",Alifiya Kapasi; Lei Yu; Christopher C Stewart; Julie A Schneider; David A Bennett; Patricia A Boyle,2019,Alzheimer disease and associated disorders,"Journal Article; Research Support, N.I.H., Extramural",eng,"Aged; Aged, 80 and over; Alzheimer Disease / genetics, pathology; Brain / pathology; Cognitive Dysfunction / pathology; Cohort Studies; DNA-Binding Proteins / genetics; Female; Humans; Literacy; Longitudinal Studies; Male; TDP-43 Proteinopathies / pathology",,,,
30968462,10.1002/gps.5118,https://pubmed.ncbi.nlm.nih.gov/30968462/,Anosognosia of financial ability in mild cognitive impairment.,"OBJECTIVES: Although financial ability has been well-studied in mild cognitive impairment (MCI) and Alzheimer's disease (AD) using performance-based financial capacity assessment instruments, research is limited investigating everyday financial problems and declines in persons with AD and MCI and the insight of people with MCI to recognize that financial capacity declines are occurring. To address this gap in the research, we investigated everyday financial activities and skills in a sample of older adults representing the dementia spectrum.
METHODS: Participants were 186 older adults in three diagnostic classifications: cognitively healthy, MCI likely due to AD, and mild AD dementia. Everyday financial ability was assessed using the Current Financial Activities Report (CFAR). The CFAR is a standardized report-based measure which elicits participant and study partner ratings about a participant's everyday financial abilities.
RESULTS: Results showed that both CFAR self- and study partner-report distinguished diagnostic groups on key financial capacity variables in a pattern consistent with level of clinical pathology. Study partner-report indicated higher levels of financial skill difficulties in study participants than did the self-report of the same study participants. Study partner-ratings were more highly correlated with participant scores on a performance-based measure of financial capacity than were participant self-ratings. Results also showed that loss of awareness of financial decline is emerging at the MCI stage of AD.
CONCLUSIONS: People with MCI represent a group of older adults at particular risk for financial missteps and-similar to people with AD-are in need of supervision of their financial skills and activities.",Adam Gerstenecker; Roy C Martin; Kristen L Triebel; Daniel C Marson,2019,International journal of geriatric psychiatry,"Journal Article; Research Support, N.I.H., Extramural",eng,"Aged; Aged, 80 and over; Agnosia / complications; Alzheimer Disease / psychology; Awareness; Cognitive Dysfunction / psychology; Female; Financing, Personal; Humans; Male; Mental Competency / psychology; Neuropsychological Tests",Alzheimer's disease; anosognosia; financial capacity; mild cognitive impairment,,,
30882910,10.1111/jgs.15880,https://pubmed.ncbi.nlm.nih.gov/30882910/,Healthcare and Financial Decision Making and Incident Adverse Cognitive Outcomes among Older Adults.,"OBJECTIVES: To determine if poorer healthcare and financial decision making forecasts adverse cognitive outcomes in old age. Specifically, we hypothesized that poorer decision making would be associated with an increased risk of incident Alzheimer's dementia, an increased risk of incident mild cognitive impairment (MCI), and a more rapid decline in cognition.
DESIGN: An ongoing prospective observational cohort study of aging (the Rush Memory and Aging Project).
SETTING: The greater Chicago area.
PARTICIPANTS: A total of 952 community-based older adults without dementia at baseline.
MEASUREMENTS: Participants completed a measure of healthcare and financial decision making at baseline and underwent annual standardized evaluations to track clinical status and cognitive functions (global cognition, episodic memory, semantic memory, working memory, perceptual speed, and visuospatial ability).
RESULTS: During up to 9 years of follow-up (M = 5.2 y; standard deviation = 2.7), 156 participants developed Alzheimer's dementia (16.4% of 952), 253 participants developed MCI (33.2% of 760), and each cognitive measure declined (all Ps < .001). In Cox proportional hazards models adjusted for age, sex, and education, poorer decision making was associated with an increased risk of incident Alzheimer's dementia (hazard ratio [HR] = 1.17; 95% confidence interval [CI] = 1.10-1.24; P < .001) and incident MCI (HR = 1.16; 95% CI = 1.10-1.22; P < .001). Further, in linear mixed-effects models, poorer decision making among those who were initially free of cognitive impairment was associated with a more rapid decline in global cognition and four of five specific cognitive domains (all Ps < .05).
CONCLUSION: Our results suggest that poorer healthcare and financial decision making heralds adverse cognitive outcomes in old age. J Am Geriatr Soc 67:1590-1595, 2019.",Christopher C Stewart; Lei Yu; Robert S Wilson; David A Bennett; Patricia A Boyle,2019,Journal of the American Geriatrics Society,"Journal Article; Observational Study; Research Support, N.I.H., Extramural",eng,"Aged; Aged, 80 and over; Alzheimer Disease / psychology; Chicago; Cognition; Cognitive Dysfunction / epidemiology, psychology; Decision Making; Female; Financing, Personal; Humans; Incidence; Male; Patient Acceptance of Health Care / psychology; Proportional Hazards Models; Prospective Studies",Alzheimer's dementia; aging; cognition; decision making; mild cognitive impairment,,,
28880732,10.1080/09602011.2017.1359188,https://pubmed.ncbi.nlm.nih.gov/28880732/,Numerical Activities of Daily Living - Financial (NADL-F): A tool for the assessment of financial capacities ‡.,"Financial capacity is the ability to manage one's own finances according to self-interests. Failure in financial decisions and lack of independence when dealing with money can affect people's quality of life and are associated with neuropsychological deficits or clinical conditions such as mild cognitive impairment or Alzheimer's disease. Despite the importance of evaluating financial capacity in the assessment of patients with neuropsychological and psychiatric disorders, only a few tools have been developed. In the present article, the authors introduce the Numerical Activities of Daily Living - Financial (NADL-F) test, a new test to assess financial capacity in clinical populations. The NADL-F is relatively short, yet it encompasses the most common activities involving financial capacities. The NADL-F proved to have satisfactory psychometric properties and overall good validity for measuring financial abilities. Associations with performance on basic neuropsychological tests were investigated, in particular focusing on mathematical abilities as cognitive correlates of financial capacity. Results indicate that the NADL-F could be a useful tool to guide treatments for the enhancement of financial capacities. By sharing all materials and procedures, the authors hope to promote the development of further versions of the NADL-F in different languages, taking into account the necessary adjustments related to different socio-cultural contexts.",Giorgio Arcara; Francesca Burgio; Silvia Benavides-Varela; Roberta Toffano; Patrizia Gindri; Elisabetta Tonini; Francesca Meneghello; Carlo Semenza,2019,Neuropsychological rehabilitation,Journal Article,eng,"Activities of Daily Living / psychology; Aged; Case-Control Studies; Cognitive Dysfunction / diagnosis, psychology; Female; Financial Management; Humans; Male; Mathematics; Neuropsychological Tests; Psychometrics; Surveys and Questionnaires",Activities of daily living; Ageing; Cognitive impairment; Financial capacities; Normative data; Personal autonomy,,,
31332602,10.1186/s41235-019-0178-z,https://pubmed.ncbi.nlm.nih.gov/31332602/,A comparison of the effectiveness of two types of deceit detection training methods in older adults.,"BACKGROUND: In general, people are poor at detecting deception. Older adults are even worse than young adults at detecting deceit, which might make them uniquely vulnerable to certain types of financial fraud. One reason for poor deceit detection abilities is that lay theories of cues to deception are not valid. This study compared the effectiveness of two training methods to improve deceit detection among older adults: valid facial cues versus valid verbal cues to deception. Approximately 150 older adults were randomly assigned to facial training, verbal training, or a control condition. Participants completed a pre-test deceit detection task, their assigned training, and a post-test deceit detection task.
RESULTS: Both training groups significantly improved at recognizing their respectively trained cues after training. However, the facial cue training group were less accurate at detecting deception post-test compared to pre-test and the control group exhibited improved accuracy of deceit detection from pre-test to post-test.
CONCLUSIONS: These results are consistent with the body of literature on deception suggesting people hover around chance accuracy, even after training. Older adults' facial and verbal cue recognition can be improved with training, but these improvements did not translate into more accurate deceit detection, and actually hampered performance in the facial condition. Older adults showed the most benefit from sheer practice at detecting deception (in the control condition), perhaps because this condition encouraged implicit rather than explicit judgments of deception.",Jennifer Tehan Stanley; Britney A Webster,2019,Cognitive research: principles and implications,Journal Article,eng,,Aging; Deceit detection; Emotion recognition; Training; Verbal cues,,,
31188401,10.1001/jama.2019.5765,https://pubmed.ncbi.nlm.nih.gov/31188401/,Low Awareness of Scammers' Tactics Linked to Dementia Risk in Cognitively Normal People.,,Rita Rubin,2019,JAMA,Interview; News,eng,"Aged; Aged, 80 and over; Awareness; Crime Victims / psychology; Deception; Dementia; Fraud; Humans",,,,
31090500,10.1080/07317115.2019.1615797,https://pubmed.ncbi.nlm.nih.gov/31090500/,Innovating Mental Health Treatment for Older Adults.,,Jennifer Moye,2019,Clinical gerontologist,Introductory Journal Article,eng,"Aged, 80 and over; Aging / psychology; Cognitive Aging / psychology; Geriatricians / education; Humans; Mental Health / standards, trends; Mindfulness / methods; Program Evaluation / methods; Randomized Controlled Trials as Topic; Self Efficacy; Stress Disorders, Post-Traumatic / psychology, therapy; Terminal Care / psychology",Aging; PTSD; computer training; financial exploitation; memory skills; mental health; mindfulness; reminiscence; telephone therapy; trauma,,,
31011799,10.1007/s00415-019-09317-w,https://pubmed.ncbi.nlm.nih.gov/31011799/,Financial capacity in frontotemporal dementia and related presentations.,"BACKGROUND: Changes in financial judgement and skills can herald a neurodegenerative dementia and are a common reason for referral for cognitive neurologic assessment. However, patients with neurodegenerative diseases affecting the frontal or temporal lobes may perform well on standard cognitive tests, complicating clinical determinations about their diagnosis and financial capacity.
METHODS: Forty-five patients with possible or probable FTD or Alzheimer's disease and 22 healthy controls completed two financial assessment batteries, the FACT and the FCAI. Patients' performance was compared to study partner estimates of patients' financial abilities.
RESULTS: All three patient groups performed worse than controls on both the FACT and the FCAI. Study partners over-estimated the performance of patients with Alzheimer's disease.
CONCLUSIONS: These initial findings suggest that accurate clinical assessment of financial skills and judgement in patients with possible neurodegenerative dementias requires performance-based assessment.",Sascha Gill; Mervin Blair; Mavis Kershaw; Sarah Jesso; Julia MacKinley; Kristy Coleman; Koula Pantazopoulos; Stephen Pasternak; Elizabeth Finger,2019,Journal of neurology,Journal Article,eng,"Aged; Aged, 80 and over; Decision Making / physiology; Economic Status; Female; Frontotemporal Dementia / diagnosis, psychology; Humans; Judgment / physiology; Male; Mental Competency / psychology; Middle Aged",FTD phenocopy; Financial capacity; Frontotemporal dementia,,,
30693849,10.1080/07317115.2019.1569190,https://pubmed.ncbi.nlm.nih.gov/30693849/,Providing Assistance for Older Adult Financial Exploitation Victims: Implications for Clinical Gerontologists.,"Background and Objective: Despite the growth of financial exploitation research in the past decade, almost none has focused on older urban adults, and especially urban African Americans. The Success After Financial Exploitation (SAFE) program provides individual financial coaching to older urban adults. Methods: We use community education, delivered separately to older adults and to the professionals who serve them, to raise awareness about financial exploitation (FE) and to motivate referrals for financial coaching. This paper describes the program and methodology, and uses case examples and preliminary research to investigate the intersection of FE and physical and mental health functioning. Results: SAFE participants were able to repair their credit scores, reduce new financial burdens, and even recover monies they had lost due to FE. Case examples illustrate how financial scams and identity theft impacts urban older adults. Participants were assessed prior to the provision of services, and SAFE participants performed poorer on executive functioning tasks than participants in the control group. They also reported more physical health problems and anxiety and depressive symptoms. SAFE participants also had significantly higher risk scores on a financial decision-making scale. Conclusion: Study findings advance our understanding of the impacts of FE on cognitive functioning, mental health, and financial decision-making. Clinical Implications: Clinicians need to be more attuned to the financial health of their older clients, who, if they are struggling with financial exploitation, may also be suffering from problems with cognitive functioning and physical and mental health.",Peter A Lichtenberg; Latoya Hall; Evan Gross; Rebecca Campbell,2019,Clinical gerontologist,"Journal Article; Research Support, Non-U.S. Gov't; Research Support, U.S. Gov't, Non-P.H.S.",eng,Black or African American / psychology; Aged; Aging / psychology; Anxiety / psychology; Awareness; Case-Control Studies; Cognition / physiology; Decision Making / physiology; Depression / psychology; Elder Abuse / economics; Executive Function; Female; Geriatricians / ethics; Humans; Male; Mental Health / economics; Middle Aged,Financial exploitation; cognition; financial decision-making; financial literacy; mental health; scams,,,
30059960,10.1093/arclin/acy054,https://pubmed.ncbi.nlm.nih.gov/30059960/,Predictors of Financial Capacity in Young Adults.,"OBJECTIVE: To examine several predictors of financial capacity as assessed via the Independent Living Scales Money Management (ILS-MM) subtest in a regression correlational design.
METHOD: One hundred and five college students were administered measures of financial literacy and financial experience, as well as multiple neuropsychological measures assessing language, processing speed, executive functioning, and arithmetic. Using hierarchical regression analyses, we sought to predict performance on the two subscales of the ILS-MM-Problem Solving and Performance/Information. The former assesses financial knowledge (e.g., defining financial terms such as health insurance) whereas the latter assesses financial abilities (e.g., computing a financial balance).
RESULTS: After controlling for demographic variables, financial literacy and experience predicted the Problem Solving subscale, but not the Performance subscale. Neuropsychological measures did not account for additional variance. In contrast, after controlling for demographic variables and financial literacy and financial experience, neuropsychological measures predicted the Performance but not the Problem Solving subscale. The key predictor was the Arithmetic subtest of the Wide Range Achievement Test4, which is not surprising given the mathematical demands of the task. Measures of executive functioning were not related to this measure.
CONCLUSIONS: Financial capacity is a broad construct, encompassing many financial abilities and concepts. To predict these, a variety of measures is necessary: financial literacy and experience predict knowledge-based items, whereas neuropsychological measures, especially arithmetic, predict performance-based items. Clinical and research implications of these findings are discussed as well as directions for future investigation.",George J Demakis; Kirk V Szczepkowski; Ashley N Johnson,2019,Archives of clinical neuropsychology : the official journal of the National Academy of Neuropsychologists,Journal Article,eng,Economics; Executive Function; Female; Humans; Language; Male; Mathematics; Neuropsychological Tests; Predictive Value of Tests; Problem Solving; Regression Analysis; Young Adult,Executive functioning; Financial capacity; Independent Living Scales,,,
30986827,10.7326/P19-0003,https://pubmed.ncbi.nlm.nih.gov/30986827/,Scam Awareness Measure Related to Development of Alzheimer Dementia.,,,2019,Annals of internal medicine,Patient Education Handout,eng,"Aged, 80 and over; Alzheimer Disease / diagnosis, psychology; Awareness; Cognitive Dysfunction / diagnosis, psychology; Fraud; Humans; Neuropsychological Tests",,,,
30986826,10.7326/M18-2711,https://pubmed.ncbi.nlm.nih.gov/30986826/,Scam Awareness Related to Incident Alzheimer Dementia and Mild Cognitive Impairment: A Prospective Cohort Study.,"BACKGROUND: Decreased scam awareness may be an early indicator of impending Alzheimer dementia and its precursor, mild cognitive impairment, but prior studies have not systematically examined the associations between scam awareness and adverse cognitive outcomes.
OBJECTIVE: To test the hypothesis that low scam awareness is associated with increased risk for incident Alzheimer dementia, mild cognitive impairment, and Alzheimer disease pathology in the brain.
DESIGN: Prospective cohort study of aging.
SETTING: Community-based study in the greater Chicago metropolitan area.
PARTICIPANTS: 935 older persons initially free of dementia.
MEASUREMENTS: Scam awareness was measured via questionnaire, incident Alzheimer dementia and mild cognitive impairment were documented in detailed annual cognitive and clinical evaluations, and Alzheimer disease neuropathology was quantified after death among a subset of persons who died (n = 264). Proportional hazards models examined associations between scam awareness and incident Alzheimer dementia and mild cognitive impairment. Regression models examined associations between scam awareness and Alzheimer disease pathology, particularly β-amyloid burden and tau tangle density.
RESULTS: During a mean of about 6 years (SD, 2.4) of observation, 151 persons (16.1%) developed Alzheimer dementia. Low scam awareness was associated with increased risk for Alzheimer dementia (hazard ratio [HR], 1.56 [95% CI, 1.21 to 2.01]; P < 0.001), such that each 1-unit increase in scam score (indicating lower awareness) was associated with about a 60% increase in dementia risk. Low scam awareness was also associated with increased risk for mild cognitive impairment (HR, 1.47 [CI, 1.20 to 1.81]; P < 0.001). These associations persisted even after adjustment for global cognitive function. Finally, low scam awareness was associated with a higher burden of Alzheimer pathology in the brain, particularly β-amyloid (estimated increase [±SE] in β-amyloid per 1-unit increase in scam score, 0.22 ± 0.10 unit; P = 0.029).
LIMITATION: The measure of scam awareness used here is too weak for prediction at the individual level.
CONCLUSION: Low scam awareness among older persons is a harbinger of adverse cognitive outcomes and is associated with Alzheimer disease pathology in the brain.
PRIMARY FUNDING SOURCE: National Institute on Aging.",Patricia A Boyle; Lei Yu; Julie A Schneider; Robert S Wilson; David A Bennett,2019,Annals of internal medicine,"Journal Article; Research Support, N.I.H., Extramural",eng,"Aged, 80 and over; Alzheimer Disease / diagnosis, epidemiology, psychology; Awareness; Chicago / epidemiology; Cognitive Dysfunction / diagnosis, epidemiology, psychology; Female; Fraud; Humans; Male; Neuropsychological Tests; Prospective Studies",,,,
30962231,10.1136/bmjopen-2018-025278,https://pubmed.ncbi.nlm.nih.gov/30962231/,Goal-directed versus outcome-based financial incentives for weight loss among low-income patients with obesity: rationale and design of the Financial Incentives foR Weight Reduction (FIReWoRk) randomised controlled trial.,"INTRODUCTION: Obesity is a major public health challenge and exacerbates economic disparities through employment discrimination and increased personal health expenditures. Financial incentives for weight management may intensify individuals' utilisation of evidence-based behavioural strategies while addressing obesity-related economic disparities in low-income populations. Trials have focused on testing incentives contingent on achieving weight loss outcomes. However, based on social cognitive and self-determination theories, providing incentives for achieving intermediate behavioural goals may be more sustainable than incentivising outcomes if they enhance an individual's skills and self-efficacy for maintaining long-term weight loss. The objective of this paper is to describe the rationale and design of the Financial Incentives foR Weight Reduction study, a randomised controlled trial to test the comparative effectiveness and cost-effectiveness of two financial incentive strategies for weight loss (goal directed vs outcome based) among low-income adults with obesity, as well as compared with the provision of health behaviour change resources alone.
METHODS AND ANALYSIS: We are recruiting 795 adults, aged 18-70 years with a body mass index ≥30 kg/m2, from three primary care clinics serving residents of socioeconomically disadvantaged neighbourhoods in New York City and Los Angeles. All participants receive a 1-year commercial weight loss programme membership, self-monitoring tools (bathroom scale, food journal and Fitbit Alta HR), health education and monthly check-in visits. In addition to these resources, those in the two intervention groups can earn up to $750 over 6 months for: (1) participating in an intensive weight management programme, self-monitoring weight and diet and meeting physical activity guidelines (goal-directed arm); or (2) a ≥1.5% to ≥5% reduction in baseline weight (outcome-based arm). To maximise incentive efficacy, we incorporate concepts from behavioural economics, including immediacy of payments and framing feedback to elicit regret aversion. We will use generalised mixed effect models for repeated measures to examine intervention effects on weight at 6, 9 and 12 months.
ETHICS AND DISSEMINATION: Human research protection committees at New York University School of Medicine, University of California Los Angeles (UCLA) David Geffen School of Medicine and Olive-View-UCLA Medical Center granted ethics approval. We will disseminate the results of this research via peer-reviewed publications, conference presentations and meetings with stakeholders.
TRIAL REGISTRATION NUMBER: NCT03157713.",Melanie Jay; Stephanie L Orstad; Soma Wali; Judith Wylie-Rosett; Chi-Hong Tseng; Victoria Sweat; Sandra Wittleder; Suzanne B Shu; Noah J Goldstein; Joseph A Ladapo,2019,BMJ open,"Journal Article; Research Support, N.I.H., Extramural; Clinical Trial Protocol",eng,"Adult; Aged; Female; Gift Giving; Health Promotion / economics; Health Services Research; Humans; Los Angeles / epidemiology; Male; Middle Aged; Motivation; New York City / epidemiology; Obesity / economics, prevention & control; Patient Compliance / statistics & numerical data; Poverty; Reward; Risk Reduction Behavior; Weight Loss; Weight Reduction Programs / economics; Young Adult; Randomized Controlled Trials as Topic",BMI; behavioral economics; behavioral intervention; cost-effectiveness; health behavior change; health disparities; overweight; physical activity; quality of life; self-monitoring,,,
30547573,10.1021/acschemneuro.8b00613,https://pubmed.ncbi.nlm.nih.gov/30547573/,6-Phenylpyrimidin-4-ones as Positive Allosteric Modulators at the M1 mAChR: The Determinants of Allosteric Activity.,"Targeting allosteric sites of the M1 muscarinic acetylcholine receptor (mAChR) is an enticing approach to overcome the lack of receptor subtype selectivity observed with orthosteric ligands. This is a promising strategy for obtaining novel therapeutics to treat cognitive deficits observed in Alzheimer's disease and schizophrenia, while reducing the peripheral side effects such as seen in the current treatment regimes, which are non-subtype selective. We previously described compound 2, the first positive allosteric modulator (PAM) of the M1 mAChR based on a 6-phenylpyrimidin-4-one scaffold, which has been further developed in this study. Herein, we present the synthesis, characterization, and pharmacological evaluation of a series of 6-phenylpyrimidin-4-ones with modifications to the 4-(1-methylpyrazol-4-yl)benzyl pendant. Selected compounds, BQCA, 1, 2, 9i, 13, 14b, 15c, and 15d, were further profiled in terms of their allosteric affinity, cooperativity with acetylcholine (ACh), and intrinsic efficacy. Additionally, 2 and 9i were tested in mouse primary cortical neurons, displaying various degrees of intrinsic agonism and potentiation of the acetylcholine response. Overall, the results suggest that the pendant moiety is important for allosteric binding affinity and the direct agonistic efficacy of the 6-phenylpyrimidin-4-one based M1 mAChR PAMs.",Manuela Jörg; Emma T van der Westhuizen; Elham Khajehali; Wessel A C Burger; Jonathan M White; Kwok H C Choy; Andrew B Tobin; Patrick M Sexton; Celine Valant; Ben Capuano; Arthur Christopoulos; Peter J Scammells,2019,ACS chemical neuroscience,"Journal Article; Research Support, Non-U.S. Gov't",eng,"Allosteric Regulation / drug effects, physiology; Animals; CHO Cells; Cells, Cultured; Cricetinae; Cricetulus; Crystallography, X-Ray / methods; Mice; Pyrimidines / chemical synthesis, pharmacology; Quinolines / chemical synthesis, pharmacology; Receptor, Muscarinic M1 / agonists, physiology",Alzheimer’s disease; BQCA; M1 muscarinic acetylcholine receptor; positive allosteric modulator; pyrimidinones; schizophrenia,,,
28535272,10.1093/geront/gnx045,https://pubmed.ncbi.nlm.nih.gov/28535272/,Measures of Financial Capacity: A Review.,"PURPOSE OF THE STUDY: Capacity to manage finances and make financial decisions can affect risk for financial exploitation and is often the basis for legal determinations of conservatorship/guardianship. Several structured assessments of financial capacity have been developed, but have not been compared regarding their focus, validity, or reliability. Therefore, we conducted a review of financial capacity measures to examine these factors.
DESIGN AND METHODS: We searched electronic databases, reference lists in identified articles, conference proceedings and other grey literature for measures of financial capacity. We then extracted data on the length and domains of each measure, the population for which they were intended, and their validity and reliability.
RESULTS: We identified 10 structured measures of financial capacity. Most measures could be completed in 25-30 min, and were designed to be administered to older adults with some level of cognitive impairment. Reliability and validity were high for most.
IMPLICATIONS: Measurement of financial capacity is complex and multidimensional. When selecting a measure of financial capacity, consideration should be made of the population of focus and the domains of capacity to be assessed. More work is needed on the cultural sensitivity of financial capacity measures, their acceptability, and their use in clinical work. Better understanding of when, and to whom, to administer different financial capacity measures could enhance the ability to accurately detect those suffering from impaired financial capacity, and prevent related negative outcomes like financial exploitation.",Angela R Ghesquiere; Caitlin McAfee; Jason Burnett,2019,The Gerontologist,Journal Article; Review,eng,Cognitive Dysfunction / psychology; Decision Making; Financial Management; Humans; Legal Guardians; Mental Competency; Reproducibility of Results,Assessment; Capacity; Dementia; Finances; Financial competence,,,
31159679,10.1080/08946566.2019.1625842,https://pubmed.ncbi.nlm.nih.gov/31159679/,Why are older adults victims of fraud? Current knowledge and prospects regarding older adults' vulnerability to fraud.,"Older adults are disproportionately targeted by various kinds of fraud, which result in irreversible economic losses and great psychological distress. Over the past years, researchers have conducted systematic research on the prevalence, under-reporting, and research methods of fraud victimization in older adults. Research paradigms regarding fraud victimization among older adults have mainly included cognitive, emotion regulation and motivation, and comprehensive paradigms. Factors shown to influence fraud victimization among older adults include cognitive decline, emotional regulation and motivational changes, their overly trusting nature, psychological vulnerability, social isolation, risk-taking, and a lack of knowledge and information regarding fraud prevention. Based on a review of the literature, future research can benefit from constructing a comprehensive fraud victimization theory, improving research methods, extending existing research, exploring physiological mechanisms of elderly fraud, and strengthening prevention and intervention efforts.",Jingjin Shao; Qianhan Zhang; Yining Ren; Xiying Li; Tian Lin,2019,Journal of elder abuse & neglect,"Journal Article; Research Support, Non-U.S. Gov't; Review",eng,Aged; Aging; Crime Victims; Elder Abuse; Fraud; Humans,Older adults; financial fraud; risk factors; victim,,,
30711665,10.1016/j.cct.2019.01.014,https://pubmed.ncbi.nlm.nih.gov/30711665/,"Intervention Comparative Effectiveness for Adult Cognitive Training (ICE-ACT) Trial: Rationale, design, and baseline characteristics.","Age-related perceptual and cognitive declines are associated with difficulties performing everyday tasks required to remain independent. Encouraging improvements in cognitive abilities have been shown for various short-term interventions but there is little evidence for direct impact on independence. This project compares the effect of broad and directed (narrow) technology-based training on basic perceptual and cognitive abilities in older adults and on the performance of simulated tasks of daily living including driving and fraud avoidance. Participants (N = 230, Mean age = 72) were randomly assigned to one of four training conditions: broad training using either (1) a web-based brain game suite, Brain HQ, or (2) a strategy video game, Rise of Nations, or to directed training for (3) Instrumental Activities of Daily Living (IADL) training using web-based programs for both driving and fraud avoidance training, or (4) to an active control condition of puzzle solving. Training took approximately 15-20 h for each intervention condition across four weeks. Before training began, participants received baseline ability tests of perception, attention, memory, cognition, and IADL, including a driving simulator test for hazard perception, and a financial fraud recognition test. They were tested again on these measures following training completion (post-test). A one-year follow-up from training completion is also scheduled. The baseline results support that randomization was successful across the intervention conditions. We discuss challenges and potential solutions for using technology-based interventions with older adults. We also discuss how the current trial addressed methodological limitations of previous intervention studies. TRIAL REGISTRATION NUMBER: NCT03141281.",Jong-Sung Yoon; Nelson A Roque; Ronald Andringa; Erin R Harrell; Katharine G Lewis; Thomas Vitale; Neil Charness; Walter R Boot,2019,Contemporary clinical trials,"Clinical Trial Protocol; Journal Article; Research Support, N.I.H., Extramural",eng,"Activities of Daily Living; Aged; Aged, 80 and over; Aging; Attention; Automobile Driving; Cognition; Female; Humans; Internet; Male; Memory; Occupational Therapy / methods; Problem Solving; Research Design; Socioeconomic Factors; Video Games; Randomized Controlled Trials as Topic",Clinical trial; Cognitive intervention; Comparative effectiveness; IADL,,,
30570450,10.1080/08946566.2018.1556762,https://pubmed.ncbi.nlm.nih.gov/30570450/,Assessment of financial decision making: an informant scale.,"Older adults with cognitive impairment are a population at great risk for financial exploitation. At-risk older adults often have difficulty reporting on their own financial abilities. Collecting information from trusted others is vital for professionals investigating the financial exploitation older adults. There are few reliable, valid, and standardized informant-report measures of financial capacity, and none that assess decisional abilities for an ongoing, real-world financial transaction. The present study sought to examine the psychometric properties of a new informant-report scale of financial decisional abilities in older adults. One hundred fifty participants were recruited to complete the Family and Friends and Interview regarding a known older adult's financial decisional abilities. A factor analysis identified two subscales. The full scale had adequate sensitivity and specificity to detect an informant's current concerns regarding financial exploitation. The Family and Friends Scale is a useful tool for collecting informant-report regarding an older adult's ability to make financial transactions.",Rebecca C Campbell; Peter A Lichtenberg; Latoya N Hall; Jeanne A Teresi; Katja Ocepek-Welikson,2019,Journal of elder abuse & neglect,"Journal Article; Research Support, N.I.H., Extramural; Research Support, Non-U.S. Gov't; Research Support, U.S. Gov't, Non-P.H.S.",eng,"Adolescent; Adult; Aged; Aged, 80 and over; Decision Making; Factor Analysis, Statistical; Female; Financial Management; Humans; Male; Mental Competency; Middle Aged; Psychometrics; Surveys and Questionnaires; Young Adult",Financial decision making; financial exploitation; financial judgment; informant-report,,,
30530520,10.1136/jech-2018-210977,https://pubmed.ncbi.nlm.nih.gov/30530520/,Associations of literacy with diabetes indicators in older adults.,"BACKGROUND: Literacy, the ability to access, understand and utilise information and concepts from diverse sources in ways that promote good outcomes is key to successful ageing. Domain-specific health and financial literacy are particularly relevant to older adults as they face increasingly complex health and financial demands including those related to chronic conditions like type 2 diabetes. We therefore investigated the associations of literacy, including health and financial literacy, with diabetes indicators (ie, haemoglobin A1c and blood glucose) in a community-based cohort study of ageing.
METHODS: Participants were 908 non-demented older adults (age ~81 years;75% women) from the Rush Memory and Aging Project. Literacy was measured using questions designed to assess comprehension of health and financial information and concepts and yielded a total score and domain-specific health and financial literacy scores. Non-fasting haemoglobin A1c and blood glucose samples were collected, participants were queried about diabetes status and medications for diabetes were visually inspected and coded. Participants also underwent a cognitive assessment, medical history and depressive symptom screening.
RESULTS: In separate multivariable linear regression models, total (p values <0.03) and health (p values <0.009) literacy were inversely associated with haemoglobin A1c and blood glucose levels after adjusting for age, sex, education, hypertension, global cognitive functioning and depressive symptoms. Financial literacy was inversely associated with haemoglobin A1c levels in adjusted models (p=0.04). Sensitivity analyses conducted among individuals without diabetes revealed similar results.
CONCLUSION: Lower literacy levels are associated with higher diabetes indicators, particularly haemoglobin A1c which is suggestive of longer-term glycaemic instability.",Melissa Lamar; Robert S Wilson; Lei Yu; Bryan D James; Christopher C Stewart; David A Bennett; Patricia A Boyle,2019,Journal of epidemiology and community health,"Journal Article; Research Support, N.I.H., Extramural",eng,"Aged; Aged, 80 and over; Blood Glucose / analysis; Diabetes Mellitus, Type 2 / blood, therapy; Female; Financing, Personal / statistics & numerical data; Glycated Hemoglobin / analysis; Health Knowledge, Attitudes, Practice; Health Literacy; Humans; Income; Independent Living; Male; Middle Aged",ageing; decision making pr; diabetes; health beliefs si,,,
30470700,10.1136/jech-2018-211153,https://pubmed.ncbi.nlm.nih.gov/30470700/,Employment trajectories in midlife and cognitive performance in later life: longitudinal study of older American men and women.,"BACKGROUND: Although being employed during midlife is positively associated with cognitive function in later life, little is known with respect to cumulative trajectories or durations of time spent in different kinds of work.
METHODS: We investigated the relationships between employment trajectory from ages 31 years to 50 years and cognitive skills at ages 50-78 years among 2521 adults in the US Panel Study of Income Dynamics from 1968 to 2016. Sequence analysis was used to identify prototypical employment trajectories, capturing employment status and high versus lower job skill level at each year of age from 31 years to 50 years. Adjusted and weighted logistic regression was used to estimate relationships between employment trajectory and performance on each of four cognitive tests representing numerical reasoning, verbal reasoning, health literacy and financial literacy. Dose-response relationships between the duration of high-skill employment and cognitive skills were examined.
RESULTS: Seven prototypical employment trajectories were identified, the most common being consistently lower skill employment (44%; 1105/2521). Consistently high-skill and fluctuating skill trajectories were associated with high numerical reasoning scores (OR=1.54, 95% CI 0.99 to 2.40; OR=2.52, 95% CI 1.39 to 4.58, respectively), compared with consistently lower skill employment. There was a dose-response relationship between duration of high-skill employment and numerical reasoning (OR=1.17; 95% CI 1.06 to 1.28), plateauing after approximately 4 years of high-skill employment.
CONCLUSIONS: Sequence analysis of exposure trajectories is a novel method for life course epidemiology that accounts for exposure timing, duration and ordering. Our results using this method indicate that the duration may be more important than the timing of high-skill midlife employment for later-life numerical reasoning skills.",Lindsay C Kobayashi; Justin Michael Feldman,2019,Journal of epidemiology and community health,"Journal Article; Research Support, N.I.H., Extramural; Research Support, U.S. Gov't, Non-P.H.S.",eng,"Aged; Cognition / physiology; Employment / psychology, statistics & numerical data; Female; Health Status; Humans; Longitudinal Studies; Male; Middle Aged; Physical Functional Performance; Socioeconomic Factors; Work Performance; Workplace",ageing; cognition; employment; life course epidemiology; longitudinal studies,,,
29617705,10.1093/arclin/acy030,https://pubmed.ncbi.nlm.nih.gov/29617705/,Declining Financial Capacity in Mild Cognitive Impairment: A Six-Year Longitudinal Study.,"OBJECTIVE: To investigate financial skill decline over a 6-year period in persons with mild cognitive impairment (MCI) presumed due to Alzheimer's disease (AD).
METHODS: Study participants were cognitively normal (CN) older adults (n = 82) and adults with MCI (n = 91) based on consensus conference diagnosis. Participants completed baseline and up to six annual follow-up assessments that included standardized financial skills measurement (Financial Capacity Instrument; FCI; nine FCI domain and two global scores). We examined FCI change over time using mixed-model repeated measures analysis adjusted for baseline age and follow-up duration.
RESULTS: At baseline, the CN group performed better than the MCI group across both global and seven domain scores. Group × Time interaction effects (all p's <.02) were found for all global and domain scores. The largest interaction effects were observed for complex domains of Financial Conceptual Knowledge, Checkbook Management, Bank Statement Management, and Bill Payment (all p's <.0001). Annualized decline in the MCI group's global scores, calculated in relation to CN group performance, was 10-17% over the initial 3-year time span and 22-24% at 6 years. Decline in FCI domain scores ranged from 6% (Knowledge of Assets/Estate) to 22% (Investment Decision-Making) at 3 year follow-up, and from 15% (Basic Monetary Skills) to 37% (Financial Judgment) at 6 year follow-up.
CONCLUSIONS: Over a 6-year period, persons with MCI demonstrated significant declines in multiple financial skills and in particular financial judgment. The findings highlight the importance of ongoing oversight by family members and clinicians of financial skills and activities in persons with MCI.",Roy C Martin; Adam Gerstenecker; Kristen L Triebel; Michael Falola; Tarrant McPherson; Gary Cutter; Daniel C Marson,2019,Archives of clinical neuropsychology : the official journal of the National Academy of Neuropsychologists,Journal Article,eng,"Aged; Aged, 80 and over; Cognitive Dysfunction / psychology; Decision Making; Female; Humans; Judgment; Longitudinal Studies; Male; Middle Aged; Neuropsychological Tests",,,,
30099977,10.1017/S1041610218000820,https://pubmed.ncbi.nlm.nih.gov/30099977/,Predictors of finance management in dementia: managing bills and taxes matters.,"UNLABELLED: ABSTRACTObjectives:Finance management skills deteriorate early on in dementia, and can influence the ability to maintain control over personal affairs. The aim of this study was to assess the contributions of different types of cognition and motor functioning to finance management.
DESIGN: Cross-sectional analysis using secondary data.
SETTING: Community living.
PARTICIPANTS: Baseline data from the Uniform Data Set from the National Alzheimer's Coordinating Centers were obtained and extracted up until December 2016.
MEASUREMENTS: Measures on everyday functioning (Functional Assessment Questionnaire) and cognition (memory, executive functioning, and language), the Clinical Dementia Rating scale, and questions on Parkinsonian motor symptoms (gait disturbance, falls, tremors, and slowness) were included. Data were analyzed using bivariate correlation and linear regression analyses.
RESULTS: A total of 9,383 participants were included in the analysis (Alzheimers disease (AD) = 8,201; behavioral variant fronto-temporal dementia (bvFTD) = 796; Dementia with Lewy Bodies (DLB) = 386). Cognition and motor functioning varied significantly across AD, bvFTD, and DLB, with poorer motor functioning and poorer finance management skills in DLB than in AD and bvFTD. In the regression models, slowness, verbal fluency, executive functioning, and language, followed by age, gender, and diagnosis accounted for 13.8% of the variation in managing bills, and for 11.4% of the variation in managing taxes.
CONCLUSION: Maintaining finance management abilities for as long as possible is important for people with dementia, to avoid potential financial exploitation. Findings from this study highlight avenues to pursue to delay deterioration in managing bills and taxes, and help maintain financial control.",Clarissa M Giebel; Emma Flanagan; Caroline Sutcliffe,2019,International psychogeriatrics,"Journal Article; Research Support, N.I.H., Extramural",eng,"Aged; Aged, 80 and over; Alzheimer Disease / physiopathology, psychology; Analysis of Variance; Banking, Personal; Cross-Sectional Studies; Female; Frontotemporal Dementia / physiopathology, psychology; Humans; Lewy Body Disease / physiopathology, psychology; Linear Models; Male; Mental Processes; Middle Aged; Neuropsychological Tests; Predictive Value of Tests; Visual Perception",activities of daily living; cognition; dementia; finance management; motor disturbances,,,
30664637,10.1038/s41467-018-07863-x,https://pubmed.ncbi.nlm.nih.gov/30664637/,Low-frequency variation in TP53 has large effects on head circumference and intracranial volume.,"Cranial growth and development is a complex process which affects the closely related traits of head circumference (HC) and intracranial volume (ICV). The underlying genetic influences shaping these traits during the transition from childhood to adulthood are little understood, but might include both age-specific genetic factors and low-frequency genetic variation. Here, we model the developmental genetic architecture of HC, showing this is genetically stable and correlated with genetic determinants of ICV. Investigating up to 46,000 children and adults of European descent, we identify association with final HC and/or final ICV + HC at 9 novel common and low-frequency loci, illustrating that genetic variation from a wide allele frequency spectrum contributes to cranial growth. The largest effects are reported for low-frequency variants within TP53, with 0.5 cm wider heads in increaser-allele carriers versus non-carriers during mid-childhood, suggesting a previously unrecognized role of TP53 transcripts in human cranial development.",Simon Haworth; Chin Yang Shapland; Caroline Hayward; Bram P Prins; Janine F Felix; Carolina Medina-Gomez; Fernando Rivadeneira; Carol Wang; Tarunveer S Ahluwalia; Martine Vrijheid; Mònica Guxens; Jordi Sunyer; Ioanna Tachmazidou; Klaudia Walter; Valentina Iotchkova; Andrew Jackson; Louise Cleal; Jennifer Huffmann; Josine L Min; Lærke Sass; Paul R H J Timmers; UK10K consortium; George Davey Smith; Simon E Fisher; James F Wilson; Tim J Cole; Dietmar Fernandez-Orth; Klaus Bønnelykke; Hans Bisgaard; Craig E Pennell; Vincent W V Jaddoe; George Dedoussis; Nicholas Timpson; Eleftheria Zeggini; Veronique Vitart; Beate St Pourcain,2019,Nature communications,"Journal Article; Research Support, Non-U.S. Gov't",eng,"Adolescent; Adult; Aged; Aged, 80 and over; Alleles; Cephalometry; Child; Female; Gene Expression Regulation, Developmental; Gene Frequency; Genetic Loci; Genetic Variation; Genome, Human; Humans; Male; Middle Aged; RNA, Messenger / genetics; Skull / anatomy & histology, metabolism; Tumor Suppressor Protein p53 / genetics; White People",,,,
31686100,10.14283/jpad.2019.26,https://pubmed.ncbi.nlm.nih.gov/31686100/,"Financial Management Skills in Aging, MCI and Dementia: Cross Sectional Relationship to 18F-Florbetapir PET Cortical β-amyloid Deposition.","BACKGROUND: There is a need to more fully characterize financial capacity losses in the preclinical and prodromal stages of Alzheimer's disease (AD) and their pathological substrates.
OBJECTIVES: To test the association between financial skills and cortical β-amyloid deposition in aging and subjects at risk for AD.
DESIGN: Cross-sectional analyses of data from the Alzheimer's Disease Neuroimaging Initiative (ADNI-3) study conducted across 50 plus sites in the US and Canada.
SETTING: Multicenter biomarker study.
PARTICIPANTS: 243 subjects (144 cognitively normal, 79 mild cognitive impairment [MCI], 20 mild AD).
MEASUREMENTS: 18F-Florbetapir brain PET scans to measure global cortical β-amyloid deposition (SUVr) and the Financial Capacity Instrument Short Form (FCI-SF) to evaluate an individual's financial skills in monetary calculation, financial concepts, checkbook/register usage, and bank statement usage. There are five sub scores and a total score (range of 0-74) with higher scores indicating better financial skill.
RESULTS: FCI-SF total score was significantly worse in MCI [Cohen's d= 0.9 (95%CI: 0.6-1.2)] and AD subjects [Cohen's d=3.1(CI: 2.5-3.7)] compared to normals. Domain scores and completion times also showed significant difference. Across all subjects, higher cortical β-amyloid SUVr was significantly associated with worse FCI-SF total score after co-varying for age, education, and cognitive score [Cohen's f2=0.751(CI: 0.5-1.1)]. In cognitively normal subjects, after covarying for age, gender, and education, higher β -amyloid PET SUVr was associated with longer task completion time [Cohen's f2=0.198(CI: 0.06-0.37)].
CONCLUSION: Using a multicenter study sample, we document that financial capacity is impaired in the prodromal and mild stages of AD and that such impairments are, in part, associated with the extent of cortical β-amyloid deposition. In normal aging, β-amyloid deposition is associated with slowing of financial tasks. These data confirm and extend prior research highlighting the utility of financial capacity assessments in at risk samples.",S Tolbert; Y Liu; C Hellegers; J R Petrella; M W Weiner; T Z Wong; P Murali Doraiswamy,2019,The journal of prevention of Alzheimer's disease,"Journal Article; Research Support, Non-U.S. Gov't",eng,"Aged; Aged, 80 and over; Aging / metabolism, psychology; Amyloid beta-Peptides / metabolism; Aniline Compounds; Brain / diagnostic imaging, metabolism; Canada; Case-Control Studies; Cerebral Cortex / diagnostic imaging, metabolism; Cognitive Dysfunction / diagnostic imaging, metabolism, physiopathology, psychology; Cross-Sectional Studies; Dementia / diagnostic imaging, metabolism, physiopathology, psychology; Ethylene Glycols; Female; Financial Management; Humans; Male; Positron-Emission Tomography; Prodromal Symptoms; Severity of Illness Index; United States",Preclinical Alzheimer’s; amyloid PET; financial capacity,,,
31115356,10.22365/jpsych.2019.301.66,https://pubmed.ncbi.nlm.nih.gov/31115356/,Depression and financial capacity assessment in Parkinson's disease with dementia: Overlooking an important factor?,"Depression affects cognitive abilities, such as thinking, concentration and making decisions in both young adults and elders. However, financial capacity (which consists of multiple cognitive domains and specific skills) and depression in Parkinson's disease with dementia (PDD) are little investigated. Sixty participants divided into four groups (PDD with and without depressive symptoms, non-demented elders with and without depression) were examined with the Mini-Mental State Examination (MMSE), the Geriatric Depression Scale (GDS-15) and the Legal Capacity for Property Law Transactions Assessment Scale (LCPLTAS) - full and short form. Results indicated that PDD patients' performance in cognitive functioning and financial capacity is severely impaired, while there is a statistically significant difference between depressed and non-depressed PDD patients. Differences in financial capacity performance indicate that depression should not be disregarded. Further studies on larger PDD population are necessary in order to investigate the decisive role of depression on financial capacity impairment.",V Giannouli; M Tsolaki,2019,Psychiatrike = Psychiatriki,Journal Article,eng,"Aged; Aged, 80 and over; Dementia / complications, economics, psychology; Depression / psychology; Female; Geriatric Assessment; Greece; Humans; Male; Mental Status and Dementia Tests; Neuropsychological Tests; Parkinson Disease / complications, economics, psychology",,,,
30877733,,https://pubmed.ncbi.nlm.nih.gov/30877733/,Are left angular gyrus and amygdala volumes important for financial capacity in mild cognitive impairment?,"OBJECTIVE: The aim of this study was to investigate the importance of specific brain areas for financial capacity in patients suffering from amnestic Mild Cognitive Impairment (aMCI) over time.
PATIENTS AND METHODS: Fifteen aMCI patients underwent assessment of cognitive and mood functioning, as well as quantitative magnetic resonance imaging (for three times a 3 Tesla MRI). We used a detailed neuropsychological examination and a new instrument measuring financial capacity, the Legal Capacity for Property Law Transactions Assessment Scale (LCPLTAS), during a 12-month period.
RESULTS: Spearman and Kendall correlations revealed a number of statistically significant positive relationships at synchronous testing between financial capacity and brain volumes, while repetitive testing revealed that the right amygdala volume correlated with measured financial capacity (r first-third time=.908, P=.000), and the left angular gyrus volume difference showed a similarly strong correlation. In contrast to that, a number of neuropsychological tests correlated with financial capacity, but only MMSE seems to have the strongest correlation (r=.899, P=.000).
CONCLUSION: Financial capacity in Greek aMCI patients strongly correlates with right amygdala and left angular gyrus volumes, a finding that supports that emotion as well arithmetic skills are involved in financial capacity, while the importance of MMSE as the only neuropsychological test with the strongest positive correlation is discussed.",Vaitsa Giannouli; Magda Tsolaki,2019,Hellenic journal of nuclear medicine,Journal Article,eng,"Aged; Amygdala / diagnostic imaging, pathology; Cognitive Dysfunction / diagnostic imaging, pathology, physiopathology; Female; Financial Management; Humans; Magnetic Resonance Imaging; Male; Middle Aged; Neuropsychological Tests; Organ Size; Parietal Lobe / diagnostic imaging, pathology",,,,
30712402,10.1080/02699052.2019.1570340,https://pubmed.ncbi.nlm.nih.gov/30712402/,An examination of financial capacity and neuropsychological performance in chronic acquired brain injury (CABI).,"PRIMARY OBJECTIVE: Financial Capacity (FC) is known to be impaired in the acute and subacute stages of brain injury. The current study sought to examine FC in the context of chronic, moderate to severe acquired brain injury (CABI).
RESEARCH DESIGN: The Financial Competence Assessment Inventory (FCAI), developed in Australia, was adapted to examine the integrity of FC in an American sample.
METHODS AND PROCEDURES: Healthy comparison (HC) participants were recruited from the community, whereas participants with CABI were recruited from a community-based rehabilitation center. Participants completed the FCAI and a neuropsychological battery. FCAI performance in the current study was compared against previously published Australian data. Multiple regression analyses examined group (CABI vs. HC) as a predictor of FC. Bivariate correlations examined the cognitive correlates of FCAI in the CABI group.
MAIN OUTCOMES AND RESULTS: The HC group in the current study obtained similar mean scores as those in the Australian sample. CABI group membership predicted lower performance on each FCAI dimension. In the CABI group, attention, working memory, delayed verbal memory, abstract reasoning and impulsivity were uniquely associated with FCAI dimensions.
CONCLUSIONS: Findings underscore the importance of continued monitoring of FC even after the subacute stage of injury, and identify cognitive impairments that may be particularly detrimental for specific dimensions of FC.",Preeti Sunderaraman; Stephanie Cosentino; Karen Lindgren; Angela James; Maria T Schultheis,2019,Brain injury,"Journal Article; Research Support, Non-U.S. Gov't",eng,"Adult; Aged; Aged, 80 and over; Brain Injury, Chronic / diagnosis, psychology; Executive Function / physiology; Female; Financial Management; Humans; Male; Mathematical Concepts; Mental Competency / psychology; Middle Aged; Neuropsychological Tests",Brain injury; acquired brain injury; cognitive function; financial capacity; financial decision making; financial management; head injury; impulsivity; money management,,,
30431290,10.1037/dev0000620,https://pubmed.ncbi.nlm.nih.gov/30431290/,Cultural differences in the development of a preference for scarce objects.,"Adults value scarce objects, such as rare precious stones and limited edition items. This valuation may derive from an understanding of market forces and sociological considerations, but it may also be related to more basic cognitive and motivational processes. The present studies addressed these possibilities by investigating the development and cross-cultural prevalence of a preference for scarce objects. Children (N = 366) from Israel and Taiwan, ranging from 4 to 11 years of age, were given a choice between a scarce and an abundant reward. We found that whereas a preference for the scarce appeared among Israelis by age 7, it never appeared among the Taiwanese. These findings indicate that a scarcity preference emerges already at age 7, but only among children living in a culture that emphasizes self-individuality. These findings are discussed in light of cultural accounts of the development of self-motivations. (PsycINFO Database Record (c) 2018 APA, all rights reserved).",Gil Diesendruck; Wen-Chi Chiang; Matar Ferera; Avi Benozio,2019,Developmental psychology,Journal Article,eng,"Child; Child Behavior / physiology; Child Development / physiology; Child, Preschool; Choice Behavior / physiology; Cross-Cultural Comparison; Economics, Behavioral; Female; Humans; Israel / ethnology; Male; Taiwan / ethnology",,,,
